Date,full,no_pods,hmm_only,no_decay,no_bandit_a,no_bandit_b,no_bandit_c,buy_and_hold,static_40,benchmark_spx
2015-01-02,100000.0,100000.0,100000.0,100000.0,100000.0,100000.0,100000.0,100000.0,100000.0,100000.0
2015-01-05,99299.41658390881,99142.32257187196,99227.50462367265,99299.41658390881,99299.41658390881,99239.4969001894,99282.7176340379,98785.8122003531,99506.23113504391,98750.64576852597
2015-01-06,99006.63258870238,98548.03464510747,98763.68110700436,99006.63258870238,99006.63258870238,98836.93819418528,98928.73881652279,97816.62467012166,99154.71821754053,97820.53009750546
2015-01-07,100326.80730105069,99526.33707856739,99996.55318631491,100326.80730105069,100326.80730105069,100069.33771950314,100246.36400323149,98947.39122447986,99720.78995682765,99039.50504947078
2015-01-08,101881.3737888915,101023.77215924258,101600.88977171587,101881.3737888915,101881.3737888915,101550.69562812726,101798.31867013586,100804.21003307625,100571.10205288974,100796.96897342098
2015-01-09,100997.85448577079,100239.23662761324,100729.33157723889,100997.85448577079,100997.85448577079,100661.80341357435,100906.3948081402,99828.8164703607,100121.13561165957,99989.19029922664
2015-01-12,101111.7265070317,100034.25643770021,100803.83721887245,101111.7265070317,101111.7265070317,100724.34883937068,101000.72786450238,99452.41857137218,100023.12236490592,99205.91881466855
2015-01-13,100853.09615036238,99923.21053921597,100520.36001122062,100853.09615036238,100853.09615036238,100453.27141711542,100734.44179543803,99373.86659350025,99985.54648094304,98926.89858255185
2015-01-14,99516.48767602278,99072.76229159837,99105.92783368498,99516.48767602278,99516.48767602278,99107.13609492326,99311.61124922079,98149.1273962715,99573.36111138437,98329.62852841365
2015-01-15,99516.46501704362,98703.51938644395,99114.76257509796,99516.46501704362,99516.46501704362,99104.1818035973,99232.38982446997,97236.72864566614,99330.74296063579,97428.86722549617
2015-01-16,99706.59818291926,99250.11799168965,99277.23986930975,99706.59818291926,99706.59818291926,99295.29365626792,99440.6687608804,98273.49967897405,99635.77894911615,98706.60517312802
2015-01-20,99789.06848682826,99337.34983477267,99321.17049312158,99789.06848682826,99779.96838489777,99329.4718589019,99518.70664064845,97850.40875487548,99499.28129511428,98917.07762021053
2015-01-21,100378.98881998938,99873.69734840075,99977.09602626294,100378.98881998938,100360.68391275895,99880.95043753271,100127.50156184591,98471.8819763408,99788.3888187061,99416.4364779681
2015-01-22,101034.00788899933,100727.68949445132,100624.86507253426,101034.00788899933,101065.10026472234,100659.67787761979,100770.56770928754,100046.07079091486,100386.9703544899,100894.8711265582
2015-01-23,100950.872615826,100597.39257075248,100616.81101413783,100950.872615826,100980.07787812997,100582.44969176746,100683.7129706893,99549.53215855567,100179.50784275815,100341.66879754818
2015-01-26,100943.13965436455,100563.41181250557,100535.2494626118,100943.78446323056,100964.94880531607,100534.79928898576,100662.08634838315,99579.20546672585,100168.14837695478,100576.64843426693
2015-01-27,99904.71719082734,99446.99433680763,99326.45282065785,99905.36199969337,99818.74947176184,99514.35017182244,99746.61484900226,98399.20269908172,99722.48135029423,99249.98653979672
2015-01-28,98873.03020601446,98429.01001787283,98369.00868022253,98873.67501488049,98802.37328847176,98494.56648543882,98710.67232201523,97088.02383230314,99258.41760963209,97977.19524630917
2015-01-29,100026.20619943032,99624.35507667436,99595.87641670191,100026.85100829636,99931.08886322747,99706.97493227254,99914.3571860054,98559.74090226367,99818.389607654,98882.82181418026
2015-01-30,98185.5333417841,97760.18572225644,97629.30905787852,98186.17815065011,98087.73165360997,97828.401544299,98052.1865900169,96047.14979745234,98833.05467911909,97639.40297528256
2015-02-02,98856.5310833657,98532.30128346037,98281.79416278812,98864.84669503251,98748.6152583927,98497.7817849477,98744.9215080055,97273.43794013433,99130.27331099186,98848.55696490657
2015-02-03,99312.35567352976,99379.65944446014,98848.55483353119,99317.14916797103,99197.17364491966,99063.84113851543,99278.33278922498,98618.7408531192,99408.16820064228,100278.05862341488
2015-02-04,99024.84419492849,99159.9182355965,98535.97153966918,99056.65984772728,98910.87091128199,98765.89667277092,98929.90955704846,98305.22119728102,99296.68421885451,99896.18958401668
2015-02-05,99437.4928856411,99687.15909127434,98995.66975824862,99470.2057601393,99319.4111508796,99236.4035149832,99358.04325872121,99166.63388766322,99492.53974353976,100904.64687268245
2015-02-06,97948.69658345671,99159.91496646646,97640.13099795596,98049.17446116936,97816.60237654397,97803.07566736474,97807.26264913818,98455.74315377479,99134.74070954593,100625.62664056575
2015-02-09,97540.54015057106,98684.81710649891,97222.32820436491,97637.71057031504,97411.2233213374,97394.95565532584,97424.82756279144,97589.93748504399,98847.92808670504,100175.23694586361
2015-02-10,98594.98234531115,99681.81463426037,98345.60052031906,98693.20375325854,98460.30863273202,98442.79327431736,98477.59718307454,99413.93255006956,99446.37503592114,101242.42105722225
2015-02-11,98122.65795259841,99229.83294682598,97830.48423190173,98220.42785046806,97994.67658658625,97968.50093587677,98037.76986947442,98510.66734054743,99127.01188630017,101301.17500964535
2015-02-12,99262.27159411785,100161.83503207589,99125.39177057141,99361.27753303917,99142.97543420365,99069.7278762793,99328.7048961602,99954.23146664958,99461.28379880288,102275.35840579403
2015-02-13,99233.52097454727,100154.93569673311,99060.38719736149,99332.51508239083,99119.21790925162,99036.39259285144,99327.49568460401,99880.8844967364,99430.07165085453,102696.36660266292
2015-02-17,99536.86254073806,100399.11365072503,99308.30655900485,99640.11750676138,99422.00008644945,99299.72056312473,99621.01075382598,100243.35849730614,99573.9433673213,102857.93318939388
2015-02-18,99237.04252252006,100031.8202048474,99026.01415563135,99313.84147614139,99141.38792610707,99037.3869032338,99286.61768719493,100310.79940713938,99560.25884352443,102867.70893551815
2015-02-19,98495.01717007741,99558.7468047045,98267.95288616567,98632.58417991371,98361.18358837288,98207.59282199484,98699.54438270663,99623.33173627639,99293.78311012992,102794.29588553036
2015-02-20,98994.94388738542,100009.40861547248,98759.66298954134,99129.07163860809,98861.61389780056,98711.90835521699,99168.82785744531,100229.572490052,99506.83099644672,103411.12647516049
2015-02-23,98777.04570970451,99811.22857411158,98548.28406060582,98902.75492938193,98657.4585646916,98499.10561447,98946.89494399926,100033.29999627391,99442.33523260447,103396.40407489194
2015-02-24,99365.35490024112,100452.69954643949,99066.49935997376,99490.49267036132,99245.40210190497,99110.7250554426,99520.34481186276,100851.55645514464,99745.6604976218,103690.14670727718
2015-02-25,99223.25476686363,100281.80200034773,98847.73914263924,99342.8744411133,99103.64077639884,98960.13054742046,99372.5339814247,100361.4832313994,99600.36897528273,103602.02030026425
2015-02-26,99693.27265650357,100675.50619042617,99276.42325831689,99807.19807247771,99573.01836742081,99402.7629559409,99837.75881446504,100866.45569007595,99846.19921679085,103479.64713046444
2015-02-27,99531.48283219578,100506.37219545852,99139.80957236221,99646.1463972021,99411.36786663921,99241.10574502898,99673.95591957541,100600.71275501199,99758.95215603529,103127.15958889949
2015-03-02,99949.98065952999,100782.62900329531,99584.9653020274,100064.500955797,99827.6413585219,99628.56974277219,100148.04795599611,101078.12250677224,99865.44639840825,103778.26407104671
2015-03-03,99583.49156718375,100437.89995871177,99257.49232995653,99697.61019717212,99464.57212006784,99332.04816165022,99748.53608881192,100492.34465604373,99701.36981154235,103352.34539300717
2015-03-04,99451.51453156472,100297.07748410673,99242.8889831211,99565.51509839614,99336.25649941617,99292.97917332643,99647.94474156748,100372.42738921627,99597.5173071941,102916.67809857357
2015-03-05,99991.43996497699,100863.73663820121,99725.66431347022,100106.01162212054,99874.01027846753,99764.00604477494,100205.0536840695,101297.37763932513,99871.47633006284,103029.29360873593
2015-03-06,98773.75263443016,99601.48408106579,98558.13330406572,98887.05587704638,98663.24758929781,98552.20837811929,99000.22914223789,99289.47447434043,99228.35950807238,101580.22237149227
2015-03-09,99230.9791181412,99940.63742467941,98934.38371342127,99358.69359015036,99114.08747916359,98918.86020938025,99410.99422223182,99762.89058937068,99398.26768254561,102001.23961160457
2015-03-10,98310.51742780997,99299.51361064501,98097.28324507801,98419.87491207515,98216.43217274034,98159.46061143269,98670.27702979145,99071.55484801439,99075.3164543786,100346.56119223202
2015-03-11,98065.14544625333,99048.5076695016,97822.31209886706,98221.72824072916,97961.2342281868,97793.98006524987,98444.0194372705,98598.59713707589,98918.44643491547,100111.6086852435
2015-03-12,99039.09107591966,99951.84713856802,98788.71463147618,99188.65829325085,98920.14693263464,98708.9363227359,99302.47171715453,99807.81001910461,99342.99850226767,101384.39093548764
2015-03-13,98765.02538004279,99812.00862892365,98557.71590967868,98908.64170169117,98642.94912339494,98505.31240061493,99085.21412880295,99615.99050202033,99256.61078490055,100762.6950809039
2015-03-16,99925.73866132101,100997.25780501534,99657.1274821223,100069.56209894616,99799.63169582495,99601.61619735093,100188.377750298,101287.34538209734,99880.12289111361,102108.91751086606
2015-03-17,100001.69364104114,101081.31577460853,99709.92388574775,100155.83130010447,99870.29473576267,99604.583730207,100360.99754252765,101165.46780547792,99817.10697552603,101805.39008911312
2015-03-18,100588.60292477973,101622.50291768136,99930.55727863261,100742.11829075348,100451.6666035497,99869.58421685833,100725.94353496582,101797.42301337777,100101.27687777995,103029.29360873593
2015-03-19,100345.09869761973,101384.01353276387,99709.47747568836,100487.78559811223,100202.31199970099,99684.40163694837,100565.48989038974,101508.7070495058,99962.59160008194,102559.28911908138
2015-03-20,101053.51299928954,102172.61962212296,100608.37798998784,101195.8212504514,100917.51847543963,100508.76739759438,101304.66891257753,102571.27372705877,100440.90222918813,103464.56300045956
2015-03-23,100184.95691988542,101170.07332028504,99661.18997544816,100327.67066456485,100055.2811591242,99612.14847943843,100302.59473382076,101697.62153261316,100043.10328759876,103262.98910489072
2015-03-24,99420.79906959964,100360.781114671,98887.38786055916,99562.30545007667,99291.47640020387,98837.37259394444,99537.50650781082,100741.68924650148,99589.92238513433,102682.75652133358
2015-03-25,97679.47418816246,98146.85085502753,97064.34122269318,97815.0677850249,97547.6672769897,96982.86634243742,97609.91477608433,98125.57650626876,98382.09338644799,101178.03316415584
2015-03-26,97545.34624067413,97978.5850399072,96933.62361298953,97681.29101734232,97413.88227129346,96848.61622076845,97469.18137283639,97995.78814398727,98355.08643541676,100937.1121165179
2015-03-27,97862.05809953352,98500.1519808439,97271.62142519688,97998.58178142691,97731.337482187,97204.45469194991,97861.89784510536,98475.07801892662,98517.19801583637,101168.20315857112
2015-03-30,98864.84796624209,99415.26755067203,98268.91297403334,98988.12384240185,98731.62388015221,98198.82247676738,98798.63328574163,99755.57296396601,99144.58828949269,102402.42501892269
2015-03-31,98236.45940423179,98721.03517466127,97619.31905393407,98346.74264118329,98100.06552953568,97586.89728386908,98145.42228482201,98715.43234353517,98789.88072131164,101507.50565124692
2015-04-01,98040.73461287211,98572.3443986154,97283.50939776553,98145.14753089848,97910.95990184371,97310.33420292733,97954.62137134469,98214.74840915758,98534.56545719504,101148.5431474017
2015-04-02,98254.15303530924,98826.75276132072,97471.19855831066,98368.58919299324,98109.27860212281,97553.64759115672,98163.08404144147,98546.75991279603,98687.9851422381,101512.40708917416
2015-04-06,98629.49499327927,99285.27909872553,97895.74854670232,98730.95022572952,98493.20887923517,97864.78173087462,98576.26004755418,99256.60910080289,98862.00556304134,102195.91351245297
2015-04-07,98527.28962999639,99347.15119068386,97867.78553066011,98635.28217212923,98372.6420895066,97900.12197860995,98541.25455525755,99399.58348856257,98889.90251910631,101925.48436157405
2015-04-08,98673.3022144099,99481.72835265979,98042.9347812108,98781.98450945635,98515.63819749963,98101.8710905565,98693.67046211282,99712.43512406993,98998.37628941092,102269.67924893368
2015-04-09,99156.38314061743,100039.74904597491,98637.99558286139,99266.07070665722,99008.47075551347,98683.41800647692,99234.91404061498,100532.73851319395,99250.22211342849,102722.05845718563
2015-04-10,99588.32939708963,100513.66321735473,99064.40556838365,99697.84792016116,99447.58684018956,99084.89581652399,99677.01688308464,101101.19816660868,99456.35563109702,103282.64007281674
2015-04-13,99251.28379019132,100004.87781973906,98683.72807176497,99364.89397732326,99125.29842449482,98759.99280491765,99281.57469290216,100419.04781472242,99191.25050002558,102815.47516159237
2015-04-14,99535.87804941942,100179.96228374015,98959.3401876658,99668.74749114868,99423.29246252276,98988.68544098835,99559.81470140048,100620.97430936944,99308.42001868694,103012.20187869442
2015-04-15,100308.64672246341,100716.75007644815,99589.17219338284,100476.6981003659,100194.57965360637,99652.57058080267,100353.99098922414,101155.22498303733,99558.15224251336,103474.37491955746
2015-04-16,99789.32813500434,100237.2951594171,99071.52527000678,99950.01598262436,99657.63546634704,99145.02800536435,99830.46294938127,100533.22497534266,99303.83967513082,103444.8849028033
2015-04-17,98927.774301097,99355.42985999801,98257.27395322852,99066.02838389235,98755.33144706489,98349.10307890647,98927.02999324026,99455.11297381965,98854.97504260397,102254.90258920468
2015-04-20,99376.1467045522,99763.59571748432,98799.67198285784,99547.61485478023,99244.4625876507,98835.64225533641,99402.46787478456,99912.68118954966,99085.9391291395,103189.17815219295
2015-04-21,98568.83649499017,99102.75789780781,97963.67727433535,98704.7714152795,98451.11594706544,98001.16755044527,98595.34883471631,99364.71260937428,98701.64756833419,103066.25334454526
2015-04-22,99089.08315700109,99510.08257394421,98481.98182085404,99225.4647657942,98978.44951188026,98539.01710013363,99105.2463817329,99916.35522762199,98915.94629294076,103572.76540783871
2015-04-23,99280.12668546956,99761.40330725205,98626.80885522463,99423.38511169753,99137.22607043324,98689.82375474488,99317.85380514152,100149.69495461784,99146.79284449131,103833.3735963763
2015-04-24,99449.66722591277,100055.9148206844,98791.79388388681,99593.23897602216,99300.65942206912,98836.32681326501,99534.16394593168,100314.89366573429,99378.219724461,104074.33081698787
2015-04-27,98957.26861589981,99529.01146182694,98332.96890913199,99091.89635590982,98836.26400711157,98379.59003931141,99011.87187663802,99961.17437855176,99041.17632032029,103641.59353341855
2015-04-28,99272.43099088286,99754.71308642246,98632.22764237357,99405.4512529455,99172.26384114104,98665.7301198607,99313.47011841758,100227.70338911338,99142.6625456043,103971.07506375301
2015-04-29,99038.27310248755,99296.28539058688,98424.50706411173,99168.23221792883,98935.48787666576,98477.05189097437,99089.33900135191,99712.8893218638,98816.07870038546,103543.23921811093
2015-04-30,98511.09942506332,98684.0788384268,97942.25157559695,98650.25016106131,98412.15371378404,98015.66500775031,98515.92240075415,99138.2753363778,98491.04103766565,102505.70790188778
2015-05-01,99588.07582474359,99799.62241551137,99060.8829291515,99731.49962888422,99496.8020095131,99093.87097629935,99556.82139505175,100287.99762431408,99065.70449211098,103617.03208432187
2015-05-04,100245.3209133128,100347.96165601768,99656.23946502319,100386.33829208901,100137.65020770386,99733.67206144694,100252.39021134755,100853.00357747226,99365.66009842583,103912.04077078427
2015-05-05,99023.62557812742,98989.0199081055,98364.32512313941,99160.166073428,98903.64505777738,98468.94125534223,99023.30333682135,99267.67601989173,98397.94726281625,102722.05845718563
2015-05-06,98684.04151413232,98737.13092977945,98033.41902186835,98821.43201818125,98571.05893177178,98149.21771762162,98705.18719884811,99097.8415531594,98260.91813298961,102299.16926568783
2015-05-07,99537.03939646934,99492.00896746237,98901.69424595019,99675.19325915395,99431.94696216015,98984.73366779285,99521.96299841588,99966.69065617894,98778.22018510084,102707.29988394344
2015-05-08,99574.11223503799,99673.3037406776,98794.55590098347,99708.8961832994,99394.07545842601,99020.99482762997,99667.9183992664,99214.24219627703,98770.35863314064,104059.57224374569
2015-05-11,99141.15375158432,99145.25458943,98359.89842023986,99273.83902977762,98956.59166934835,98582.93241111594,99219.37160521171,98588.85044664478,98360.22799600684,103562.90827252377
2015-05-12,99057.01030270556,99074.00624814045,98245.71689563348,99173.91021360131,98872.72139430139,98530.878949326,99167.793928704,98834.88885677507,98310.84611997384,103253.13196957577
2015-05-13,98961.80116472622,99111.77710985209,98134.7954628653,99086.79413742517,98760.54928297356,98441.43632326138,99142.87240133453,98888.24056838217,98283.58259019538,103272.82815371883
2015-05-14,99894.79933761942,100041.06482190642,99053.61655282127,100036.1148158517,99696.82657997089,99364.19639440786,100020.40634652288,99944.29293045907,98706.72587398626,104349.65236255062
2015-05-15,100263.79761724676,100308.47266735884,99490.65085306577,100418.5020939826,100084.4784829057,99772.21954347182,100287.48496216032,100312.5914356725,98890.17058718274,104462.79238083065
2015-05-18,101036.24181584979,100977.22345348402,100260.28798380324,101197.494085825,100860.4456925115,100507.55370355926,100985.49033801074,100864.22190411219,99197.30725379623,104787.34534350765
2015-05-19,100233.04604782781,100384.4126167115,99267.84094349833,100392.21269240562,99977.06179440799,99566.02030672792,100275.27716158684,100244.86947223004,98840.14578249562,104752.8905861224
2015-05-20,99718.31893482103,99932.81077294456,98764.60481262318,99874.87367405306,99459.13532811709,99046.55771173089,99756.95007732783,99880.53697597797,98562.14969864095,104679.1519793719
2015-05-21,99701.55318191428,99897.59564917414,98749.61534513244,99859.60124986197,99449.24700375511,99042.03893490582,99745.77439782834,99683.34645178402,98508.69985088869,104983.99971466244
2015-05-22,99329.98113347006,99611.86762539399,98385.62618544162,99483.70626769755,99078.73585537446,98678.48392707427,99371.20747328887,99341.45732842587,98249.81284791841,104733.23057495296
2015-05-26,98318.06526492423,98591.22516201828,97372.31183120741,98468.10003600735,98064.18563164119,97661.96284525373,98351.76869250802,98415.20528091934,97661.18582012097,103607.18399225033
2015-05-27,99095.92646028998,99359.05875761359,98143.63698292826,99366.91505853963,98955.47025529594,98402.91517438254,99295.463092564,100004.56244038824,98102.38478658801,104590.62766964901
2015-05-28,99405.3909308399,99590.01649662139,98401.08626023727,99696.49905423526,99273.26757100888,98719.00178643936,99531.92361917651,100413.26272595015,98218.12772665225,104472.62238641537
2015-05-29,98923.90445483633,99080.77359836253,97871.9348759135,99255.5199498248,98826.63125441561,98202.96092705024,99043.88285611093,99949.92407959221,97997.6531831122,103823.52550430477
2015-06-01,99436.2181150357,99564.69462843133,98319.30429775562,99787.75107960691,99345.38549167925,98670.36645781639,99504.6553862594,100613.37067964897,98213.3379609229,104034.9927081622
2015-06-02,98923.56845280682,99088.16211967538,97863.09694356134,99239.85012904943,98804.80240344189,98175.80112014712,99019.08675842479,99844.74718165622,97991.0713247843,103931.7098251971
2015-06-03,98624.45255675267,98980.44045007086,97679.17593294973,98929.89828620348,98535.57718982929,97983.9347125199,98742.0359535943,99550.08823214035,97919.98070165618,104207.0856302203
2015-06-04,98552.50163640054,98587.38396856117,97447.04494683964,98879.12988977686,98432.30658692855,97741.3842436406,98640.66117797828,99508.07511907963,97761.1621550149,103326.87961956966
2015-06-05,98505.11499627461,98264.5856806142,97471.04661173752,98839.53639889983,98407.32214127095,97755.23687667803,98361.12454854287,99346.16524613887,97671.10250048009,103149.91238931454
2015-06-08,97698.93701201645,97540.74243273839,96671.31219235212,98029.95980912459,97604.02043894552,96959.97663017736,97596.53127777553,98311.05707821366,97314.89150944387,102515.53790747249
2015-06-09,97917.66445305756,97701.23674180807,96911.48268210312,98251.26914410589,97824.84318046439,97192.62367213146,97769.52581936432,98544.25148153814,97411.59347556724,102500.7793342303
2015-06-10,98419.97951591336,98295.22140787056,97427.2317689103,98751.28781985263,98345.8167352932,97722.3388599754,98274.36996992126,98919.44020517734,97782.19959188168,103730.10879989804
2015-06-11,98878.4516788264,98697.66858393021,97874.62018493298,99230.9217970936,98807.16957514791,98206.59035314324,98697.07078216845,99411.26247309017,98040.55994136885,104064.47368167294
2015-06-12,98007.7560899922,97883.99383945616,96974.9920732982,98345.69144412345,97936.43953641232,97273.82013274141,97828.8075212367,98357.62257040036,97550.40507429017,103267.87245633114
2015-06-15,97583.13829430171,97415.94789071046,96547.12880812932,97949.16198470877,97516.76266690428,96832.9026434577,97358.95785382064,97925.55893791463,97281.8807547199,102825.31421042049
2015-06-16,98262.43769001219,98073.50816885741,97227.6737132752,98626.08378039472,98193.89205122965,97544.05414877544,98045.37269550536,98655.31667717783,97678.13590935965,103385.87773956478
2015-06-17,98503.59916501425,98439.53213751662,97407.15992579145,98863.295977898,98449.30587973545,97672.00241707389,98277.04539262284,99215.43642716993,97939.65384842169,103553.09635342586
2015-06-18,99701.13502705019,99497.43927121264,98517.87544114291,100061.6855335156,99624.95022455917,98770.17554032008,99425.43177624795,100456.32469791808,98712.63832927053,104629.99290820492
2015-06-19,98867.26885683494,98734.83111199911,97802.56677688929,99220.94887264958,98805.82070691089,98036.28045063262,98644.14519075937,99757.85053110463,98255.9950889698,104165.49575378597
2015-06-22,99385.95806409318,99072.49971567185,98233.83985361776,99740.8862845287,99287.894450979,98521.55718741682,99152.70144550232,99971.50604041266,98448.31576233609,104699.14659054745
2015-06-23,99329.76481946939,98775.95240110505,98129.80911399046,99678.02137270871,99188.3431843597,98504.64331990099,99111.46607173591,99274.6426607739,98198.11831779825,104773.25597027768
2015-06-24,98596.17082393085,98094.73211456915,97334.19800186594,98934.28847874948,98476.06439274403,97762.67744995681,98401.32578989895,98550.51174121369,97818.86007653877,104012.303210451
2015-06-25,98187.12620610947,97670.14652680722,96879.05419208655,98543.42751613249,98056.40814601215,97300.76392597592,97982.85202284009,98324.63809637706,97608.31152661364,103696.07907495297
2015-06-26,98532.1818499431,97946.45417257442,97308.52556856562,98880.7404835601,98409.34207083314,97666.3162634041,98304.46394392752,98288.56405005092,97750.34965243895,103676.32863134945
2015-06-29,96609.9082874177,96293.27218130406,95533.49075400794,96876.11223268032,96530.21649843865,95990.20618366235,96397.68526380944,96453.17361919796,96823.97636114893,101502.21535385311
2015-06-30,96770.68721356509,96317.29866054044,95677.75153149964,97085.6287386278,96661.65363534083,95988.49804634886,96524.88860875208,96439.98389913268,96809.96527073986,101714.66827124203
2015-07-01,97613.63789533553,97302.87903492428,96449.49238750657,97959.41978107675,97515.0593418669,96862.03679000064,97504.39159771494,97471.60012347727,97360.6802751976,102529.93475097835
2015-07-02,97444.49352169191,97530.16610698456,96435.73236114848,97713.21586140161,97340.82659138646,96877.63311580471,97344.66200607803,97642.4566717178,97430.64756312461,102436.10205737484
2015-07-06,97301.04250706044,97737.3933049979,96349.44711446196,97573.8645402811,97216.97261489116,96934.91387413052,97381.36240072924,97486.89235734857,97454.22658976328,102144.56597638119
2015-07-07,97285.41213771055,98647.05956126933,96576.05247661009,97499.93989297125,97244.47656422027,97419.62248825803,97688.35768906918,97830.71146331972,97795.07787975301,102786.90755566585
2015-07-08,96023.59308600728,97428.44785108053,95322.50714313783,96202.99354462103,95961.41870276551,96149.13571690448,96366.1593679018,96670.63502225878,97164.27539216398,101062.41529718197
2015-07-09,95825.31352619003,97305.70681667165,95112.58926470784,96024.63775567754,95777.18153658448,95989.64365194381,96238.97640254573,96561.89804292073,97147.92852402761,101245.23350592221
2015-07-10,96568.30584940754,98108.4872245871,95880.74528494058,96773.11038252563,96524.59118838473,96772.58780640106,97004.52612333497,97596.65787711405,97661.43875068666,102520.09570215023
2015-07-13,97358.31334218134,98933.60262321119,96660.84137719143,97581.66477021847,97316.29824642025,97606.77685872623,97843.10427194295,98452.10638607237,98158.88282487985,103651.61344711483
2015-07-14,97458.06391165723,99129.88844522074,96765.65351839931,97692.60333763821,97417.70505600495,97783.22806510984,98010.22157592725,98659.78461928618,98219.10933450633,104101.2615958575
2015-07-15,97657.46316849478,99313.73110352585,96957.44973706141,97892.05906671981,97617.93858041656,97941.45968553743,98232.44843044093,98808.33606948752,98319.74545164578,104066.69831955136
2015-07-16,98577.37482367862,100332.16389454267,97903.70303338743,98799.58502595159,98532.47388200814,98844.32007548328,99187.6996030495,99862.61634006652,98829.7595131819,104901.74237262142
2015-07-17,97940.61906256476,99719.40448716159,97258.0575488351,98155.64630124162,97896.88869661196,98220.69838584759,98546.06016037648,99175.85735516482,98460.01284987482,104990.70075802792
2015-07-20,97681.85218902005,99353.90557532724,96982.183691667,97903.95121673481,97639.06231618808,97951.6401620465,98254.60033567852,98714.19224994587,98263.38549569994,105045.05065091122
2015-07-21,97272.63235020399,98999.3899464326,96537.29217294582,97503.9693397919,97228.92531537462,97551.65860319769,97831.96472193822,98467.18621767726,98096.32573437423,104629.98386496151
2015-07-22,97789.83269055565,99356.24966884975,97015.24466291034,98036.2563580848,97740.24686126968,98039.80770050034,98374.15746196301,98601.94875668509,98171.25558077052,104442.20995883358
2015-07-23,97356.85720815111,98981.293980059,96583.19996122064,97603.47687454641,97314.06326072477,97597.2496009717,97914.06283309343,98410.44755256902,98054.5111182471,103854.22731567563
2015-07-24,96864.4913093718,98338.11390012549,96098.77017832515,97115.02483200589,96827.96358476576,97125.05830432975,97394.24323665832,97558.61594700237,97638.66521622721,102777.0323338641
2015-07-27,96779.00906432362,98102.86151506525,96010.31907254421,97019.16416025913,96751.4484197468,97085.38376858729,97262.9113155652,97170.85426762764,97466.50246076644,102179.12925268734
2015-07-28,97269.68286178398,98691.40466631539,96487.05679953183,97496.57806936346,97246.43357931045,97585.5390225505,97731.40304393749,98030.4496932779,97876.80643849114,103434.19578909481
2015-07-29,98045.0663933326,99476.17539658386,97203.66626598017,98280.73551343501,98018.10268440546,98295.6282579895,98520.90176741402,98825.26807939792,98300.48922522514,104145.76339666928
2015-07-30,98236.92494696764,99650.30034276223,97393.34211192439,98471.22511246387,98211.52595873155,98478.31213934466,98711.26874053836,98970.03378831806,98378.84852070245,104170.45145117366
2015-07-31,98169.21065141524,99554.5518539254,97307.27732643532,98383.86322508848,98149.94037980287,98358.77200006529,98634.50201638302,98821.84313038098,98327.42252647161,104012.303210451
2015-08-03,99344.8999786801,100484.56941623858,98480.79337005489,99550.17159045415,99345.41767768931,99467.06005424974,99791.02369185277,99650.83068894665,98795.58988964252,103661.49771216
2015-08-04,98892.65135809455,100116.11441871265,98039.65298906185,99116.59315933482,98881.91228072841,99052.43034701892,99331.03463932726,99459.06234155537,98652.7691544021,103458.90193008602
2015-08-05,99358.80728906396,100752.11431122645,98457.14916018069,99601.17506341296,99326.67572505784,99480.52891592529,99762.61149482145,100202.0950085474,99284.33985981086,103799.8412498187
2015-08-06,98773.03289633039,100023.13119746881,97896.77087659661,99011.55843919376,98751.51481625185,98890.52802030825,99182.18833287922,99422.7510346531,98767.31111889589,102949.95723431576
2015-08-07,99622.89920525326,100726.43654044587,98653.767584671,99863.49433713636,99601.78204158385,99677.14861526483,99966.855037976,101722.53836964746,99479.8040586778,102752.29001989926
2015-08-10,100206.5348152503,101564.00042212533,99171.11049871464,100454.32073050187,100155.39731517599,100252.31566348663,100548.98675733364,102945.95513140284,100067.24531131107,104046.9026597308
2015-08-11,99996.01020471475,101237.1579953902,98992.36610482306,100241.193190061,99953.69444505249,100021.37011146374,100312.75648058359,102584.55902844657,99955.59928459747,103108.09643179501
2015-08-12,100289.81584816177,101189.0444901873,99250.35623819067,100509.53645210681,100239.22945930455,100056.1258641204,100457.91632345904,102754.51179689718,99970.07547587594,103231.62713675106
2015-08-13,100600.57027338979,101455.75794300453,99511.21619139118,100822.12010337728,100548.28532981036,100382.46232658108,100767.16632982579,102598.23344340143,99950.85474025163,103103.14977765072
2015-08-14,100861.55977280119,101777.34943763367,99773.82387110194,101086.88384476732,100823.49095218531,100686.35154355237,101062.36022622883,102880.2831703692,100119.39268743467,103478.66141693294
2015-08-17,101197.50275811905,102060.2145732007,100158.14535146972,101432.36632203174,101166.90681951054,101072.03595499246,101394.22254081204,102976.40309042957,100239.11496427658,104056.76883828915
2015-08-18,100986.90148812733,101710.5252880837,99878.53556139191,101234.68165640598,100940.23952391873,100939.77303717076,101174.4752636452,102131.47140742688,99736.50387053346,103755.41179495418
2015-08-19,100377.82806911861,101031.06490224498,99238.96176277769,100626.41055920761,100330.10763768657,100325.83164573516,100554.37121279332,101530.39614119522,99406.97772442555,102935.15344485654
2015-08-20,99080.3715925658,99586.10659507493,97983.02798164437,99304.78834130219,99056.35294774857,99073.18018296389,99228.83691579984,99862.84362411463,98796.67292143102,100785.70109213436
2015-08-21,96821.81048933839,97054.33645008029,95788.23095447297,97021.01559745714,96844.89082712206,96832.5592396346,96948.52665029751,97225.20192805884,97598.25237606942,97751.81953408993
2015-08-24,92958.82269095244,93204.90868485956,91976.57298212737,93133.50463340864,92996.64095434018,93027.27046612155,93067.09352906798,93469.43093041483,95839.37016232214,93635.79634008968
2015-08-25,91279.95994456335,91696.8814767556,90295.28755564762,91466.78253055943,91289.3708636637,91310.80704258083,91398.12802786382,91833.3076961047,95102.64628773414,92533.93139026058
2015-08-26,94231.56203497603,94866.37972035097,93538.7816595022,94493.66441876539,94210.55082749772,94666.8604451856,94357.10762305159,95988.26417849855,96463.2828732274,96086.64190912044
2015-08-27,94965.02109737016,95730.24932421565,94401.70686404739,95239.91159530147,94943.88448052047,95570.38096687269,95149.58820373271,97954.88435213004,96815.14373288504,98463.37809842099
2015-08-28,94501.85987302574,95343.96672980508,93815.39479809193,94744.4061017359,94480.57492657026,94942.48939400962,94716.41176774642,97380.88224031692,96645.82478195391,98468.32475256527
2015-08-31,93078.2955395607,94235.42366360703,92722.68364233492,93337.15230896107,93057.2510814065,93895.09898500588,93423.36301860298,96182.35293583224,96325.31899324674,97672.754456972
2015-09-01,91288.34390481572,92468.13123334572,91064.03109904754,91549.92140944286,91267.32360978294,92201.99403865804,91596.67623685894,93218.35003545728,95719.52954152314,94757.44790649593
2015-09-02,91812.7505000306,93146.85817827139,91712.5259575698,92098.96833831097,91791.32972965747,92859.73048544649,92157.2028538565,94572.17756197702,95957.9637193238,96556.05858795345
2015-09-03,91689.0705226401,93045.98402404047,91604.95171448284,91983.65407440784,91668.54258170119,92749.63962460251,92026.50654099254,94654.15451793696,95966.63487392435,96625.23940002621
2015-09-04,91115.78269062859,92436.49282238263,91028.56777505245,91407.81871670256,91094.32724218087,92175.35869626235,91441.45899746793,93149.721960487,95741.04443508429,95162.63947064389
2015-09-08,92424.23226435106,93678.79177361961,92298.6863402607,92703.32219936016,92401.61048209674,93484.18922059672,92757.72742838235,96206.86731996769,96238.67421215338,97554.16136291683
2015-09-09,91733.93461055923,92912.45658959498,91596.72727302296,92013.01370862628,91724.06629970271,92705.35253003878,92060.72762137545,94455.07167629126,95715.14285418007,96249.70967425716
2015-09-10,92041.72080078584,93218.7108712584,91899.39880763169,92315.3993449684,92036.21212349957,92985.66874460486,92361.2745999634,94834.17793927235,95757.83387293837,96773.44007299985
2015-09-11,92166.28708205027,93350.60414053308,92029.74418223546,92447.27409110303,92159.84818822333,93119.6185099123,92488.93946258642,95134.75346760622,95848.8445867683,97213.23108642758
2015-09-14,92293.89282312167,93476.12877677815,92152.49166590479,92570.55934465336,92285.35727320821,93260.8747255182,92619.69515668621,95158.51753114357,95856.16217061324,96852.52323660458
2015-09-15,92671.2664413014,93837.27216263316,92505.9990390823,92923.2408913048,92661.4663867374,93642.6763896375,92996.23463321834,96041.88665559444,96046.12429811593,98063.1060586871
2015-09-16,92746.00331966362,93913.59516753837,92583.26604892536,92999.93626130793,92739.33093002715,93729.92422327376,93080.05475919736,96760.30017722379,96224.64713453244,98912.9719877032
2015-09-17,92901.9016062975,94073.00495862908,92742.3886672163,93158.97589057672,92898.67846790877,93889.72302437497,93241.65539270747,96706.29114754172,96222.09048980559,98690.65289175595
2015-09-18,92377.93821402141,93549.1832403445,92234.5608799113,92645.3863164765,92389.80693843038,93369.961251124,92738.16331129854,95305.39288700487,95845.04788412598,97077.880862337
2015-09-21,92369.7170938387,93545.14954488425,92236.04441945875,92644.66270488422,92391.17325127093,93367.87206162716,92744.15257021852,95898.57212139136,95974.69201245693,97579.56383365048
2015-09-22,92183.67805823113,93348.13835259696,92030.8423665806,92442.98968879823,92185.8662125218,93167.34897134699,92528.80252396165,94876.99723011181,95769.64013357484,96313.01237811458
2015-09-23,92045.93347316311,93182.45810102593,91902.56331120103,92305.52822492286,92052.02303524237,93041.31120529443,92380.44388202151,94868.02304000802,95757.69521690346,96159.03307260311
2015-09-24,91906.4237990683,92922.76935438091,91790.52209882988,92165.88661124223,91921.50360299225,92940.0832296372,92182.25393401945,95203.55923235584,95800.01473805547,95811.35653653134
2015-09-25,91486.12754493913,92160.46724685298,91396.90818941714,91746.57849263484,91501.82085408989,92549.20285973411,91574.19631046141,95690.57008283919,95850.85950122816,95786.514746889
2015-09-28,91447.47800431756,92331.53249151571,91345.5795645653,91704.77536526564,91462.75664859255,92493.73740854263,91652.46756811024,94732.58104692094,95684.30159551813,93382.53126519955
2015-09-29,92092.10840154771,93216.77331265845,91977.59794442393,92353.02530827385,92113.84466492609,93134.04087820264,92433.37674203384,95308.7257658359,95813.09559171452,93437.15245538509
2015-09-30,93050.21286705944,94162.18013767971,92748.187014227,93297.43982096281,93083.86329929376,94164.91005441312,93423.47593990163,97081.53239194857,96227.20516256453,95180.55413583554
2015-10-01,92585.98361641019,93771.6009760853,92287.03282635825,92834.66425104844,92616.01962564322,93633.53640267704,92967.15273833032,96383.12672798388,95986.11809180352,95428.8906430682
2015-10-02,93416.9390981698,94505.0766035758,93104.55249794645,93669.52270511346,93448.1657814462,94548.91498897983,93781.05599460313,97660.21476885864,96419.66704142233,96854.39518799007
2015-10-05,94488.95619359784,95507.34266748512,94075.14184001379,94739.05083470128,94518.69587318899,95648.08606479544,94833.99958345896,99473.94680140163,96980.80016298358,98577.88364645565
2015-10-06,94270.34618183265,95292.55948240937,93742.97542082559,94506.1956477535,94316.86077152244,95478.2220282324,94632.38428127664,99341.63471784964,96853.34926492126,98240.1637213763
2015-10-07,94721.05665469074,95714.30571134959,94230.21213835162,94936.70114693159,94758.16928367325,95923.2782608887,95082.92009426476,100121.51113337632,97132.13572490044,99044.79534686459
2015-10-08,95041.31914288015,96024.26522564446,94626.39913597741,95209.02139475037,95139.8394129711,96266.27367440198,95425.45018434517,100591.94637737285,97307.1013409293,99938.79230371273
2015-10-09,95003.06827868577,95928.17626122425,94574.92370299133,95169.63383264033,95107.58046899497,96201.39666418583,95380.28437535095,100475.61285582288,97274.34793215938,99998.41440750302
2015-10-12,95314.64279623321,96220.17139161371,94880.2337717646,95472.04394426923,95429.05458396053,96509.60793900155,95686.09506171459,100943.30000761099,97436.28773121281,100092.80778219784
2015-10-13,95095.66548277823,96086.35181173476,94678.52435063591,95261.57275594716,95221.52527191797,96306.78449666956,95474.27575585086,100744.28559615869,97341.90641706553,99462.01442474544
2015-10-14,91527.8835259476,93806.30394028833,90803.09470626319,91786.57999853755,91897.18372640092,92225.51805892389,92039.98940746441,99368.30551082811,96210.97869156068,98985.19132956112
2015-10-15,92705.1335668144,94921.49681799221,91817.96687372774,92994.60378869825,93127.38408474598,93196.13399325502,93230.88981274427,100845.90825489123,96771.49315356571,100505.04403296078
2015-10-16,93069.62468857277,95384.49572614292,92092.71274123936,93369.11118374139,93513.29577069347,93455.06921022579,93603.01875736455,101653.34593603383,97017.0030757332,100961.99912237728
2015-10-19,92949.96219829947,95271.66410042265,91997.52935562118,93253.55654392992,93396.63983507459,93355.89020958747,93487.52742625869,101486.8875580398,96954.5451542364,101011.65557193173
2015-10-20,92841.23070028148,95258.3564439439,91909.81362564728,93152.30612333899,93292.96440291428,93278.9721167411,93391.52840724343,101485.74911200405,96939.41079616283,100882.54518579281
2015-10-21,92836.39277674048,95204.15492039513,91858.4559592084,93151.08340479675,93303.93894090447,93243.27602281791,93351.18315478522,101003.86542452955,96826.03467673733,100256.6984824847
2015-10-22,94111.31726500405,96507.85233640185,93107.30053120424,94433.39003391362,94578.87730393195,94496.45108519724,94645.54489159337,103094.91216292237,97504.55904628654,101950.41658365047
2015-10-23,94007.25345380229,96462.26702563788,92995.01664269615,94334.19268828016,94461.54533363189,94402.67608287252,94560.89292692019,103299.27204040784,97539.13449809968,103067.97156079281
2015-10-26,93629.310515029,96116.67833801362,92624.83537205536,93956.5583315404,94078.13205019786,94036.43683156684,94192.46907922541,102903.2497333722,97396.0683144799,102814.65222644222
2015-10-27,93732.44015631342,96167.44571584156,92717.95263106332,94059.73062154705,94184.64694881988,94120.2135209629,94280.42903146721,102766.38897888392,97385.64093588914,102615.972168764
2015-10-28,93377.94217070073,95797.54202484693,92301.26614543238,93706.50830177628,93827.5172190294,93713.49040280964,93921.49269033426,103483.52134288415,97542.54612728645,103783.19263870419
2015-10-29,93313.48885227209,95671.23451595118,92235.0413438895,93648.08807361018,93764.52962136861,93608.30613802187,93845.9528357368,102417.45668440302,97309.5896346873,103723.60670788753
2015-10-30,93508.69502302006,95862.104464549,92429.1727281429,93839.7703301514,93959.64737611182,93823.2618566778,94046.04672190426,102727.60752376348,97358.6738619491,103276.59918622006
2015-11-02,93857.55532682288,96143.72809028081,92772.07052758845,94194.32026836558,94311.56218153096,94139.13013448527,94387.00077412049,103712.19981408444,97662.09068878493,104498.4408463458
2015-11-03,93797.72373848318,96128.35918060962,92713.58378999699,94133.82338342645,94251.17404624345,94088.88927212148,94330.48436913468,103682.75242646651,97657.38116208922,104801.42567349423
2015-11-04,94051.47343212337,96367.44649674708,92967.8677665569,94393.74946690371,94540.38050768529,94412.79785964247,94575.77729637947,103465.3148479792,97695.54589403354,104483.52853796566
2015-11-05,93658.15190131814,96008.45194237484,92458.8489916538,93945.63858203302,94083.87295514994,93844.77675179795,94200.42734039616,103255.62300918135,97618.78159989354,104379.23281173885
2015-11-06,92887.61118007489,95463.67289139137,91694.97188386653,93134.2733345128,93222.76754621348,92830.32701667366,93464.05609554824,107118.16823481076,98108.70264280235,104324.57544857968
2015-11-09,92505.73198932307,95089.29229353205,91418.34868078934,92789.13691345238,92879.33821273928,92576.24952038426,93105.3464105385,106358.69960797664,97841.47606980805,103351.10646866025
2015-11-10,92643.51027995619,95202.74519567171,91477.31985176742,92900.81679233193,92995.0380272656,92642.79903315826,93235.36515103953,106032.0669649944,97850.32929612996,103589.47732165706
2015-11-11,92625.0423943121,95265.75461943031,91384.82786779599,92846.17616931602,92982.47393886925,92592.79269157529,93180.9130133336,105579.1514043829,97826.28030484702,103182.22389801205
2015-11-12,91981.3035119239,94985.82710866831,90685.041867194,92174.61686511757,92355.43587948954,91928.7089132363,92547.11389834546,104757.79382258878,97516.08727857607,101741.81608795346
2015-11-13,91620.05872574983,94646.67901994316,90323.63567543398,91810.5187927376,91994.11454384375,91573.06576709425,92188.71326959116,103749.72922540501,97305.4607726553,100599.41027792537
2015-11-16,92616.18559277867,95715.6972566566,91295.41491318226,92800.43210729721,92999.38771476758,92588.90256584926,93193.47285235218,105596.4522244575,97882.72187526376,102129.22863556088
2015-11-17,92640.90421885831,95521.10301256648,91319.80333681151,92862.68813756182,93004.69616920492,92587.48096700932,93266.6891497304,105749.58243809124,97900.56770027406,102054.69422339047
2015-11-18,93181.55574014048,96225.80858978027,91920.74776110373,93410.80159224776,93619.56510246849,93122.13654535633,93860.88786173312,107203.13134167003,98308.54203335068,103673.94121508968
2015-11-19,93402.63439151316,96341.4643325348,92077.63966507782,93630.69370514294,93801.46067777902,93336.15950993211,94055.40737761463,107520.94897368594,98372.60058531136,103584.53971075619
2015-11-20,93497.70047015362,96349.5402098009,92180.08672568886,93728.17265313823,93907.64750755584,93398.2276618754,94140.5350693387,107756.35684299818,98396.13281562697,103962.00469061459
2015-11-23,93328.03393485055,96240.40695403061,92016.75304284421,93559.39287879269,93746.87284487407,93211.22105836745,93976.10480365176,107065.07314464722,98332.79266877941,103842.79665600766
2015-11-24,93038.35547841022,95915.82752793966,91744.21464030948,93268.01274329603,93457.05649204088,92933.67002494098,93686.7374721936,107000.18360858569,98160.44013539478,103981.89078286923
2015-11-25,92982.30161681413,95864.04133237843,91656.52917169176,93216.33613888454,93416.71541110109,92846.30809434787,93654.71893827523,106943.73058272903,98149.21235735781,103966.96038800228
2015-11-27,93153.395628147,96071.46718648048,91863.78362837892,93383.69082843402,93588.50138409705,93045.93993310841,93810.75090772392,107400.85269424312,98258.81708929369,104086.1503361224
2015-11-30,92563.64885886479,95687.16223050265,91386.07111866263,92830.45980857562,92990.85480258727,92612.932414352,93259.43908749285,107195.97155292206,98040.94700898869,103654.03703634824
2015-12-01,93336.17436096953,96451.33375677526,92176.12726551153,93592.04113022985,93769.98158457386,93367.64620786298,94020.59072743423,108935.84605893925,98446.61344881795,104642.45449762142
2015-12-02,92539.58052234197,95591.68266340652,91247.51208703262,92774.64821462757,92991.48916912058,92464.73400990454,93192.87497964641,107774.8460821848,97913.68560261378,103574.59214300716
2015-12-03,91805.4391182085,94947.57017256701,90441.49595892121,92081.84599070622,92261.1925608958,91751.55010770644,92464.98911582316,107034.35601741301,97497.52294318855,102124.26389492977
2015-12-04,93450.2994435396,96580.75170372997,92086.51559102634,93692.18596836628,93922.3125813164,93369.24175723815,94089.81314113199,109961.67193313468,98559.1370349085,104115.97495288265
2015-12-07,93713.45805941251,96749.31519496888,92291.95279811874,93953.68163162812,94177.86335047621,93631.38000692826,94354.1776655316,109379.59063349657,98563.00594427431,103485.19968191707
2015-12-08,93253.05914341635,96291.59934674205,91912.3082308119,93507.17845606033,93696.89751651936,93178.67166694844,93924.66645578228,109250.72664941913,98280.6934932553,102789.81043679989
2015-12-09,92663.60185816891,95594.85173230874,91294.86202443365,92926.15594267574,93107.61260602955,92575.74592575978,93344.12535852699,107947.54130195324,97869.73558058206,101990.14355194272
2015-12-10,92621.95457747768,95597.27763319178,91178.79111648213,92863.68064002242,93055.82040997755,92533.81950551552,93322.73685472447,108244.64147019578,97906.18834456214,102253.41949728572
2015-12-11,92112.68477706963,94972.37781027988,90643.2146775906,92363.50485499605,92554.7298641533,91952.56501551732,92772.03508550485,106969.41857859824,97510.671002822,100271.60174762142
2015-12-14,92643.03319387164,95445.02089582905,91122.56331407,92895.51960808707,93092.62318250819,92442.26955349151,93302.37003434004,107565.27784845806,97755.23604091503,100778.21328659236
2015-12-15,93299.65795855563,96236.24051772151,91855.91069420592,93538.67513165592,93717.18457646477,93265.54593215967,93994.2654792541,108925.13364100289,98228.30810686116,101836.19137616146
2015-12-16,94627.68076166284,97728.63161351353,93128.52714659068,94875.00720501592,95046.6542229033,94614.13092143544,95322.83180998857,110929.6765126055,99166.68086103507,103326.22850604428
2015-12-17,93493.6124792358,96683.73558351544,92020.91757100107,93738.54732843806,93909.3724555382,93496.54543377983,94172.58808316165,109334.05569441502,98530.71018793198,101751.74556921567
2015-12-18,92464.82572997389,95582.97798465102,91030.44181162873,92710.89955952179,92874.956334171,92440.92796569805,93149.9811063808,107564.7871184003,97820.90606832855,99939.02742804134
2015-12-21,92907.7718037593,96170.32545286484,91537.4749807257,93156.79132572204,93323.87106654095,92914.34857767067,93611.04544127613,108838.61470287271,98174.06132348166,100763.44567010677
2015-12-22,93619.37800854721,96753.0162003211,92205.2653837727,93870.94104532695,94033.8268446556,93592.05788627034,94329.79893548854,109492.48042593086,98519.92546746187,101677.78088137996
2015-12-23,94167.56266815565,97305.27713148386,92706.9754350599,94422.1087645007,94583.07365767352,94121.66436849671,94884.04380914354,110461.38486993244,98911.28120128092,102936.89879083431
2015-12-24,94112.92849455033,97289.44928429122,92624.8736587046,94367.1159606395,94533.22971312112,94029.13372840958,94822.8690487025,110503.2077029833,98897.66577843977,102767.01242016781
2015-12-28,93949.45375870747,97138.07564113163,92480.66019391238,94204.45343554128,94367.63738068707,93881.96054287723,94663.49757842698,110294.46095694698,98804.78054654074,102532.1955618304
2015-12-29,94736.61832402658,97910.39172010493,93277.05444373007,94992.42928617299,95156.44247845962,94680.08613699497,95460.5463216671,111559.81980718854,99276.81536193035,103626.40992773617
2015-12-30,94586.40869603981,97693.37766078147,93076.00407543321,94839.00906088282,94999.5795500167,94483.51308923657,95303.06003568719,111126.8147184975,99166.98072195704,102891.94482785213
2015-12-31,93996.2608582448,97086.88772684793,92496.24875025908,94246.07115751007,94403.51025332132,93896.77946848457,94712.55708073145,110011.22603238876,98763.38315752523,101862.66094961728
2016-01-04,93248.3119275347,96177.65309709376,91778.84907575193,93485.23264428038,93638.53869590335,93143.21624563147,93953.22559325845,108297.91749965919,98190.03676331273,100438.68471283138
2016-01-05,94169.3690051754,96941.79814604929,92697.98779907459,94397.47275356531,94554.44372508027,94037.76772704604,94867.95670674751,109486.94047829925,98687.26764232724,100608.53491052425
2016-01-06,93726.84029897275,96132.89211701711,92211.0720246272,93953.01821707789,94077.70259895157,93640.59935834665,94371.01393529275,107793.12997786135,98280.6941506768,99339.45134683407
2016-01-07,93401.96237276171,95245.71863018024,92054.73322839534,93701.73665437478,93713.5809287449,93540.03353098092,93912.57933427746,105902.01393321998,97874.95455952219,96956.13167633236
2016-01-08,92224.82060717102,94173.95807064619,90895.04655655308,92505.41885427553,92528.75406353021,92331.91020510497,92728.1259879857,104324.0946924972,97268.41829092798,95891.91374881161
2016-01-11,92454.09728145286,94308.58568541524,91174.30132292827,92770.00496590562,92755.88482629429,92603.98250866719,92944.02993768852,104470.48654094446,97355.36913512128,95986.8225883807
2016-01-12,92502.57227122839,94541.48307298167,91194.3901035842,92792.4996089258,92819.15699706918,92605.8491463024,93013.67941146073,104968.37703109614,97454.239551098,96761.29499710262
2016-01-13,91326.98371684345,93376.5008679685,90046.82445930634,91633.62791496178,91634.28055152138,91408.1870350612,91843.20819636027,102708.66712567692,96841.36781974635,94347.99697470272
2016-01-14,92028.52892454804,93967.8325778228,90882.06569424494,92349.2959366416,92308.39587190961,92245.48454841258,92498.53255638077,103245.74445559607,97203.08134835528,95896.91466241634
2016-01-15,90659.40099092663,92553.1043715896,89599.19691972077,91004.49302858535,90904.44061467094,90898.29988794358,91102.07790456538,100560.0271725447,96489.0912199922,93838.38307892025
2016-01-19,91320.16463445974,93199.46607431327,90270.97774160057,91698.21925988876,91555.0922119946,91516.60304834282,91776.79526119176,101514.80624068358,96819.4414655685,93963.27931363095
2016-01-20,89607.61125558816,91582.53191334038,88418.40216466851,89929.43543917191,89830.7956921467,89802.87110741324,90039.11358013665,99929.74033950931,96024.35904974656,92759.12623761165
2016-01-21,89875.44659836707,91820.7635223937,88638.44110804389,90210.21889966479,90110.86364870364,90128.17764786794,90260.70691570375,100400.85897820596,96169.22563032442,93278.73291736019
2016-01-22,90922.2239324042,92962.71876759556,89726.9662592727,91288.91364430133,91165.44197662361,91189.40727876026,91371.4531720189,102275.39179659497,96769.96211227043,95192.40982794369
2016-01-25,90964.81757135186,92926.2594663563,89731.08363745174,91377.19768675682,91222.050537732,91295.70283663947,91355.89154079686,101895.98019961714,96721.12024250254,93753.43085034359
2016-01-26,92139.21078225841,93816.27902139074,90820.75704234643,92300.74519843751,92330.6530702614,92140.14068243923,92412.56417196589,103749.69556725545,97435.48670994121,95032.51624124325
2016-01-27,91972.12388071736,93727.12638099298,90711.11336561994,92190.37385077629,92178.59326080784,92048.51443527601,92285.1642030563,103607.12457188741,97452.1759791819,93998.23144940365
2016-01-28,92345.6792086337,93991.98317765867,91208.1006244973,92618.76293658075,92589.9465418182,92547.56826940704,92668.8098230606,103763.43756354024,97632.2874702324,94487.91403671444
2016-01-29,94391.41147248904,95961.24864236912,93297.69953089731,94710.9584984328,94668.2899005358,94672.81609604202,94724.95148792642,107350.08705894086,98760.93717315595,96791.255262514
2016-02-01,94815.3735988944,96285.59573734373,93894.84310323786,95180.61768694103,95112.44354923368,95200.08909475032,95103.10038842552,107652.85156342875,98966.47128040058,96756.28504025447
2016-02-02,94217.71257841974,95494.23901290262,93572.47753274688,94667.13167048464,94566.70583171069,94809.12032952001,94479.08261552229,105632.10452366757,98587.96448976154,95012.53067331112
2016-02-03,94467.87810795219,95762.70406068445,93809.27172720872,94917.8341970855,94825.85893870774,95031.02110379178,94743.28471466704,106064.54468058479,98739.67881930615,95582.1284026202
2016-02-04,94205.17187611492,95686.88707874066,93551.78408353552,94622.94473542224,94555.07391500834,94701.17604344703,94585.27979967899,106153.08889631474,98685.71859401229,95732.04729184139
2016-02-05,93688.31570480677,95007.34700244061,93260.16477991325,94160.1165579692,94012.76097397781,94280.60703036709,94083.68315468427,103633.93333544467,98351.15434307777,93908.32352343929
2016-02-08,93494.97359125242,94652.55063534537,93209.77230971747,94023.74304805715,93815.42127523663,94171.48957719337,93825.64455955349,102383.37575160502,98287.31524154061,92644.1956571368
2016-02-09,93685.63837303105,94770.84083057486,93384.67531977539,94222.66518190163,94023.6587874193,94400.95206456256,93975.59504761796,102505.09289029664,98321.4064184349,92649.20561398494
2016-02-10,92792.30022584189,94148.34529055438,92414.25662343997,93312.71150327809,93109.13144765217,93476.65728730422,93148.77752276827,101855.83494072757,98086.21444463213,92569.26334225642
2016-02-11,92033.95415438974,93411.92307972902,91670.43989486233,92560.55822303028,92375.23204705204,92679.30835343563,92331.24263232523,100439.09691602857,97706.95010196469,91365.11930948055
2016-02-12,93095.83711662666,94385.91179448199,92646.3772216195,93537.12192967071,93425.51057516482,93576.01241474919,93503.66768974504,102521.7186228378,98118.54019524774,93248.79073843564
2016-02-16,93538.46489307785,94982.73236896677,92980.69571696698,93914.11897286036,93915.68089869992,93819.15327945925,93870.89722393395,104242.20889074875,98383.06258268771,94822.65873471249
2016-02-17,93740.11784776133,95215.21889400986,93095.25702572496,94089.81579418787,94134.97154141634,93893.3088240973,94060.18062827895,104965.72379636568,98445.30427947457,96371.54929269588
2016-02-18,94030.87572341776,96034.44417484982,93345.6991703674,94418.71893673846,94476.75139432112,94179.88333446425,94432.3332634293,107479.59808176279,98842.8489953886,95976.87502063168
2016-02-19,94368.30661408024,96353.8171904372,93677.63807493981,94758.19490038445,94818.42064086805,94491.4877518421,94728.5207084471,108230.33617544112,99029.20556651989,95931.86679818905
2016-02-22,95102.56789999899,97090.72591506578,94351.44948891204,95501.26694988889,95564.5007162507,95161.99166955019,95387.32950878238,110102.39917095611,99430.52820663489,97320.90898568905
2016-02-23,95009.37543603044,96857.06067729346,94231.70803131236,95417.23683242613,95473.43296533603,94990.17752602433,95272.91801817642,109523.59092596902,99354.29098340757,96091.73325515927
2016-02-24,95410.58914511527,97253.32599101592,94604.41793797308,95817.02509293487,95871.22588927067,95346.74805052526,95623.54246207906,110226.36370739825,99566.08665345784,96531.47000912655
2016-02-25,95882.89106535101,97714.33133501413,95038.38493803257,96276.37164121406,96338.52485444803,95787.81199701977,96030.92832575525,111055.90646992535,99802.10305827312,97700.60764666928
2016-02-26,94927.92993445756,96777.55344477089,94036.96753707134,95303.33027105346,95394.34239675791,94822.51145650739,95190.27161773913,109887.14637972154,99256.50295622286,97475.78357229794
2016-02-29,94762.6809841854,96587.79284134439,93908.76768079332,95143.48532230764,95227.29148618365,94678.20737541871,95048.94660518505,109173.40996571192,99154.43759198341,96711.31299078549
2016-03-01,95409.85880254446,97284.25460246633,94526.16488584719,95784.11706043934,95888.42959270837,95323.61157966238,95637.5319426635,111927.51867022041,99539.1784427287,98984.69395117367
2016-03-02,95320.01086086311,97208.13596308746,94442.20402086028,95702.2720844938,95800.92177468934,95241.63217240482,95571.9436178203,112163.21374166291,99526.49104601596,99429.42257550228
2016-03-03,95133.49684072514,97036.09273690663,94253.6855371121,95523.3792546458,95618.91822559276,95036.33182736195,95386.5560806323,111697.05833131271,99406.87214816113,99819.11402044857
2016-03-04,95459.10459232013,97358.13136041521,94541.58140287068,95811.72030086626,95927.00269847472,95337.18477841702,95688.66244352522,112269.17228323776,99663.35492264453,100143.87497772396
2016-03-07,95718.85208235809,97645.87782721585,94733.98209038835,96049.1874386806,96188.50717064754,95530.17673242997,95945.7199713826,112364.22248152748,99823.07540634138,100223.8443791827
2016-03-08,95513.12215588373,97426.47979271543,94498.15163561258,95812.5593926085,95969.19486093264,95306.35052900824,95725.62668512875,111509.61000582007,99726.21090565779,99129.60288354672
2016-03-09,95748.26227081886,97686.99476020088,94692.78144938506,96064.11031833048,96226.61502939502,95538.47091069023,95971.06624957992,111880.44004310196,99874.75484231686,99619.24929788387
2016-03-10,95690.24374642619,97601.2772451906,94647.31466968011,96000.97438378751,96169.36964762224,95495.41162557587,95910.5213839502,111580.4540779444,99815.8109048538,99699.2096560992
2016-03-11,95891.53736466478,97826.67850315203,94855.9105690161,96206.09720348805,96376.96853746366,95732.2231357057,96122.33709141357,112450.20842692976,99950.56352100839,101308.0659611224
2016-03-14,95944.3493028472,97869.41441953226,94909.14997634284,96257.08009396748,96426.77886682762,95777.04630380825,96170.99006233315,112498.2282239512,99969.76763314396,101178.17785605037
2016-03-15,96180.01688060709,98061.47320691448,95137.00309908153,96479.01825028879,96650.07766361926,95966.51413388239,96395.06916689148,112511.51243111516,100045.13076932859,101013.30144223201
2016-03-16,96384.59444210024,98223.62672721586,95247.25368855092,96697.95984704501,96861.89333752118,96088.98190342564,96609.04041202432,113594.59162417623,100176.47601132674,101597.83860965146
2016-03-17,96177.7457483406,97911.11135000228,94997.27957357216,96495.47394512221,96657.47766925496,95796.80755586717,96397.14191806261,113227.16268941043,100027.43028313469,102242.39578357113
2016-03-18,96513.90805786647,98404.5899986012,95333.67465735941,96840.38794254142,97001.0760549599,96156.12207607241,96740.7542077438,114867.05098008725,100380.72533674317,102644.17804495418
2016-03-21,96604.90352520654,98577.404774215,95454.93682690861,96924.38807832557,97083.3676095235,96317.55942858807,96840.3464413693,114982.65333244945,100443.85712063336,102789.81043679989
2016-03-22,96485.27675499037,98473.6706189344,95347.98399071516,96803.66090314751,96963.1487600661,96217.27790071268,96720.71419782503,114741.45624466492,100374.97870048364,102734.57430606258
2016-03-23,96792.33293131902,98878.30597459109,95629.30443538679,97118.24405036125,97372.0620377658,96522.78815644214,97071.48596354309,115480.28646990066,100606.25893308668,102056.56617477596
2016-03-24,97106.27011362849,99063.58815567063,95910.45381617901,97433.30411664324,97646.52582239865,96798.49104461461,97366.29200982224,115625.05967372248,100684.63154714264,102011.37708746517
2016-03-28,96980.25165480233,99010.84106361686,95802.51020905821,97307.43499799739,97518.23747332495,96675.5494766047,97240.07630739301,115791.00858245803,100668.44098437898,102071.62317505063
2016-03-29,97570.53135237064,99579.13557964968,96394.12662188093,97905.48020495631,98146.10985175593,97266.3098430649,97851.27105478379,116673.82245430203,100972.19521354113,103015.78300308407
2016-03-30,97599.05626705996,99776.46604786674,96358.85797916116,97952.76834178591,98162.60822557056,97269.16454180169,97860.02736388997,117328.42984368753,101131.01855553623,103467.8095248431
2016-03-31,97200.75786999965,99322.1639301033,95926.98243568587,97545.19110523233,97760.0224280716,96849.03380448488,97460.09354173837,116773.66934547825,100816.63987719727,103216.69674188412
2016-04-01,97867.83638203268,100081.27282668944,96623.60343772182,98227.39258711187,98432.77454494518,97533.02793273571,98132.45303509726,117922.01158459898,101350.01399540331,103919.83604660214
2016-04-04,97614.57009643248,99813.82937119645,96323.82911838622,97970.3793722402,98181.84485603614,97268.9924549603,97866.80219968208,117382.98429241993,101143.56502708759,103583.31887289608
2016-04-05,96640.87843112637,99010.43260612029,95533.81611907616,97036.17095421573,97213.12008725855,96357.77065135013,96940.12308279358,116550.85812821021,100715.33032479504,102548.7266107806
2016-04-06,97092.62555205307,99508.96589521335,95947.08436065893,97504.05537395627,97672.57468504675,96829.62816054186,97409.33072473189,117011.49064313386,100998.40943515665,103668.71422039975
2016-04-07,96318.99228899948,98650.76063227988,95203.89699340618,96770.13770583938,96880.59510989592,96030.56197562003,96644.94824298736,115810.70804381798,100480.42913880947,102428.2253923663
2016-04-08,96608.06325331487,98841.8743738191,95464.46767054031,97022.95667088786,97173.38227529806,96278.52753273162,96928.35866035103,116232.48252599798,100573.06185605729,102704.41508929622
2016-04-11,96515.72898376794,98697.40132649343,95454.94848683188,96923.8604940323,97077.45410479074,96275.00438722681,96866.33607073307,116311.05316335152,100476.33003910254,102463.35839300716
2016-04-12,97340.81057406802,99670.77506098262,96202.95038901031,97723.84655427885,97923.62973822391,97076.78913432543,97659.89807222312,117252.96871413887,101092.72615643978,103417.59239419735
2016-04-13,98206.22119979167,100591.83225445778,96989.46801647615,98592.37016811142,98855.35346074207,97960.10795445467,98494.93181798412,119029.35181959996,101706.06918735472,104462.22265649593
2016-04-14,98263.9533610647,100630.74024773414,97034.59514557826,98661.98286336777,98947.36192594952,98011.39180741509,98532.07739140885,119242.94711660098,101742.34497211066,104467.22357010067
2016-04-15,98633.824189527,101069.86447730176,97404.82112324411,99020.5100562422,99273.94752443393,98376.01649293104,98928.08706703356,119676.38066763052,101986.56272726263,104351.7232652911
2016-04-18,99128.93398938428,101519.73285564581,97908.36284733968,99512.01938317317,99774.84202603644,98880.40282437534,99424.97255038774,120055.54337320877,102399.54037316251,105084.99465704524
2016-04-19,99709.55240578382,101973.59193437113,98532.28994335067,100101.55432974288,100414.47660769627,99457.23219529723,99996.20529904572,120126.75875624546,102863.09464836837,105416.41144146908
2016-04-20,99165.8613402768,101542.50663648525,97986.15960150523,99641.36269997942,99861.73934570864,98963.27083039326,99483.8197657694,120114.50182022595,102728.29129877553,105516.89091897762
2016-04-21,98175.78975072945,100618.5143191167,97027.37833967959,98711.11476663563,98839.80682876342,98042.08922829849,98518.84030959601,119173.47393672062,102110.96715956563,104949.37313565242
2016-04-22,98581.92211081597,100979.72954948511,97415.73588545958,99072.40021351786,99268.0734868926,98399.81861732717,98903.84824848874,119463.7778324898,102352.60071275808,104949.37313565242
2016-04-25,98840.66610760395,101192.57374692135,97651.38858176065,99333.15568374177,99516.74858231831,98662.9546162016,99168.85961637736,119747.108631947,102510.97506228508,104768.54444046199
2016-04-26,98993.86489033552,101323.59537751961,97809.61197159943,99457.44740051462,99689.05400755057,98778.42331074578,99311.79755002102,119932.14619560672,102579.25822865471,104924.25100546444
2016-04-27,100050.00370356796,102351.2104819178,98885.81407848411,100458.38065284201,100797.27836997142,99694.25104828316,100327.12286595671,121101.66549844133,103044.56387382705,105140.22174453914
2016-04-28,98617.4761569425,100966.42961762537,97348.38464595862,99083.88448920884,99284.68714948735,98390.49382302797,98891.25335568577,119544.02692699396,102426.65678995535,104185.96965686214
2016-04-29,97212.21031758805,99846.53957452535,95972.271857911,97717.9841520329,97802.69495288208,97229.6066278686,97467.120789128,118376.76982496267,101885.2376075435,103623.50704660214
2016-05-02,98152.98922412471,100751.22191154363,96923.53008654997,98645.88033638433,98772.50659895195,98114.08916402965,98415.10767024438,119450.06476307263,102385.51778239259,104447.14756973446
2016-05-03,97445.7205979035,100107.43393079142,96154.7200287628,97971.77330454219,98026.6202141294,97504.14876165763,97701.41588809648,118519.97361402732,102020.37481490677,103538.12978558529
2016-05-04,97129.17201951981,99631.78212295714,95659.41931645267,97638.90943145064,97710.21329661235,97113.24163852533,97329.53356275137,117523.83264881076,101735.94283695903,102960.57400207699
2016-05-05,97068.13757208963,99709.77801267507,95655.05124682779,97590.6686337002,97644.14624081159,97017.53014138731,97337.82573803372,117643.6165115973,101793.03584214905,102940.51608819759
2016-05-06,97327.53761817279,99966.34163777677,95806.48923097653,97804.54224618885,97821.0762172621,97130.30317795931,97525.57192524537,118281.27705133527,101951.62918182593,103317.15813290585
2016-05-09,97673.21220112246,100421.01183694578,96139.1651521402,98144.14233219954,98165.28693890298,97365.71106533223,97912.25530384757,118541.71104775662,102195.52522415851,103402.51730743588
2016-05-10,98323.62018852263,101130.13887069128,96883.86800135704,98844.43058077441,98855.37299721332,98135.82159298568,98636.24014437964,119796.28545270847,102632.4119515567,104688.21330926692
2016-05-11,97762.45139071038,100565.44488145759,96381.08885076194,98332.19845433111,98345.80648126864,97666.37590662397,98141.16537337782,119322.56273272702,102327.59207863334,103708.87526437557
2016-05-12,98052.09111066515,100820.96836595616,96684.44591860518,98617.83147133318,98630.07471728786,97948.26434402348,98420.66755235204,119176.06279756974,102398.48344097467,103738.9892649249
2016-05-13,97785.72934940134,100616.87040870727,96492.44868682158,98446.83220042162,98396.22695628938,97751.55019744477,98189.76711409222,123797.42449400946,103162.97674746798,102834.99952411068
2016-05-16,98762.9544859605,101596.44289745673,97447.39702306065,99432.37447119245,99376.79078098894,98734.63669002356,99152.61877233737,125754.57587185872,103925.64659341921,103849.47961288631
2016-05-17,97957.60984748295,100806.92618864638,96647.1471988507,98630.4159382699,98569.52083743564,97934.95967988092,98356.00374489125,125170.10594333678,103505.32178395012,102880.20669790829
2016-05-18,97483.40776957148,100502.80905128273,95938.28592473836,98055.67730229715,98113.93412957582,97536.80581612937,97943.43869964281,126194.70968580605,103454.80215364389,102910.34782818783
2016-05-19,98178.70253350394,101220.94233222316,96722.30275258364,99012.77420678831,98829.81422031071,98471.52693462354,98947.98015872114,127568.21144636521,103844.77693944356,102553.77274060238
2016-05-20,98745.80889022615,101786.08878387182,97297.23249910116,99596.27772121226,99399.92933167671,99028.96638430594,99519.87693688273,128856.40150632815,104167.81715337199,103201.63069836605
2016-05-23,98120.95103229301,101276.98183326077,96655.18401640942,98948.36101455125,98774.86365828697,98436.67211472508,98901.10210116781,128466.17308789249,103940.00511740765,103060.99922012509
2016-05-24,99339.8422977466,102247.05412003439,97800.7273271795,100171.54363243081,99996.25206440539,99645.93239123926,100129.56692740307,130574.81867566162,104523.36044307363,104396.93948233212
2016-05-25,99472.02163895086,102548.61395484912,97898.46400510758,100271.02821649922,100133.47412178101,99788.17433921268,100263.02109396571,130744.86000162779,104716.43216613831,105105.02544119442
2016-05-26,99672.17629144118,102667.87061508224,97975.44826972536,100448.5279524888,100346.22429980431,99882.42360422653,100413.6600961475,131381.27485248278,104804.19811302505,105135.211787691
2016-05-27,99825.53399453832,102818.15333374703,98140.88650656355,100605.15272341638,100496.88520079195,100047.16045439195,100568.84534040425,131780.42082645718,104917.42548975692,105587.16596350278
2016-05-31,99738.02011273541,102702.12742100505,98024.89172990245,100511.44920365459,100410.87423623606,99928.4068110296,100462.94944358285,132548.71028005326,104908.62317378217,105386.29744091976
2016-06-01,99811.971276588,102759.59326849408,98038.54605428301,100531.7058699461,100517.10667703874,99916.40150243584,100546.21955990793,132736.18302539026,104932.19254316523,105602.25913675106
2016-06-02,100096.18435397696,103388.73523791002,98470.75595609364,100857.71456443086,100892.20068712407,100370.19381348326,100810.91080771151,133495.99726336286,105240.81880606548,105923.69218045223
2016-06-03,100689.40928359076,103844.41845234165,98907.37121602,101524.60291968132,101421.86091249275,100974.7218845321,101407.44772605422,132860.21280853034,105350.83893206438,105607.29622332942
2016-06-06,100996.64956068594,104287.92152624196,99290.2952131883,101824.18928370808,101792.59793496798,101347.55585056901,101708.6649387205,133065.56298800075,105574.71327947777,106144.67287637509
2016-06-07,100692.00132000448,104066.2116379524,99036.52412704984,101526.55864719464,101498.97239350922,101072.21350063966,101395.19144829447,132945.15802018004,105469.51431135439,106310.38126858699
2016-06-08,101288.3864785691,104370.2988521847,99531.6493763192,102062.13207120453,102096.73890614565,101594.77552008518,101944.23996603132,133286.10425494853,105660.96578774124,106656.90931274593
2016-06-09,101753.65885572445,104974.93384679346,99926.06539041728,102577.70312863801,102573.99294499565,102067.19821539175,102425.93991902556,134740.85312312897,105962.96444348538,106511.27692090023
2016-06-10,101324.21796246487,104568.07567474718,99501.78718647166,102175.14075236893,102146.78883647469,101641.72952014317,102015.11672434954,133222.7400873066,105750.01862130855,105501.82487545956
2016-06-13,101032.81067824803,104365.53737267603,99189.48823093274,101903.9360854307,101847.50993900563,101364.24762831033,101735.7854914073,133393.07678974696,105633.66446918008,104688.21330926692
2016-06-14,101162.38667995782,104480.81530411787,99252.1409150142,102062.39021768684,101976.08564382637,101492.78713387555,101869.04945084282,133528.4638859397,105692.43405590224,104482.29865686214
2016-06-15,100587.42145806443,104008.42334026903,98715.93368768468,101491.44864548069,101400.11188143087,100923.05544435546,101305.51133185765,133655.10812503617,105442.4125614349,104336.66626501644
2016-06-16,101014.21957491142,104427.23458703457,99133.23235947081,101926.2176605623,101833.09309870195,101346.77090466741,101734.86134499029,134219.5779005061,105681.33900015612,104648.03417880429
2016-06-17,100420.18448960542,103787.66733415556,98627.00387806285,101345.42293755512,101246.38995241554,100779.13540221125,101104.10719310722,133128.1966446109,105290.1053433088,104258.30656088436
2016-06-20,100825.74698668896,104244.54362689095,98935.65821477196,101733.67469267275,101639.36546538243,101160.25401871862,101541.65959181626,134091.4693073432,105598.16229883704,104929.74025421322
2016-06-21,100726.8878405086,104140.2589314606,98862.74827028357,101643.25238269707,101545.9523351083,101077.03910648321,101415.75692670446,134011.48082800492,105568.23423565246,105227.5794758624
2016-06-22,100597.13863316253,104105.17182962081,98680.89421527277,101527.14376182847,101422.88828524198,100920.00199767385,101281.75072152303,133893.44401060473,105549.98757033583,105055.96584570492
2016-06-23,101297.06653954915,104960.49293423424,99266.99459293282,102257.68656100762,102094.04923127012,101617.57436530784,101956.34525091214,135923.30026000738,106296.80600081701,106424.0457949847
2016-06-24,99880.36379873767,103128.7360182184,98258.55118466783,100793.60413006251,100789.74994888026,100232.43441733699,100655.40699240605,131248.08410933084,104695.93939603964,102602.45251986873
2016-06-27,100715.71240544357,103516.11859669727,99389.46410074449,101579.7614109094,101720.74548499954,101103.84969783245,101687.5450292814,130959.63434513829,104684.49673787094,100764.86545932187
2016-06-28,101510.18722559421,104561.6827853228,99994.44820907398,102393.44737767434,102485.58520138622,101891.34323871256,102461.89601685785,132719.68102137677,105467.85307729317,102582.2408708514
2016-06-29,102108.41189888428,105423.45465409636,100450.11260381107,103018.66832588118,103084.47207233385,102450.406522023,103055.72238763925,134353.4194548633,106260.64610729928,104328.96142163266
2016-06-30,103670.63082871343,106934.242375966,101997.17539522034,104580.43677513972,104660.95778730603,104017.22748571669,104641.26100846172,136082.9037403011,107162.81857402922,105752.61210165585
2016-07-01,103370.7703938249,106631.13349947089,101696.93076467045,104287.92814260497,104360.85933028386,103721.20597220646,104348.20501533074,135408.21277132738,106929.78312814294,105974.74128949155
2016-07-05,104138.3858560987,107372.17421215764,102450.57104257513,105058.3815238323,105138.62364784158,104496.99903649022,105105.78162551639,136034.54897659368,107277.9454412086,105212.43204315365
2016-07-06,104539.61643119233,107815.23860880671,102733.35581263991,105475.5814080975,105545.4241535665,104835.83242023332,105502.82446999534,136797.52349990953,107611.21190877678,105843.47861142147
2016-07-07,103793.39569543223,107280.48570075103,101969.67345103723,104764.94823602904,104788.16469090563,104081.4826215729,104753.83777622574,137589.906020137,107449.42175091011,105777.84275076473
2016-07-08,104652.94342892534,108198.18273021225,102848.04873601068,105622.69511185735,105668.45149524866,104958.36550913953,105635.24906618222,140459.4406036378,108089.93261918775,107352.94967138852
2016-07-11,104800.18211969134,108435.25683220131,102988.78701848323,105785.82721484068,105822.25900551265,105103.44069987649,105789.24191125405,141818.752794596,108335.23432529063,107731.56314315976
2016-07-12,103934.92573037374,107759.3270908078,102127.01575598653,104938.98040302613,104938.37526536307,104245.65426266725,104922.92036202383,142267.0267806905,108015.7169561648,108514.04786554135
2016-07-13,104165.57938561102,108078.68984132928,102291.55067469226,105200.5540930192,105196.41783577864,104419.16943039364,105152.53359546287,142499.10346477473,108163.73018997505,108498.94564904965
2016-07-14,104277.14565136434,108215.76991070327,102382.12909223372,105385.77248032845,105347.40618152716,104506.72497036279,105203.05450589089,143243.44989250047,108285.58744312826,109104.69826550472
2016-07-15,104153.48811724034,108091.49336672593,102274.60913209306,105272.90849259554,105240.33251031193,104370.46647696725,105108.27022475163,142656.99317626824,108212.0623256089,108958.30624121273
2016-07-18,104392.1367234081,108333.78924006161,102485.48995982314,105468.584238462,105457.47253183399,104622.14276077661,105361.10961545663,143058.20518096397,108323.5030106116,109251.09028979672
2016-07-19,104815.06991800631,108926.81471738766,103133.29321012925,105944.45912611965,105826.34670540251,105043.10949130691,105782.75499107149,143930.38396347608,108559.24451992233,109140.0483039874
2016-07-20,104770.22030926109,109013.21471553242,103023.92205402719,105885.99406553598,105766.64608321965,104858.69776759439,105766.60672536101,144502.12428795508,108574.67503746618,109594.42606903256
2016-07-21,104543.34299062708,108703.97472841784,102857.42037259323,105683.8039791042,105555.8771949762,104758.25518132074,105521.04383887564,143547.72872271936,108451.21954037755,109180.4082993182
2016-07-22,105014.54795439991,109102.04717045987,103313.64020894466,106116.24627766432,106015.29647342011,105154.91098078461,106025.4370858091,145426.64501253466,108728.6258134683,109670.13610284604
2016-07-25,105222.58404587717,109360.17956519907,103465.26051119069,106304.11188501008,106212.36799314793,105249.16276148011,106253.85606546157,146353.74527832938,108840.0208631969,109372.25166497982
2016-07-26,105440.96930538591,109536.14863839009,103695.1778503682,106479.65599060312,106401.98427153553,105411.99948037516,106481.58211073419,147245.67387966215,108926.32061989988,109422.76722265805
2016-07-27,104865.77985967297,108960.73425953645,103102.60412291856,105877.48423311608,105816.39200394615,104747.64386332124,105913.11768958888,146310.72228398832,108565.52078301972,109306.6429340533
2016-07-28,104764.79181502596,108842.63083396,103004.93038536754,105770.05562217868,105710.9312556831,104653.49605356285,105804.20260940792,146323.02557031976,108492.76568693551,109432.86852554501
2016-07-29,105099.56294625229,109031.58403849645,103448.71719182169,106111.2374423607,106055.41615389707,105023.20147175835,106124.37169112377,147473.59905537753,108741.07589380644,109609.54637201107
2016-08-01,105417.38167431587,109543.34585657294,103555.98488064932,106421.28657841861,106364.55080046656,105292.32669016307,106469.79363765877,147312.22316718774,108938.97590204392,109518.68890548886
2016-08-02,104692.69469073653,108758.32965859937,102893.4006295219,105689.29478580388,105638.2290851736,104549.26677664902,105731.53004384658,146121.98954277745,108457.36009628634,108816.96034674252
2016-08-03,104693.42820502426,108497.96395246273,102978.38167129029,105784.01092313688,105654.40027358069,104486.32347045033,105831.26424909965,146468.17446737134,108478.44424173556,109135.00217416561
2016-08-04,104863.70565711652,108682.31591347915,103129.91486033917,105983.04001141358,105851.13814450408,104651.96731074654,105994.6791544138,147445.29792559266,108602.94238972364,109251.09028979672
2016-08-05,105312.62825030256,109276.07796899477,103583.80204256506,106691.45757151656,106277.33047846628,105020.06881766955,106548.0128467093,148917.0580446034,109137.87970879556,110144.68030069149
2016-08-08,105014.53209983115,108835.25701214289,103326.86987144646,106378.96489066065,105982.57070314183,104685.29113021014,106250.16481584152,149178.69921634154,108932.6400872514,110079.05348327816
2016-08-09,105083.05186929103,108865.94768876326,103395.260684835,106423.68436586895,106073.64994081188,104778.67265869195,106313.32566368561,149274.12764224366,108919.31304318279,110144.68030069149
2016-08-10,105307.43971811808,109278.55935880929,103594.06994093502,106736.71550875616,106316.30285485213,105023.97355000352,106538.59279718094,148956.9126067513,109035.00989791511,109872.05364166439
2016-08-11,105625.9600997833,109531.6181738491,103841.66810924491,106991.95351609176,106629.32972289505,105299.78492197713,106853.20563328583,150399.75116311442,109370.82743564852,110381.9388347491
2016-08-12,105913.49271846222,109748.72411106914,104004.74369527331,107186.47476128556,106886.07878123809,105442.56566978028,107144.8061371546,153614.11430056673,109807.98661755923,110286.0261951617
2016-08-15,105285.79550240278,108943.54517694618,103454.72392838924,106521.03581941356,106266.39269878347,104833.86730223516,106516.63222724509,153077.75589000707,109260.86661707153,110604.04993609799
2016-08-16,104361.85024914579,107958.19664222185,102610.97873966438,105608.28729822645,105356.43549816322,103913.85062818644,105577.95885842624,151926.09368297958,108484.68369946921,110033.62022839535
2016-08-17,104768.33527898234,108203.38581713688,102865.52700857219,105975.27045619779,105770.05892424201,104299.45515408812,105895.95039812634,151073.9913385051,108551.13116316625,110240.58389703548
2016-08-18,105311.64608650682,108803.48101012448,103337.58183711136,106534.44911921902,106261.85047145301,104794.86634939557,106434.64444668459,152504.26759284653,108990.3524889424,110487.93469073666
2016-08-19,104465.74232031175,107917.8319068645,102590.676036937,105651.49780112293,105454.85164880971,103988.71086827281,105640.07028894758,151903.3917018265,108457.28061030083,110326.3681040057
2016-08-22,104202.27545985814,107593.11387761291,102315.97268948548,105365.16437497216,105145.7880543808,103698.33044932979,105340.04709411207,151953.7063354889,108322.43030915386,110321.35814715756
2016-08-23,103949.8091366017,107314.60983560316,102101.62791587746,105090.94711024195,104915.80352026099,103464.8338252544,105122.12845585277,152190.6544591316,108165.00366834518,110543.48733499325
2016-08-24,103357.12091069644,106790.19926993837,101562.70095380224,104507.6854355447,104344.23441657811,102903.17997534986,104572.72682771951,151156.52667823047,107950.05791418467,109978.08567062557
2016-08-25,103286.47056642032,106668.43170075705,101462.6376438206,104418.1246456262,104274.79468935015,102820.38255767252,104484.91792007216,150575.072553941,107781.23672064065,109902.35755032528
2016-08-26,103435.05887691888,106693.09402047316,101524.64633664196,104549.56418017,104435.59311297988,102898.47521855177,104617.79724796755,150810.2629716687,107741.22462465974,109695.36675195492
2016-08-29,104182.06908350503,107416.24861212797,102240.52804944849,105297.94497028431,105197.03474989072,103640.24773683958,105365.93407776444,151397.93452705108,108164.9082845417,110235.5196807269
2016-08-30,103940.05826360054,107080.91185250043,101982.29412936287,105047.50673418357,104971.21424242752,103395.30390941208,105114.35435796645,150882.25772028154,108009.44217047872,110053.80474768246
2016-08-31,103800.97971066364,106935.70891072403,101791.74460844263,104904.47090927788,104831.27145922257,103215.5417829992,104968.61094556334,150537.23468333247,107957.57145418867,109740.81809332455
2016-09-01,103961.87022241604,107188.00420539165,102044.83541551177,105063.24709788736,105003.94094184836,103462.72115287275,105141.97711701054,152584.40491336703,108250.22015001904,109745.84613665951
2016-09-02,104348.1271864635,107528.44254113008,102395.93441384633,105460.33466293194,105398.33534413503,103852.56929264599,105484.17707159887,152433.52987975854,108433.12365850515,110240.58389703548
2016-09-06,104813.84044798772,108011.09890326385,102903.7438147999,105939.12351171156,105871.5961001844,104378.04951784102,105926.78102689286,153653.27207913442,108810.70667563446,110573.78220041073
2016-09-07,104067.74348187479,107422.4049438629,102000.26357659943,105202.12108900277,105113.88223860005,103495.61541331277,105191.15611731948,152308.84100326968,108367.43631441,110563.67185428036
2016-09-08,104224.78166790401,107565.12579261733,102163.97170926996,105347.00107489014,105274.95584830374,103657.92791269251,105349.9924256313,152776.16342514392,108415.8405196658,110311.28397400082
2016-09-09,101911.22330769825,105578.02726201616,99600.10690705574,103051.64599465644,102945.6353450774,101033.53978153547,103075.25794955963,147880.5427026852,106844.16947585133,107670.9914988116
2016-09-12,103234.6042782177,106746.65607070918,101044.64138998702,104376.54713105076,104276.94772441554,102494.8896107506,104370.85438972292,150339.18111985602,107871.47915671462,109215.74929455746
2016-09-13,102068.78874798429,105608.13118600303,99879.19573647843,103193.31297382133,103114.34852461766,101262.60660495122,103191.04032816317,148489.7232709031,107013.24558588017,107645.7337199725
2016-09-14,102280.64711876886,105710.51117525974,100142.49413521294,103428.43836917153,103318.77817683817,101566.38644837258,103395.07646041385,149161.37863811792,107122.35033419525,107605.32850842465
2016-09-15,103465.21295165867,106689.70752017929,101375.49510797411,104714.01685522086,104501.71987927693,102840.9242273234,104609.53358207482,152068.36180020377,107633.755070742,108680.62440912044
2016-09-16,103181.52413756498,106253.68224331111,100983.05410364998,104454.9034874843,104153.75804986381,102572.14394611113,104299.76677646555,152100.4561359533,107421.76062852565,108260.52957983578
2016-09-19,103448.83200226996,106648.47205179503,101310.20575865098,104738.78561369523,104404.51574772045,102891.4613291669,104583.78622973786,153041.31334709842,107545.25272141414,108280.80453155698
2016-09-20,103464.26327523653,106777.26692394496,101311.23129952428,104712.59659994292,104435.71971895084,102850.4482510396,104593.72908687152,152635.7979310339,107619.48461168061,108285.89587759579
2016-09-21,104240.17564535324,107718.94954513798,102002.41455584514,105534.30186897109,105239.44462187719,103575.94611646612,105403.72019132452,155360.38348989032,108301.80878942483,109503.61381872738
2016-09-22,104786.25366067175,108279.01503896799,102552.12760088492,106083.6328457477,105807.92165749447,104132.09154956733,105970.1126298812,155875.96525087394,108634.11513600152,110193.65850699032
2016-09-23,104468.9573200058,107887.08767828124,102273.47749333232,105743.36494383737,105489.92251834096,103818.92959008944,105634.5602051286,155393.31566474072,108362.78176576569,109589.89540408505
2016-09-26,102970.46527652214,106402.58969165005,100760.11820723194,104247.99635089128,103938.0019122002,102315.98778681428,104107.65391853906,153789.55282327774,107485.74910666536,108701.94837707699
2016-09-27,104160.60990298585,107563.82130219895,101908.91548264588,105451.18108514673,105137.26941135261,103506.24739159431,105319.33204816657,156798.61840392696,108261.49513047689,109376.7552001971
2016-09-28,104186.49384256179,107612.0692720924,101900.85007804491,105482.2321468886,105175.85205453513,103548.55647735237,105351.35914475707,157001.62804594712,108297.44369615157,109919.6934479388
2016-09-29,103019.27143555693,106128.2497375259,100708.96982263491,104245.3175955195,103938.6216507693,102371.09243591962,104181.7458503087,156041.18097181545,107339.8170137509,108925.1898838519
2016-09-30,104037.37727279021,107222.95258700047,101673.45758662418,105266.7509745843,104959.16848987073,103381.58090758245,105151.0609824137,157737.54073750644,107960.0341054051,109747.18453668393
2016-10-03,104034.60547481576,107305.6244403237,101661.37634038075,105264.95010753647,104966.01904993682,103371.34971138833,105134.82053162323,157514.10435254918,107937.89627293278,109483.32982376278
2016-10-04,103970.4171073536,107258.38696676563,101577.51935837901,105189.916094174,104897.30453061801,103366.93822023654,105043.31296362996,157051.95217838004,107851.14671883489,108925.1898838519
2016-10-05,104508.6496460053,107831.84749189373,101986.45210250006,105718.98405750717,105463.93028008139,103878.43386882675,105547.40748628408,157331.45385772333,108148.03313220426,109407.22188723934
2016-10-06,103831.39041189598,107198.08248220567,101240.0250302748,104968.77657109247,104767.09966113065,103173.97850063599,104825.17421841944,155734.248993113,107806.54343876257,109483.32982376278
2016-10-07,104153.6052518532,107575.16044618702,101695.23566478715,105341.26863184912,105068.19920291138,103595.75742384384,105124.4761715541,155987.37846956836,107987.49717443419,109107.86340069759
2016-10-10,104467.89746525275,107946.9221952301,101970.18851400822,105636.68950928611,105380.15672291229,103901.97165569177,105417.46192111082,156563.75286726418,108162.34484060727,109676.13177322567
2016-10-11,103616.02223333207,106991.10898223534,101092.2654777903,104727.82854617455,104512.81578833885,103033.25417209938,104556.33770927407,154563.15965689305,107612.90287523565,108290.98722363461
2016-10-12,103793.60464264348,107280.0428313802,101503.82127691075,105065.72530641733,104735.34793883355,103418.474403501,104729.8720115015,155252.98351240557,107766.29521945507,108433.04753433407
2016-10-13,103375.59009971154,107187.93803012019,101342.10891443622,104716.59543902679,104241.99562567662,103006.64084751715,104367.38730085299,154594.04323944863,107808.10826364232,108077.87414947689
2016-10-14,103505.3473744825,107262.73063951319,101493.60701834231,104889.72790462586,104438.42546172738,103297.8981487659,104465.3261231771,154965.45556437405,107755.91952922533,108133.68904779232
2016-10-17,103114.17698828055,106943.3464628136,101198.45641289947,104535.719899679,104043.12480315493,102958.34632298109,104077.43709974986,154596.94643452554,107733.83274072054,107758.23166797054
2016-10-18,103988.06024490007,107777.71858947589,102038.39548260557,105421.64299101502,104942.37302192005,103858.93804639686,104948.73501386288,155541.11508443963,107745.13730002061,108433.04753433407
2016-10-19,103887.31195315553,107713.5303291294,101833.69398517648,105246.47069711951,104808.67820456575,103526.56560113608,104849.41497754061,155353.71926234555,107765.20453095058,108722.25950177181
2016-10-20,104758.63032450466,108518.19295978165,102728.93798555454,106070.2431186388,105700.53386124296,104251.6886448854,105709.60773574456,156534.46911679988,107894.5665043586,108519.29294671811
2016-10-21,104348.91328668038,108150.18517453002,102273.9318757348,105660.34958870712,105282.11802046245,103766.52072739572,105284.86816094338,155952.70383540497,107720.91543554167,108570.04362872493
2016-10-24,106654.97347873605,110426.81626323253,104546.06142558774,107893.38797832874,107626.17789137646,105704.84133165225,107562.92839388867,159683.49603273495,108483.97374555943,109031.76450741757
2016-10-25,107644.73498432303,111449.52657856629,105500.91397184254,108877.66602801051,108626.4148071381,106595.26310599611,108548.4692877193,161178.28851567628,108786.319455271,108666.43556021298
2016-10-26,108063.615729382,111867.43459494621,105884.63361142595,109332.79968830939,109034.20987651453,107077.20071663284,108957.89462523055,161896.73077333416,109041.36342896102,108448.25826974667
2016-10-27,107452.00777025556,111411.16612774951,105416.39142800317,108803.2837413474,108486.14967840565,106682.04522325071,108363.33753118567,160498.22957967746,108961.98612286148,108159.04630230893
2016-10-28,107384.01125801055,111341.12902395889,105361.68304785893,108731.56310368497,108428.96767952826,106587.8773211685,108304.64243262626,160420.6462472398,108963.20779839325,107839.40382080257
2016-10-31,108061.39762028256,112092.72026760364,106041.38168787517,109421.03998657952,109120.88381324953,107222.07080787067,109006.45156137033,161671.3345353161,109341.44187021002,107844.45899386777
2016-11-01,106698.55110756161,110756.27084270574,104821.77414556898,108101.32784184946,107818.33701270846,106026.7391061136,107648.39374207237,158700.77673792987,108643.31282990945,107063.10467691219
2016-11-02,105839.29537549289,109984.91474382757,103763.85052060975,107222.30356174547,106809.18805641003,105088.95453456172,106773.681962896,157810.4159735746,108355.2907108317,106418.71932461727
2016-11-03,105485.82783484037,109590.83365145765,103476.85554272067,106904.63802350752,106481.13113276467,104849.73428141457,106424.1476573359,157004.1150757314,108267.37314419833,105931.64119140804
2016-11-04,105060.13625403638,108981.10619979126,103222.41251260924,106504.36422100462,106123.94454721207,104606.53717731618,105971.3055850603,156167.85647149006,107979.73089852644,105814.92909198177
2016-11-07,107883.07629420915,112102.0159185823,105662.08109060353,109215.85652021835,108870.65419848247,106942.3585157468,108830.57039253814,161409.1155024261,109139.16993341464,108148.89073996151
2016-11-08,108061.57070047893,112318.68274446775,105815.91225747473,109398.13508423266,109050.06007780744,107114.07053781245,109023.35253243735,161529.67800327533,109243.66971516112,108635.99600290097
2016-11-09,109556.31795845015,114157.12505269182,106377.6219646963,110688.85811657184,110408.93982379712,107963.4338083523,110358.52436713749,160856.0186141145,109981.30589498582,109787.73444012631
2016-11-10,110019.36163223042,114122.8390922664,106052.76003209648,111021.47393039586,110706.64495444186,107806.99473028458,110681.22612807271,159212.82167624022,110280.80497082602,110061.73567215145
2016-11-11,113526.9030418263,117479.6066537593,110460.71984166066,114560.34231024605,114328.77351879522,111805.4740446811,114217.83906994632,179239.15744916786,111455.05622504326,109808.07269455136
2016-11-14,113592.10824454832,116933.86504946432,109824.20567195136,114542.43374021098,114245.8906414466,111371.15934346097,114194.59262004457,175405.8088659491,111382.74408686443,109894.29097720516
2016-11-15,114063.0135939472,117375.38204407862,110455.65764152931,115031.10261221838,114740.96965125375,111948.34763676501,114684.06851889235,178239.0457900972,111874.98692689519,110751.78036041438
2016-11-16,113805.74148961487,117504.91731606361,110400.24031242923,114869.29041697018,114568.9518581486,111864.80190952812,114462.06390428112,182968.8550881206,111734.90199736552,110543.7676755389
2016-11-17,114103.63252251587,117751.55693924104,110715.61340064381,115159.28250475037,114863.60860052038,112158.97923517015,114752.95596959912,183554.10600065065,111240.65294831462,111112.02700482357
2016-11-18,113976.15738639938,117672.04695311387,110581.16350877336,115047.48261568435,114745.3042640211,112022.85325566043,114617.04389893624,184058.42806964877,110994.70637673259,110863.41015704525
2016-11-21,113993.32402562277,117642.7704856161,110627.07461103157,115055.4185856661,114754.8706893296,112050.74445888244,114634.88901780729,183967.88719575334,111222.86677941451,111700.58841555966
2016-11-22,113773.51167866742,117405.61255171298,110479.24011385065,114835.73319658663,114520.88925922161,111873.82643749879,114430.48538905867,184607.62783992654,111314.28330853171,111918.76570602597
2016-11-23,113957.64613140952,117524.65424800132,110743.65870011007,115014.33221582064,114684.39350331484,112099.86352155951,114597.3028375513,185347.1634523543,111485.56260230727,111979.63577740658
2016-11-25,114359.85098151476,117951.7757647677,111157.98978562203,115393.11066673377,115040.4268311264,112571.36737567892,115024.14398332562,186110.28560260095,111712.96174376071,112395.71540661801
2016-11-28,114476.16217280242,118111.69958954079,111048.13638649721,115456.45595521745,115150.75502026772,112523.27337723927,115117.19853820784,185981.01059979646,111660.02598224234,111868.02406726254
2016-11-29,114483.63896221311,118130.96434340553,110895.16658148138,115406.788953112,115145.6049643065,112419.15125776359,115095.94558689657,185412.64487135818,111722.87866857766,112086.20135772885
2016-11-30,113506.32982286878,117072.0458207957,109955.19014878405,114420.03789728368,114182.60008331812,111464.75380592707,114148.63862754886,183690.64974057188,111375.2405585706,111817.29147174252
2016-12-01,112837.62690345416,116432.61000802372,109319.22494100402,113770.94635632231,113512.32839672791,110825.58492470898,113464.451389363,179409.09402972838,111412.04706196548,111406.31223181331
2016-12-02,113403.22389461663,117026.10448594674,109919.03892658596,114379.78814711922,114100.23649474738,111369.4104048291,113987.53047235035,180630.43576893557,111589.17425966085,111462.12713012875
2016-12-05,113788.31385930623,117391.9959276377,110267.16972512197,114740.4735557123,114479.57134244879,111742.04593256474,114397.45542105264,184573.8964288225,111656.19328815225,112131.86973694027
2016-12-06,113802.41862308781,117405.80799763654,110248.0629448633,114732.14068853704,114481.56865826176,111765.61424390614,114440.35633888542,186336.48253452408,111783.83353276234,112487.02503531064
2016-12-07,114400.98303414145,118080.9195608107,110904.0864798835,115331.54386786306,115036.03640985985,112359.63337156696,115010.30999776631,188749.56779292677,111993.97325004204,113958.46021350277
2016-12-08,114086.46627869185,117754.31911122348,110591.00395927078,115017.0390176168,114727.42200271433,112048.45916359956,114696.46705631442,187236.07656097616,111966.90078816125,114237.48948886288
2016-12-09,113804.73998960888,117481.18425682178,110324.01902103898,114731.1100712646,114438.38948674155,111773.46167216348,114411.48512016863,185786.2665225505,112054.85766988315,114927.57035009946
2016-12-12,113573.56041553142,117334.26322499865,110154.46114319694,114480.97536058599,114154.86706854019,111561.54876653475,114163.43075841482,184465.8377186967,112599.34062551493,114795.63847201718
2016-12-13,113962.74500194499,117774.03745393797,110563.97811454014,114863.22340263243,114516.05942066383,111952.73283702429,114545.441497021,186539.39785876864,112780.75074392745,115561.77301031674
2016-12-14,113758.5572232387,117606.09043974624,110144.87246384379,114489.82537305036,114244.67763116673,111563.68901376534,114249.10359850293,191022.15440427497,112571.35225205659,114607.90073886288
2016-12-15,114572.89478195622,118478.05288787725,110915.18351256158,115286.68828629218,115063.34307803404,112342.69416815267,115053.86743301098,194074.3304475079,113060.25665066039,115079.7681366595
2016-12-16,114941.67759627705,118975.87518827361,111347.3824270966,115725.91027995161,115438.69772698104,112750.04852343226,115434.26699877197,195794.87989742964,113179.86694656078,114854.68180822933
2016-12-19,115413.53277335945,119452.22458099686,111800.87580089713,116190.1297507857,115911.2986838461,113214.98058328484,115904.92127900469,197444.6409559421,113466.1781401361,115104.7817479266
2016-12-20,116088.53223059532,120186.62674801474,112418.44792929626,116816.88029215403,116578.23371478307,113850.04623991829,116552.16886008666,201428.99804744092,113846.90743759183,115548.8321289996
2016-12-21,115882.25221013898,119939.45446641833,112133.0073875504,116596.2736741873,116358.16728765033,113571.37358017222,116336.5549768531,201823.34912461028,113708.94116613446,115227.29056637753
2016-12-22,115386.3407779702,119367.57501404503,111726.63622279,116115.05880760255,115875.90966170808,113124.35519254414,115848.64503323703,202855.93256237128,113454.1719438512,115028.24877896298
2016-12-23,115778.87058142512,119736.39915319897,112121.32755717693,116508.05382763711,116267.3654684679,113515.09733609502,116241.57336543838,205791.615607657,113683.76793381324,115196.66110095395
2016-12-27,116642.20479163092,120511.71204815831,112971.2866129853,117361.38793705092,117109.88507484975,114360.65834540206,117100.13933678807,213540.74126355702,114110.99969258686,115482.45472238338
2016-12-28,115543.28482347552,119437.60609402027,111773.54984642786,116195.86862271323,116004.1510425222,113192.85731042335,115975.52043444046,204718.5117450679,113492.9256663186,114528.04889956844
2016-12-29,115837.60355137746,119677.79445074424,112050.29782743154,116471.0298505866,116290.95952603314,113479.90411572705,116265.74392284252,207106.50760114047,113643.85069422578,114502.55599640073
2016-12-30,115398.34803580951,119281.5561314217,111611.49907991686,116018.50496924203,115859.8888122896,113034.73138476319,115821.17211176295,202224.75217141895,113406.00700265286,114084.00756173885
2017-01-03,115238.92828625895,119072.39521567439,111454.31016564203,115817.3483714561,115716.53991071609,112862.86701117386,115651.32598571324,197586.72313543566,113302.20228462765,114956.78906955135
2017-01-04,115514.05419072947,119342.95185892543,111768.92952516647,116106.13996458947,116000.44873440245,113170.27140139384,115928.18043013483,200197.8376536781,113487.18140864422,115640.68435229671
2017-01-05,115415.3148139342,119262.52210103153,111754.254320956,116047.80558973648,115941.57460933647,113091.41105113234,115852.41294007465,197491.40764105855,113464.65663673088,115548.8321289996
2017-01-06,115073.16892762687,118897.12970759513,111373.80720593757,115696.48043317217,115624.1659953132,112677.98449311599,115503.09765849527,198464.58439835705,113240.36759463523,115962.2440014056
2017-01-09,115358.50967453366,119177.63299237532,111721.33565121198,115951.59042454085,115909.30892689871,113032.36912531278,115766.58372604611,202794.42769531766,113402.61298478892,115579.44350793636
2017-01-10,115309.19702435222,119133.28336436993,111608.9067523422,115913.47542333025,115865.46272654703,112911.5894288524,115726.8916097681,201956.92494374997,113355.56237053673,115579.44350793636
2017-01-11,115650.70774216662,119475.03914123464,111923.75112513064,116264.551705289,116244.8175574905,113236.51542346142,116075.08507338678,200791.74381254098,113454.26274989735,115906.05833011043
2017-01-12,115087.77898685177,118934.76750929379,111316.64043675833,115718.5983822451,115693.61952474159,112679.12313438635,115501.45772553231,198609.5913073895,113134.28048197007,115615.15527615536
2017-01-13,114955.57420384686,118797.25309097674,111270.20176365669,115620.827177009,115560.43803366696,112607.90153055401,115405.68159920521,198455.5411817795,113036.6324625001,115880.52925396909
2017-01-17,114160.04846016644,118056.32860644057,110131.83583715887,114759.09298409843,114778.00808220319,111638.50093811234,114488.46833082705,195622.6729455289,112687.00253718541,115472.25394381893
2017-01-18,113886.92714662562,117834.45984404143,109903.75082991892,114533.19526993102,114516.836976504,111448.61373655312,114243.92285898053,197483.14411849872,112649.33892086861,115727.45427279842
2017-01-19,113358.98983135435,117279.52347894819,109391.50385425813,113998.0350706055,113988.43853170313,110947.85788566161,113713.73725560396,199147.51697573008,112275.30951675618,115298.72314605892
2017-01-20,113271.0695518608,117176.42706545253,109325.53548182007,113914.3699377089,113902.56694574477,110887.02002599444,113631.81898933132,197978.39721519247,112169.97066898778,115722.33579702939
2017-01-23,112966.64577195994,116850.13911813714,109048.26313990902,113608.91320931604,113599.00983707944,110628.43504170942,113329.77408585201,198818.56725057773,111938.07118642076,115421.20483477962
2017-01-24,112005.70585965244,116077.47606191167,108266.27256891977,112757.67954242074,112683.2943988726,109888.02211974884,112479.23470411237,201201.4686742456,111736.48881269104,116161.26770233334
2017-01-25,112325.56901213876,116375.51076713044,108768.77340000903,113088.93333557108,112997.56669138453,110405.31537017194,112868.52822425387,202243.63276032114,111931.3241907032,117166.72263418758
2017-01-26,112195.278388151,116296.85340675592,108488.6145343966,113007.70159732667,112879.22496783703,110185.8264828122,112701.95887503917,204097.71481300396,111895.4119417596,117044.22285898007
2017-01-27,113883.98567786763,117919.93359604357,110299.32829103743,114767.53701226572,114604.71924177308,111994.31338924733,114515.08524004246,206891.50523641496,112466.96367416959,116860.48223941219
2017-01-30,114333.50295984354,118340.74362898963,110700.00629370633,115228.2595259635,115076.84937987507,112462.80638400414,115025.27477544744,205152.15677119754,112653.96253702822,116135.74766943538
2017-01-31,114890.98623846495,118840.31567535666,111269.87130610687,115803.99862351017,115658.5365988496,113070.83060211642,115667.25972587436,204175.00507884173,112774.7223722345,116125.52880438411
2017-02-01,114761.60047986472,118641.02400274921,111021.81600360878,115758.68727844484,115519.0754690954,112894.54897680992,115491.32906485845,208799.3449962842,112717.35208058587,116171.45039441097
2017-02-02,115423.11571527955,119295.92079423624,111581.70820495932,116406.98245642663,116192.27370466865,113446.2875037676,116167.92805881907,210497.11104902718,113037.48474732964,116248.01953634823
2017-02-03,115698.14207141937,119591.39199884282,111912.88472165838,116679.97800474691,116481.2129526254,113716.13144974443,116432.11796212984,210463.31887534817,113348.97204481074,117049.29611853207
2017-02-06,115772.43660474557,119571.64293754907,111955.95211008257,116804.1981976185,116564.70247150643,113765.31256219768,116541.79231779775,213168.59595338136,113307.15644066976,116840.04450930965
2017-02-07,116294.42154578163,120085.84461521932,112390.00213718419,117328.40937092408,117098.81081056161,114191.81355949829,117089.62564398865,215237.97159109125,113572.81584475748,116845.15394183529
2017-02-08,116803.3019835093,120660.22756767657,112901.3909052911,117889.2636472352,117592.58510813308,114685.96359048193,117593.8856851008,215051.60854807988,113984.34132453817,116998.24700949276
2017-02-09,116769.08540090053,120739.01870240616,112823.94285220295,117933.29470772832,117543.59051342604,114571.24199596331,117466.31874464746,213321.52757093243,114104.28262509826,117692.38828701961
2017-02-10,115965.2286662268,120282.1918096192,111946.34070702274,117132.07666440327,116762.39396254753,113690.91688786066,116772.99835799231,210576.51554716929,114007.20723468362,118156.80405224788
2017-02-13,114788.2606572228,119481.16098772289,110726.93664278113,116036.87279469431,115583.51724708678,112423.83768275977,115642.69467850507,205798.4437976154,113934.58968537835,118799.92335046566
2017-02-14,115416.3317211654,120129.33499980085,111331.46027079955,116698.11319389907,116206.77766298111,113021.41385807283,116233.74813640866,207002.71496114312,114366.7014788777,119274.52180777157
2017-02-15,115682.92292586998,120304.33843638648,111456.08890550335,116925.90075618117,116469.68008687472,113200.24246029525,116503.34885183434,207613.89972783896,114485.23969568778,119897.1943326434
2017-02-16,116024.79833037534,120478.96126190442,111850.10582833822,117239.46847054956,116788.53330764032,113487.72894992291,116802.20707746649,206210.9434386914,114659.76744179268,119795.13228753842
2017-02-17,116677.17679126903,121081.99777685231,112469.04991615945,117890.52510599086,117435.18371651694,114094.05142234937,117447.479127543,206502.99159902637,114912.01305921163,119983.92808017148
2017-02-21,118907.56599046584,123441.43134583095,114449.37585868637,120184.18741941515,119694.04007350528,116310.86796854243,119772.74215567794,211637.40024571898,115903.48913802394,120698.47091482724
2017-02-22,118860.67771734604,123488.90202156924,114230.47433034575,120171.77095507675,119616.24310348029,116234.82836132536,119764.60722025551,211552.3077198172,115965.88410004314,120591.31752368344
2017-02-23,117967.61731498312,122056.71857177676,113336.9540073005,119171.01752732403,118599.49497717284,115263.24808724053,118693.59787778296,201579.08345277142,115764.42337449633,120672.95992517269
2017-02-24,119395.0813122147,123415.38477165997,114698.31071396366,120589.12610966906,120005.92512724371,116632.89422418033,120088.75103097894,203492.9501847854,116559.32723516804,120826.07107931699
2017-02-27,119170.67253194244,123449.53291082775,114436.63796909444,120387.27932476469,119798.61905306997,116398.68057727398,119917.36377809665,206092.84720656925,116433.40067668549,121014.9301746539
2017-02-28,118174.80323983314,122384.6685655445,113458.2988954472,119366.72132198384,118776.21801170998,115399.21996216646,118892.99144263782,203154.66506590223,116277.39210284711,120688.2791795062
2017-03-01,118512.39418490871,123123.94249940295,113768.01199550806,119718.33262599295,119116.66205226642,115698.88689560983,119276.5370400546,205406.1062655845,116793.61698799838,122377.62035086239
2017-03-02,118420.00250707337,122958.14526450487,113709.65573928622,119577.84232184617,119020.9439489529,115562.1198503472,119117.3719568989,201375.812169487,116719.0998984258,121606.97323410213
2017-03-03,118138.61282273261,122840.63973533528,113474.47972642476,119322.41739525346,118727.8585431617,115319.85374547327,118863.94406960723,200843.44712818653,116704.27960733109,121683.52428955257
2017-03-06,117758.81680590477,122472.7912003777,113096.9561585607,118940.95252602089,118327.27005782518,114928.1301760476,118489.72159524565,199682.4596371705,116511.97614741536,121321.14343969907
2017-03-07,117678.64894478212,122430.748703677,112991.39468009723,118878.80613177863,118221.90639614892,114830.8741201618,118438.7587273885,200625.31849526605,116482.7747015589,120958.79876281918
2017-03-08,117896.89298515118,122483.32780112038,113183.51183995916,119069.71807590027,118533.90784773436,115080.87726546211,118632.13499584913,200294.77371486547,116420.2372107532,120734.22789926326
2017-03-09,118322.05271937214,122944.86857334296,113547.97454616793,119592.37679071585,118998.72016463596,115472.7729020471,119096.95238295654,200650.69792524693,116711.51252546647,120887.33001016415
2017-03-10,118798.63011153825,123441.67381709561,114057.01729184897,120096.70174345712,119473.93632637903,115960.30824831946,119581.03051370165,201519.68879531347,116936.3472779327,121310.95170437802
2017-03-13,119154.13850008647,123844.81121165131,114335.96043909404,120531.20781284345,119782.65385784148,116247.32345375637,119978.73408408789,204473.2419471528,117156.37343406864,121372.16541900815
2017-03-14,119632.30005665291,124273.02263681249,114822.15822396167,120945.52339855135,120310.91778569637,116755.43089160703,120427.69525013151,204741.32989496575,117344.7111436195,120907.74061053646
2017-03-15,120394.05156986203,124978.02157345452,115574.61890360169,121757.78295460987,121046.78494838346,117514.88593876568,121218.97547209272,206224.4030971191,117862.12966032777,121953.99865664852
2017-03-16,119803.60552430218,124472.48252231782,115002.5799437423,121185.19240368382,120463.8926242895,116872.51007934482,120657.63661049171,206942.00716895636,117517.22075466538,121714.14471173275
2017-03-17,119538.91870927652,124243.19960836887,114694.20780983838,120956.33960368326,120207.40113340164,116546.47990842754,120448.57499001466,208770.93846196658,117303.7927764722,121500.36243756283
2017-03-20,119662.16361297278,124444.49536010316,114756.1209855508,121120.63007804767,120346.6876130267,116553.3522839621,120634.92866938002,211956.79420935965,117297.14381460924,121367.10120269954
2017-03-21,119350.38849015787,123966.97755696208,114390.68345761248,120752.77064201204,120001.01018832791,116292.82730814796,120242.03560906016,207649.89919039333,116877.69787114032,119808.82375805844
2017-03-22,119528.64835648867,124191.19949271844,114500.77949305592,120940.71673415645,120239.07563992334,116394.22982256292,120393.66883574722,209900.24565089535,116940.3686580477,120090.76495779598
2017-03-23,119108.39093593652,123709.48322697771,114062.49217438078,120521.65707030268,119763.59824353724,115950.79567156165,119955.15452292562,208617.54651760016,116733.20735128873,119962.58602572812
2017-03-24,119173.94148533649,123738.80192068036,114048.4793265254,120610.22349699614,119788.20932262694,115911.97666467579,119988.9152159749,208966.3337627118,116714.93270496621,119875.45437549008
2017-03-27,118767.19929189913,123317.91285884015,113695.59914967293,120156.61830824909,119364.26403704337,115600.46537316675,119626.28403577846,209482.15870011976,116576.72268852984,119752.41200567807
2017-03-28,119102.63654673057,123817.97091739571,114180.77531954301,120496.4415422044,119838.89505054204,116081.08092038221,119975.82590104672,209540.6121764652,116848.91592020767,120623.86415670956
2017-03-29,119016.73558797615,123737.22447132904,114105.94663114598,120383.7101521884,119775.36134787304,116035.5520993078,119895.61222435997,208881.53856672466,116746.37478668838,120736.59722903621
2017-03-30,119313.91707994397,123812.52577366175,114423.25326947693,120559.82305028378,120016.7927470518,116322.30579145392,120227.41748686446,210915.517945971,116917.16404551073,121121.03454956235
2017-03-31,119817.71781316234,124269.50567589972,114906.22038781231,121041.28846017955,120514.6360907995,116818.42307723565,120720.69977004065,210177.7316251986,116925.49965827432,120839.13856604183
2017-04-03,119641.17909586414,124142.264025022,114730.3452343737,120886.90859950004,120346.27725020132,116645.40641772954,120538.68716358402,209544.06882488227,116827.05752395903,120628.94645950496
2017-04-04,119540.1165841783,124038.24246875945,114598.3091648079,120741.39129062353,120218.22041003236,116555.5951399854,120357.99032807673,202090.82511616254,116650.21482720925,120705.81402847469
2017-04-05,119219.6380934749,123725.96073385119,114150.83190023783,120330.81823703666,119942.69181763506,116031.84130233843,119962.73015227405,201097.55925102282,116390.69421160537,120347.04143274105
2017-04-06,118782.09314173207,123292.40189969986,113744.77572443677,119920.36191372504,119493.18038104293,115672.73667008286,119529.57731100221,201762.0423642833,116312.64250216342,120685.35821188534
2017-04-07,119948.95175977291,124190.63678264129,114791.30668650447,121172.38691621102,120559.90599250118,116894.28885029993,120732.08998134607,201391.61635604154,116683.792807072,120562.32488531673
2017-04-10,120183.5387361109,124365.25478876366,115008.74274820909,121382.66789122365,120794.68863650055,117048.16329727613,120987.40380460517,198696.80638445984,116583.41849466927,120634.11015149106
2017-04-11,120507.00537311207,124633.95794288916,115297.43392832679,121724.51212253017,121096.47348320481,117382.58305875484,121311.3405443341,199047.99332985308,116677.3390612674,120490.56674887265
2017-04-12,121067.57950579577,124925.29623336962,115253.37507179868,121857.58838131833,121567.42912558326,117590.19774145042,121787.4881458738,198590.09327552,116913.71058568358,119962.58602572812
2017-04-13,120804.51020783656,124538.36635249632,114732.98292465026,121380.0206941549,121278.28643907425,117158.9387827301,121472.68692511569,196286.06782360448,116559.15937105066,119183.43826016414
2017-04-17,121430.24405636238,125312.42611547225,115643.95672570413,122237.31360697623,121929.37849283025,117972.64478582892,122157.40795874965,200865.9363629994,117181.12170576266,120239.40874969662
2017-04-18,122086.2098043431,125937.53578613963,116147.99150447913,122846.37226634841,122587.76267319887,118563.9661722111,122806.01453077991,200197.8034385979,116569.55903743187,119880.60902423275
2017-04-19,121860.03814418633,125740.8098869876,115977.52318654885,122721.20252368176,122374.2973945776,118357.47879459476,122585.82488831799,200220.82308301618,116464.59812638837,119660.17092291439
2017-04-20,122167.71626681865,126166.45205315245,116422.62126609523,123098.70295093258,122706.90096071587,118797.98319671981,122973.65966350857,202363.8146260337,116859.40408042165,120634.11015149106
2017-04-21,123205.1084277283,127095.3854353596,117186.1064426122,124066.75891863559,123720.21659980537,119588.90099248903,123897.71401897151,202883.8051194377,117091.3161222187,120249.64570123471
2017-04-24,123321.42655328626,127313.74410236569,117471.01349629354,124227.64785782438,123846.18863603528,119896.21521386155,124107.49484136686,205337.56743485937,117551.24353355714,121572.12961725034
2017-04-25,123712.7912768904,127771.7901054133,117901.4738624634,124646.50700311684,124247.43530476815,120339.17694096363,124531.71194114292,207636.6889756178,117898.66279629822,122279.50115988338
2017-04-26,123863.34274955108,127921.02176116189,117972.08910345027,124808.211031964,124401.41009796376,120460.3692793217,124696.09167849927,207052.2187048233,117969.37252154299,122202.61550442684
2017-04-27,124036.34007708314,128130.03270746947,118184.83665555246,124954.18867398419,124633.55942578772,120610.8259546964,124884.98773310496,208613.41833107965,118090.68509971873,122305.14779818905
2017-04-28,123660.09238354264,127745.44346926773,117851.36358757547,124555.1868861412,124271.0256665532,120248.29962368458,124500.55890423742,206924.8547116822,117818.65843473612,122038.60724197567
2017-05-01,123673.649219689,127765.82156431733,117845.49882235774,124586.75762561141,124291.68545127993,120248.2662178891,124532.00889376663,209216.02744250398,117883.66786862018,122346.15890704525
2017-05-02,123923.4660200271,128004.5006463055,118118.51761096001,124794.61945484074,124575.57915601223,120506.86119987999,124768.20185648983,206139.9650443443,117911.77407687632,122392.2884916705
2017-05-03,123690.2272021195,127781.18792922024,117925.4897884097,124550.62233707533,124378.02700012918,120353.1163956505,124549.77354050436,206948.91172218084,117888.04177092685,122243.66278625668
2017-05-04,124448.39724080703,128525.3157922362,118624.28285704805,125294.32802788154,125140.90863542643,121045.04476012177,125314.23294676814,207041.75979435834,118356.64533617382,122387.18810238827
2017-05-05,124429.65888937077,128457.58517535179,118604.45606643063,125246.18462560368,125126.84082491367,121018.2436971203,125298.62479504726,206965.63254871854,118338.55712704506,122869.00306793393
2017-05-08,124435.49382210788,128416.32820015487,118557.41721819314,125218.84083350324,125110.8658477153,120922.90305657536,125271.89915640806,205864.19436707973,118252.55645821261,122848.50203512753
2017-05-09,124175.57227529192,128181.8928844198,118383.4708389698,124988.26944976635,124882.62702708636,120798.95837484891,125057.09863581827,205821.6399728357,118199.93526789045,122735.75991955746
2017-05-10,126129.07872957035,129821.73892855695,119990.25220553679,126832.76746033407,126761.41563381927,122687.53702316488,126915.21403987453,224911.12044313006,119499.45804891302,122956.16184790219
2017-05-11,126426.6096132216,130035.36551983,120160.88289378921,127099.79621067623,126981.78366741937,122952.5557783498,127168.51861829827,230169.85437696008,119674.78251668706,122704.94958926571
2017-05-12,126336.55416194718,130075.31191310826,120096.2749008234,127039.47391602394,126893.2763198965,122895.14526527005,127127.5126705961,231674.45549085396,119712.48695985705,122499.93021795833
2017-05-15,128266.77866496713,131855.47958322987,121966.1349446465,128966.19721054923,128701.93599822633,124962.58848477942,128958.04762950791,239317.88939488048,120910.87872109638,123176.57281949032
2017-05-16,127748.25003711302,131333.84569927002,121582.24701415424,128451.16208404044,128109.44858870462,124629.81999873715,128393.62473609866,241781.22377803366,120592.31491859889,123063.78548770321
2017-05-17,125522.05183373178,129494.87045226635,119024.83573797827,126084.4488281471,126001.6130173428,121949.809770259,126222.28570351381,231245.03121795965,119524.82451212838,120880.13158841121
2017-05-18,126210.9166214678,130408.37116051748,119791.91342672784,126724.40959250685,126689.67035008315,122523.81724385689,127028.21490245126,237365.03742566193,120222.41605106919,121367.10120269954
2017-05-19,126893.12004429792,131223.98620891076,120647.3122550189,127459.84232978178,127390.00878866157,123323.79526600079,127782.73157138035,241167.03600175868,120751.57504511593,122156.4859198016
2017-05-22,127210.41295874475,131633.06323839733,120813.70064634658,127759.21739063124,127737.1740951112,123548.24149880982,128080.07881670681,244314.60012235987,120967.86892740562,122776.73485544002
2017-05-23,127742.61312025152,132186.80784554107,121388.57657732003,128353.01773180711,128300.10217017242,124195.77998998351,128609.90413577769,242926.75820407426,121226.78902175282,123048.40293066586
2017-05-24,128153.0070639058,132509.18952127174,121665.01205537003,128709.24019764492,128603.56830388514,124443.90382185625,128940.38314495243,244635.65259307643,121486.77284528996,123335.45356292903
2017-05-25,129045.85085669784,133277.22053459455,122418.17095622483,129544.6036586175,129443.24995912953,125183.53155368738,129767.71811287517,244722.0272592,121965.58682171904,123924.96451422299
2017-05-26,128903.40801329142,133104.2773151661,122297.33662896021,129383.7934417427,129272.33053145593,125032.73650689461,129613.80331528219,248216.34982653346,121895.30409419796,123899.35404889095
2017-05-30,128754.39346884964,132801.7381896762,122148.98298897487,129195.47815313507,129143.77763729691,124854.58846301131,129444.17252687714,250845.23312529124,121732.75652823187,123791.67614962948
2017-05-31,129170.40800787446,133231.9062366814,122396.45908786947,129586.72736788464,129544.86168064154,125019.1415324698,129834.70019534284,250220.74916963413,121930.43993094433,123760.91103555477
2017-06-01,130242.59697116978,134255.517120632,123472.69852137724,130677.95737719865,130610.32030026971,126103.21121092739,130923.41162663733,251046.37082701878,122425.22075237724,124745.10530215634
2017-06-02,130729.60688591839,134804.64654919904,123867.73678296195,131150.38984105396,131083.16930389917,126485.19227893937,131412.74671646234,250549.97647227888,122695.78847377517,125160.30773675717
2017-06-05,131064.73583336415,135037.56124554347,124252.18432533197,131504.38198027803,131385.8223870452,126844.09457348792,131786.20519894682,255111.2597531177,122818.14358451791,125068.03952426327
2017-06-06,130589.6981645399,134647.17645546133,123780.71823188274,131020.6031222473,130930.25545949915,126434.16872783145,131333.88680999138,254263.35926263884,122661.98126369205,124668.21060345639
2017-06-07,130951.16468618617,135035.06386290418,124116.58030832061,131402.48330108193,131288.69455382865,126805.49360557804,131714.47489853302,256579.87441822607,122977.49243584817,124898.88565631284
2017-06-08,130890.84896330102,135164.15930979856,124020.47017553824,131375.42837185843,131227.6662914899,126785.55564962307,131702.65156437893,267670.5883409895,122990.70258233407,124960.40684121884
2017-06-09,131463.85490159094,135940.50309475895,124558.29066075369,131996.501991671,131801.29805719928,127401.50054152757,132328.17300510974,257869.33738238591,123073.16283090232,124770.73385397518
2017-06-12,131309.5834756018,135819.1667427284,124391.69466724526,131847.59195557644,131643.95135287286,127255.52052474204,132181.20556420585,258103.23345028577,122927.91658332302,124745.10530215634
2017-06-13,131696.50941368044,136217.626424682,124763.52871925027,132237.19176999052,132033.6251464914,127633.81699021396,132572.2361689296,259882.2704611994,123173.52393034527,125355.10824301327
2017-06-14,132398.11464027793,136798.3072762897,125378.77005421215,132917.41550005673,132728.6029552134,128244.55982649924,133239.66661377513,260639.17999275972,123604.48596149453,125196.20941308774
2017-06-15,131678.1554937492,136168.6043013042,124619.87056084342,132190.3450216031,132006.00034534832,127507.29903221894,132536.76807140184,261079.33639185058,123568.55606928113,124955.26123571956
2017-06-16,129348.23236949283,134229.34360431775,122113.15873405586,129804.85231179671,129645.75477805237,125133.59833012577,130287.89600579292,259728.2337356704,123291.28474686245,124982.55374432553
2017-06-19,130112.84833997101,135242.19488838105,122921.08555708805,130582.4201699282,130440.57616029032,125959.36751943399,131147.05303665667,266117.7849103741,123577.09308833946,126023.06933087338
2017-06-20,130045.90752511975,135112.87076396556,122835.24955164638,130517.98055015788,130371.11431443277,125866.77477739367,131056.55738271473,265648.18930347584,123473.2683830316,125173.15818564022
2017-06-21,130314.96037996773,135405.37202876867,123004.41945316335,130771.20618550098,130579.77331463943,126103.63222859784,131321.3246386388,268078.30297939974,123646.02637638025,125142.23933642758
2017-06-22,130686.66185176423,135724.59999380194,123296.10224170506,131101.63795105103,130931.60609334025,126433.66767834015,131651.09384595224,267081.28337497346,123875.82552291236,125085.58341647519
2017-06-23,130607.66228522104,135611.16686804427,123119.45980061703,130991.61506469439,130852.62664703473,126296.348642218,131507.90622795906,262607.8582047844,123963.40983970356,125234.95971109188
2017-06-26,130834.6544460995,135878.10630364798,123304.32240621725,131234.4687968887,131092.39225174504,126512.44575973952,131727.22589351263,261387.47283954945,124194.77324192555,125317.37078827084
2017-06-27,130051.49056974104,134981.62809963737,122817.31417412004,130509.34458364018,130349.3336565918,126000.00947725275,131022.26924170628,255429.69121243508,123583.46129621973,124307.80118066586
2017-06-28,130574.41976391373,135305.02034763998,123790.20132739094,131139.88492036317,131131.19333966853,126774.48106877887,131684.21331595772,260947.75060904954,123786.5099564867,125420.38237393368
2017-06-29,130229.66940293853,134714.56230897357,123465.5917451946,130878.82257064708,130999.77570142722,126352.11261212877,131356.0504872307,255621.7845952379,123483.6765933224,124318.0923916644
2017-06-30,130079.88551886522,134495.63655938458,123310.26113883845,130750.3428728383,130902.1857438966,126165.81120829881,131208.13057029893,253438.62450361814,123402.18023428443,124549.89784994686
2017-07-03,130665.15471644087,134946.77422311058,123481.27662922532,131376.00591900473,131613.82179985568,126402.28430994065,131731.63868544775,248672.3113580681,123592.78917421645,124761.09375650204
2017-07-05,131323.9062267177,135635.95167802105,123944.42581147114,132006.37209952463,132249.93606930334,126961.89772979115,132373.17283410495,252774.90685180598,123857.00318704813,125049.50991851986
2017-07-06,130500.08645995054,134876.19976210597,123500.09423318048,131171.90291891224,131395.15321631083,126328.22708086591,131546.4356747903,253070.1915985669,123715.47164382841,123905.96465982235
2017-07-07,130796.46740979151,135224.87221427713,123905.79236780833,131460.4465361534,131671.83127925845,126711.43098033937,131846.89789240784,256737.61747441758,123986.7796330456,124709.5743988055
2017-07-10,130139.78959679874,134645.24853843084,123403.83374299284,130763.59679769685,130961.32424843594,126204.2071432297,131183.25037722167,262987.33441278036,123699.72325354308,124843.51387692441
2017-07-11,129948.47815815177,134501.8737086985,123242.49107173613,130568.90392914636,130765.31724087021,126050.63761489312,130997.50546018074,265029.1722751006,123646.12111565139,124750.7935022601
2017-07-12,130872.88909730078,135538.31832661893,123865.03422870021,131497.33897692995,131701.7748198065,126865.00741609004,131940.88389084552,272024.2364502615,124062.6127872011,125688.26133017147
2017-07-13,130564.41836743504,135248.26634697473,123669.15171782646,131214.85163528944,131456.78884949716,126613.48007283823,131675.7340418314,270466.4482828052,124094.35818778507,125899.45723672665
2017-07-14,131417.03507758788,136208.84097966747,124427.85100145107,132050.25332970303,132264.5808891637,127369.32949717781,132509.86931917976,275281.5847625405,124611.4417019112,126486.6621609515
2017-07-17,130859.44662895073,135652.28070457617,123911.09550887284,131498.1626928871,131718.0226322186,126830.18167515958,131959.88785842177,274045.65457591816,124288.55330341142,126471.18012823665
2017-07-18,132177.55504255052,137042.01613096675,125316.71499771802,132916.6906605665,133215.06586373947,128241.22138828477,133412.01241667854,276220.26001303684,124786.78484210899,126538.15438891781
2017-07-19,132597.26856376755,137458.07044442673,125774.91461373978,133370.59671599415,133698.4787070662,128709.03222579462,133876.04112972258,275520.37628415663,124919.49371829914,127223.24337979306
2017-07-20,133728.21395408298,138566.79907596362,126731.7799687164,134492.0923489115,134790.47903365566,129692.93405076722,134983.59618152538,278629.72998356645,125498.56577317955,127279.88121325863
2017-07-21,133444.08856615142,138251.43975923143,126576.45471360865,134184.80604946776,134505.12200091447,129418.14059790173,134711.51300297704,279089.86646347813,125425.98884705994,127166.57841659726
2017-07-24,132334.1229907127,137233.33218531442,125748.4170694073,133097.38609537267,133435.44153580532,128503.21990507228,133669.83185888885,276696.87946073146,125009.80192256559,127135.70478360164
2017-07-25,132465.53872104868,137533.10038036533,126127.91222740666,133268.22898119528,133627.84401456395,128821.02577000989,133893.08066404978,276569.228249342,125328.83864971821,127444.71241085995
2017-07-26,132696.7026615819,137661.05730361203,126426.1117347354,133439.14494415413,133826.63075664514,128950.99671929162,134117.71074743147,278606.97652166884,125520.75016515172,127449.88514608944
2017-07-27,132248.52718306988,136953.59791350886,126011.2202190597,133014.76363969245,133382.28619153623,128562.72714912146,133661.69820227247,272859.3427114531,125247.65421774483,127331.41865744197
2017-07-28,132611.40343624324,137370.85909692216,126359.50955721896,133354.08016687178,133721.4828080808,128891.40054497209,134019.41007568617,275786.8690998604,125499.97394358157,127182.04236282528
2017-07-31,133200.00180199245,137897.86304143007,126931.14911791722,133920.81309570785,134304.9038067504,129486.8835905388,134604.36000597023,274464.1158543934,125793.2258653223,127109.89536691464
2017-08-01,133985.6254328795,138739.02309036563,127637.96626916046,134739.41922182107,135139.22481225347,130242.10015284286,135424.65394861362,277092.5424382669,126200.5025337181,127393.20209640682
2017-08-02,134032.70605269526,138779.02257820842,127647.30088899758,134794.30674672296,135196.87775903367,130277.74095744107,135476.35417567467,276987.83752954105,126205.72127927569,127455.03979483212
2017-08-03,134238.5628684121,139079.99150348018,127831.49323903311,135036.85220068292,135465.2590146027,130541.66318568526,135735.05303165966,279405.076235788,126511.4684802022,127207.80656329525
2017-08-04,134448.4581289927,139351.63025808573,128111.289683279,135289.63748532668,135694.05904622359,130681.53138542536,135920.3498699979,280258.54492535035,126567.99904056273,127439.54871887386
2017-08-07,135187.92974607096,140113.67004613546,128868.83995659885,135998.16739716864,136573.58619420294,131432.66631086025,136734.9970184584,285838.7246485223,127010.99705864993,127676.52691238583
2017-08-08,135063.94089903228,139877.54841206947,128665.79701665226,135856.96553933757,136398.69636148607,131270.0582855839,136584.8036149317,283635.1863877215,126900.66920939895,127362.32846341122
2017-08-09,135307.2408194826,140147.660555757,128966.75816149874,136083.19572019888,136686.25912566163,131603.5628308693,136868.12784514285,285741.6205066259,127103.41445584822,127357.15572818172
2017-08-10,133693.23592292477,138514.70619299807,127417.68595251939,134355.4943076765,135078.32756962717,129942.36157856477,135271.93074888756,277577.08528715576,126246.67845062993,125559.50363052548
2017-08-11,132383.79326582293,137217.54556941817,126213.137831805,132990.5333217711,133755.8936435266,128615.74347029063,133954.92922173455,268165.56386619306,125491.21277140421,125744.93533661068
2017-08-14,134311.19542922958,139158.52864139844,127986.65855226394,134987.92659470878,135697.1927370297,130567.13167106078,135893.57864855867,281580.10141374014,126613.3825633497,126991.43792151059
2017-08-15,134437.3307016679,139222.5866459161,128099.97459965167,135072.81845609416,135843.85355374654,130643.17612518075,136029.3091880661,280408.54494139,126705.91188522248,126975.98301852596
2017-08-16,134539.11692345107,139344.37160537328,128255.67572480587,135127.65644318383,135942.94696681257,130698.01347958113,136132.5322944208,278720.7596787762,126786.8780786022,127197.47013607968
2017-08-17,132882.51181350567,137676.16633164298,126458.51010351272,133453.30718260357,134345.16829971242,129113.4575221132,134509.06903325842,273633.0960073122,125750.47959335305,125214.36824585141
2017-08-18,132883.33321029792,137645.2478311243,126465.70193896159,133433.65024434243,134327.22833594918,129110.36799558075,134502.3534225666,273779.48630433634,125822.78302241262,125018.61819903743
2017-08-21,133434.61468241745,138206.75822516388,126929.14915056145,133970.46949962465,134883.28748448123,129600.19932503001,135034.36835866733,271713.6511265916,126100.8181276603,125116.4751359576
2017-08-22,134301.54987241278,139137.62429715187,127770.48246638585,134831.35070634633,135745.14357349018,130427.87471282118,135914.3905956669,276068.58683273033,126681.71007252469,126424.8244625262
2017-08-23,133570.77074852824,138365.15253226052,127200.01779055518,134172.36284404565,135045.0324425682,129866.86061127044,135245.6299936829,278981.88946794724,126392.33088610687,125971.54092993343
2017-08-24,132413.3032385959,137305.8947379645,126441.02895943455,133028.0399004309,133846.69153392804,129031.0869224836,134166.55107370234,277850.5148428961,125932.94850988823,125677.95203268612
2017-08-25,132797.35871574565,137538.54750390167,126734.69425766639,133400.83488714808,134255.53727329295,129324.48566281304,134547.53745082067,276723.37952297635,126104.9409805701,125971.54092993343
2017-08-28,132607.88762834913,137309.48698646104,126645.97009929041,133175.71025686123,134065.3402162569,129182.04188330188,134382.9291026884,277830.5508763945,126080.82211999045,125976.70462191952
2017-08-29,132876.8140460099,137643.481004849,126788.6902935302,133444.32452413446,134343.2760407577,129382.83441380868,134629.81887823634,277632.6834427324,126182.39482747324,126120.94435428036
2017-08-30,132627.09965133018,137258.5915164337,126504.95875152762,133198.0576087464,134113.99714894392,129083.59168877278,134384.0661850313,278393.82917709043,126023.71709019964,126718.44953274715
2017-08-31,132567.01181991998,137336.33160299138,126569.01367050456,133152.44576461022,134062.34286794538,129120.88351509611,134384.45553451593,282223.8824393162,126113.5108170524,127480.75877908505
2017-09-01,132671.7532177432,137356.640371437,126630.87434417552,133310.4491969362,134205.33485791247,129164.84463009545,134516.75195673844,283273.40247021033,126149.44663865684,127661.0629661578
2017-09-05,131668.8202100758,136353.01516045435,125542.84115861604,132270.3116106823,133101.33363741054,128416.14286704888,133438.92695600452,278010.8283306326,125688.00212582907,126744.21373321713
2017-09-06,131599.49880421412,136287.45409113608,126042.50935594791,132259.9960875786,132994.52321371873,128813.78759259703,133526.77180867872,277935.5568142868,125628.4879580232,127176.86962759579
2017-09-07,131935.72681042252,136599.7590053652,126272.29753658517,132541.380891108,133328.25528679747,129142.38714225925,133851.08377929262,278755.7685578549,125765.50259123658,127161.43281109798
2017-09-08,130627.81055817315,135321.3452923791,125003.51558286496,131232.88596926615,131982.3320128415,127858.61170609595,132525.2644959683,274949.59161103115,125040.74650412626,127012.03842999447
2017-09-11,132509.903067443,137348.69275344315,126710.76895583414,133104.7935452924,133879.90319843008,129675.93814187295,134435.62134833809,282003.47785064916,126227.15217023029,128366.75246551693
2017-09-12,132371.83169230534,137210.50015167453,126806.94506720782,133042.01398240414,133743.12961303597,129644.76764548915,134400.60808181023,282557.59123160713,126173.48237074012,128799.42644638241
2017-09-13,132321.7068295341,137148.33303666316,126857.63806240706,133021.0751192368,133698.3550179791,129643.27748728513,134396.4890153196,283256.8538780848,126144.06446496266,128861.2551015643
2017-09-14,132857.19299485435,137601.3021898368,127416.27170778206,133549.030432278,134229.09709654556,130155.3068493115,134920.65952984075,282793.6676900664,126371.96568733224,128820.02695486629
2017-09-15,134708.9232213112,139531.41053851068,128912.4862145707,135420.34649673372,136151.56167543103,131891.71520309016,136818.20588255656,294315.2338514814,127343.61435930678,128993.45827694882
2017-09-18,135764.6501511917,140605.76873427295,129788.24493793712,136582.0179164954,137256.6657671426,132929.71756032077,137910.68020266615,302106.3518130983,127839.79583705578,129267.80315222347
2017-09-19,135822.35778508685,140721.26434469334,129848.3273283769,136665.9566376141,137300.60372021943,132999.3370672245,137965.2605181204,302155.13799245696,127953.38268990934,129397.21196539486
2017-09-20,135094.41151961472,140092.67363865505,129112.52492536037,135943.59087208667,136546.84904178054,132287.08309802375,137217.0353673213,300297.2198068846,127732.72708148658,129443.80275543392
2017-09-21,133806.00460652716,138914.95244801012,127994.38874058798,134813.8421444308,135163.85198728667,131075.20127824548,135917.7687544699,294829.76301152975,127274.1895929542,129097.00341397274
2017-09-22,133305.71596925386,138408.20021074364,127511.45520196266,134305.42708794406,134643.5691112924,130598.14663747039,135396.67331304622,292679.90121578844,127001.74437278036,129122.8761333636
2017-09-25,132598.6941253091,137507.2921116424,126679.89491547579,133439.07989209163,133950.26811496695,130000.09758636197,134564.2217491948,284204.1999048654,126570.42357660478,128858.86768530453
2017-09-26,132685.0185141931,137569.6352178403,126820.10443424163,133533.31927667325,134089.40959173098,130134.20801606597,134690.09536613102,285233.5484329998,126642.55406285833,128936.49488672054
2017-09-27,132555.90574399682,137723.5436938954,126697.12555453135,133662.9334420166,133851.08193054397,129875.03801614209,134612.06433153193,289033.62817298,126733.59022622369,129438.62097696103
2017-09-28,132643.53779099043,137859.2435687519,126768.23437186661,133694.79780112804,133819.27607421522,129934.77823220217,134622.33198970018,289058.698037379,126719.37067475077,129593.9205960101
2017-09-29,132566.88856571703,137728.28655395567,126448.7208448411,133753.80409965274,133886.22177994245,129601.18492139343,134562.88509282042,292083.04684173263,126691.41770583435,130049.4468529681
2017-10-02,132943.13976538047,138196.2405164011,126990.46735917921,134146.439823211,134273.3478565495,130150.66230045809,135025.83046820777,293142.86131192144,127090.29789488368,130613.67289569271
2017-10-03,133507.8005529597,138854.1243039381,127714.0543505477,134692.41851259148,134810.00911289308,130883.58779408791,135654.31642393683,294102.8227660257,127424.99347905966,130893.20859268367
2017-10-04,134091.25306781827,139482.47779864114,128342.60948693423,135271.85430350047,135361.08414895812,131535.9866517522,136209.02484152728,295768.92534541443,127500.41102024674,131048.51725497616
2017-10-05,134076.10850040131,139461.91664140922,128248.83196010723,135270.9363154704,135365.99157806725,131483.87148826246,136222.49281318343,296090.91108132986,127671.34906831328,131825.00630697812
2017-10-06,133773.60042857914,139160.54986700913,127983.60913240924,134993.97035919974,135060.66209355116,131199.89176035175,135895.8917863887,296418.41627133364,127539.37848949459,131674.86133667172
2017-10-09,134794.05383452738,140188.79226275842,128875.26558663005,135926.61677368107,136092.30228695812,132187.51176179058,137021.11779637303,300945.17443307384,128055.64155959117,131457.4708083819
2017-10-10,137205.33126576833,142615.07170996157,130981.17072004793,138128.80096162317,138529.651645117,134514.00352701006,139676.29665225526,306043.16053100204,129312.66778808046,131804.2701498431
2017-10-11,139211.9576034958,144728.55348662817,132888.212702187,140143.53401544422,140559.71357960816,136553.015513404,141777.3261889154,309140.15127480315,130199.11136408814,132011.33329416072
2017-10-12,139164.40968393662,144822.35809881092,132936.74451014606,140095.3584609801,140522.16884584623,136543.47110718733,141746.90708228116,309236.88148054545,130247.73001145328,131814.65179327573
2017-10-13,139221.17171018585,144871.71599092512,132930.5471187912,140118.87128687662,140595.20133379073,136537.45971532128,141793.39330559137,312851.1728846565,130348.05434191039,131975.12414755428
2017-10-16,139700.541550742,145266.92320195615,133195.6471593222,140554.85813339177,141048.70739736364,136880.5175091799,142232.91654183704,316865.8783381758,130781.82567120642,132151.12375076473
2017-10-17,141977.35120650457,147728.57457090192,135751.52530828895,142970.0320274849,143374.9602379116,139392.31177513726,144624.36260824525,317864.9640709582,131641.057214849,132244.29628759946
2017-10-18,142039.86046916628,147749.54014126642,135768.5919495114,143032.38971906542,143436.33120331506,139430.51021504824,144680.7435874674,317830.30114890815,131694.01537408648,132373.67797104063
2017-10-19,142806.46163861992,148590.5658584751,136547.68015929114,143810.683014938,144212.29598186672,140236.32719113663,145498.0760258165,318693.87862654653,132101.2246099005,132409.9504203509
2017-10-20,143767.68989211335,149563.39911552056,137411.50228222163,144850.56581524957,145206.79442717668,141199.03542865824,146444.81151910723,318652.70907517814,132562.1927775523,133093.23980578792
2017-10-23,144338.08827658067,150105.5720567674,137830.09048737824,145404.73441242083,145763.32885047875,141601.33397969572,146991.16310840187,318908.2448243112,132838.9834006441,132575.55029364192
2017-10-24,144441.54625668493,150286.44861807057,138197.97913369682,145611.85400186578,145951.64317213738,141990.65679444684,147171.160964699,320952.6480834625,132911.3259460666,132808.52233032405
2017-10-25,144427.0037379397,150231.04887570822,137940.8853419837,145622.5820170942,145896.53932676982,141856.77504772996,147049.85581136707,316052.9727528634,132831.432304346,132151.12375076473
2017-10-26,144726.92129438225,150424.62223538285,138376.7306328414,145959.6398443669,146178.30608593894,142329.73891033418,147403.24815319135,318204.9049350612,132875.15622456063,132321.91444577207
2017-10-27,145953.8042483013,151662.89644650492,139524.9201731049,147053.20055383095,147483.29359443643,143563.16567170052,148612.10879106386,324906.54323487135,133612.29019350075,133403.82095739926
2017-10-30,145427.79190409914,151074.47575712617,139091.14888443012,146479.74081580798,146978.73572481767,143136.2417679488,148082.75084851126,326035.3771669704,133185.50452728785,132906.88568887507
2017-10-31,145387.29868775344,150888.76723686577,139087.88053206797,146315.8642592553,146974.13214599475,143168.6104203526,148031.72281012186,328706.0927271551,133129.8834900405,133113.9488331927
2017-11-01,145489.32247526283,150846.07731073647,139310.3376202571,146426.520769512,147054.7781622644,143378.3256845461,148167.3520067003,329144.47093981097,133035.4515441107,133289.9755661334
2017-11-02,145358.44391690264,150789.60866381583,139133.3037733725,146357.1508778488,146897.77149861862,143181.46227634844,148037.7383701851,327577.0179599308,132774.83205860018,133341.6938751849
2017-11-03,146289.98082935688,151645.36194777064,139993.97202143687,147271.33004400236,147836.26065452414,144077.24478205017,148994.27382700716,331147.651071959,133399.3008905992,133786.89274817074
2017-11-06,145785.7348508299,151103.61787201196,139522.38216688775,146788.63252283187,147315.36980940934,143595.98221840855,148484.96905910678,331418.1007590512,133057.6465396011,133993.93780600154
2017-11-07,145754.43940049608,150923.20718642953,139425.46654615126,146737.34723348884,147272.5754635395,143516.67452542,148462.4797807186,333973.77131852525,133305.37459619727,133900.75622592343
2017-11-08,145260.1640141768,150518.09116516064,138930.32732764946,146250.36879823325,146771.93594889407,142974.15528648824,147950.23657831326,331186.7469089302,133210.7497746883,134128.50126791562
2017-11-09,144384.34823960005,149702.65446859336,138069.47357850772,145381.8170783614,145870.17206368357,142088.92901080154,147031.39292350656,327131.7381335988,132855.58354923374,133641.93859958067
2017-11-10,145792.32149189446,150615.6134535093,139009.18956822477,146661.22989066405,147279.86349340813,143418.90635478194,148485.360854541,338133.1080361604,133369.08126031133,133600.5567177447
2017-11-13,145744.03493564785,150739.7876099711,139116.56113540844,146639.11682922873,147215.05591203022,143369.93513933284,148414.31841467627,335052.203642902,133418.98613209592,133724.75662271297
2017-11-14,146011.0021963885,150827.43379579636,139277.1237569382,146835.00898926792,147467.5676181144,143539.0878029963,148677.27454849216,336732.4690729102,133524.64644209977,133414.20260083186
2017-11-15,144787.23372892017,149912.8812681557,138462.07549644052,145673.20735905386,146178.414226485,142551.64098717287,147389.1976948664,332145.7642606673,133047.11526093178,132746.4042913531
2017-11-16,149403.9788575102,153993.73010434487,141947.1714743557,150352.5361214065,151137.72064779708,146505.6604374117,152339.02756208408,336307.60973829986,134967.29367664587,133874.90159301937
2017-11-17,148309.37482285145,152973.29276948018,140911.57323001558,149285.177054914,149933.13018244295,145450.0029018675,151162.19145284325,334963.33537893504,134369.989592346,133481.4572020587
2017-11-20,149185.6251738664,153809.94943566786,141704.7764741984,150187.10961798712,150696.39411984716,146273.63848492393,152006.9804557729,338010.8361443075,134619.4877390158,133709.19320080747
2017-11-21,149068.98080867232,153752.15625332872,141605.1088348457,150058.8546611219,150588.6774361859,146191.56783292635,151863.26025371382,339900.98348688195,134600.1155921177,134584.08178433406
2017-11-22,148567.5459501769,153140.24034797223,141083.24110029312,149552.08167375828,150012.0073691519,145652.9197031019,151335.58347422892,338553.3533135316,134349.26761440956,134465.02748486507
2017-11-24,148888.62123285976,153333.80883355992,141307.5285609585,149826.68821485044,150305.70459351776,145883.33822329761,151659.05284640758,340896.27000923007,134587.9542492753,134775.599593233
2017-11-27,148627.82818186432,153051.0047043938,141150.77064876264,149523.47843925998,150013.92415938873,145671.37966668856,151395.05189100403,338266.3182225564,134655.23785167758,134708.30881903257
2017-11-28,150305.97503032174,155325.91886582295,142976.2315370823,151302.7548149883,151752.77791959842,147578.80179647126,153197.75682770516,336541.5984837854,135570.15101839346,136074.9056763934
2017-11-29,149965.44773043066,155500.22478000814,142843.3682974565,151069.26802002752,151508.74324557898,147446.28907628433,152904.12264711136,322884.3899942379,135515.9554573102,135992.1057397479
2017-11-30,150247.89972657777,156065.73431333457,143127.40302549803,151446.7317856207,151838.05070946823,147803.5188897021,153256.72871304292,327422.1578570425,135702.525166732,137182.68490741146
2017-12-01,150601.71185818457,156226.27168428607,143410.35915295262,151739.03106771948,152156.21822495913,148117.20853961763,153574.37460029742,324462.51570625586,135752.3729533737,136897.9583887042
2017-12-04,150623.03834385512,156172.98919987655,143239.00806427997,151665.16371627626,152197.57969321735,148405.3095820109,153784.58539157658,313334.94964268105,135514.19906928402,136732.33138568295
2017-12-05,150542.03855144957,155930.7839727952,143231.39253163224,151558.17948634317,152067.9200758217,148143.91106539682,153572.5479639459,314290.3416146716,135511.1702794683,136240.55980914485
2017-12-06,151217.17311670864,156417.83245351058,143878.11425343208,152270.1432897926,152718.75577399004,148607.78015538838,154136.8799188199,316161.73628736555,135815.0432365196,136266.4144420489
2017-12-07,150547.41740800702,155876.49027055342,143315.37950702684,151654.72994497672,152077.6420478318,147932.2422422305,153472.2886815953,318715.2282388976,135691.22854370612,136696.09510934626
2017-12-08,151384.76355247508,156586.50589202478,144149.60124472727,152481.50315891037,152918.76398110992,148761.51421461633,154311.42087033868,318893.626864485,136063.5265652981,137441.52062024106
2017-12-11,151730.64325551156,157079.68575769715,144409.48819507498,152837.94824450204,153273.35647316958,149090.3251410197,154684.9413461573,322286.8007155069,136285.5091366934,137855.6288223895
2017-12-12,152199.21777438556,157291.5773656212,144932.78736067517,153246.9554949829,153689.26652266525,149485.73089460115,155113.57678041235,318601.3171029245,136205.98769918195,138098.9644160174
2017-12-13,151711.454206508,156782.52099013515,144510.9359119372,152760.2875131084,153158.6099260123,148932.2623209988,154575.47204228304,313571.8950158547,135961.0851571066,138083.3738643817
2017-12-14,150840.11959872904,156026.9908447966,143584.85759263852,151811.49679362887,152338.1479320509,148050.1916661012,153713.2129731397,313466.6557885592,135801.5921534904,137519.16590814388
2017-12-15,151864.72814024426,157062.27027629263,144536.95464127156,152819.7149893415,153371.63716905718,149082.0784382605,154779.5248235637,319445.42884038185,136244.0960525379,138664.3479938983
2017-12-18,151864.69597114023,157014.54695643895,144619.86660733627,152773.81362662316,153316.03968948027,149205.7497203232,154835.04313554955,325856.01724706707,136104.00297188255,139543.69489642512
2017-12-19,151609.05823816752,156652.36997002095,144440.66486875463,152556.17162882787,152990.34191262253,148962.7855177577,154565.88043640406,323630.1152596935,135806.67687389802,139007.75611908137
2017-12-20,151149.95793183343,156213.76396306718,144023.17547480983,152081.09175447837,152525.8896244708,148546.6735339241,154117.88692523498,323972.569373685,135603.22613558042,138934.87662045468
2017-12-21,150906.22653984063,155849.0452558479,143864.8757551015,151921.016847325,152281.82226957544,148353.83064572196,153891.5925137101,323603.2583252142,135592.82039163008,139221.04101486385
2017-12-22,150383.33767064204,155346.87709148385,143233.32803181067,151401.64694168975,151706.08289374987,147877.4527660865,153274.0578137695,322691.6478114817,135461.8166359662,139184.64196014585
2017-12-26,150877.6128939041,155899.52767654677,143551.1889889426,151857.2066065017,152163.09704725488,148360.93851367844,153684.21938754283,324887.2900105008,135667.704469426,139018.09254629695
2017-12-27,151153.2782174766,156185.62669356877,143854.50317314634,152129.3471713119,152461.9736147843,148603.7584811035,154001.15680066805,325069.3373072011,135902.7375623384,139085.76313672055
2017-12-28,151330.54882293282,156462.90008564264,143948.85020238053,152310.00767365226,152611.3026452908,148735.1200846858,154142.29603919637,325752.48726222,136134.23255326797,139371.96370410337
2017-12-29,150337.11727280842,155497.41757235647,142987.31649426906,151300.94146438618,151581.28066945117,147737.24180398876,153092.6963010493,321094.150045947,135545.41230242472,138846.43369992246
2018-01-02,150296.78358117508,155410.7989026295,142951.79233243698,151281.83422461155,151609.67955408385,147708.89828382866,153138.1420353752,327064.9914110077,135524.1497100602,139840.2138045367
2018-01-03,151582.34282940134,156372.06310488255,144311.5433239955,152607.6503440921,153016.45195177788,149145.7206846356,154611.09637221083,340354.10502871923,135921.24547312214,140724.70631256283
2018-01-04,151815.8622197642,156473.88504964378,144389.00330334733,152827.07595249236,153254.74378661797,149271.80009640107,154861.01975205634,341897.6142632636,136095.9113711879,141317.8616909503
2018-01-05,152489.73817112105,157285.34148070877,145139.06325107315,153541.57613817177,153936.26145908263,150035.35573368723,155583.4586574936,344038.4036118541,136507.36739725072,142259.5888865069
2018-01-08,153600.26640381568,158592.2838766651,146153.04856700197,154706.20909723564,155142.93325756417,151066.17071668227,156789.34953979592,351517.7159960111,137341.48764166844,142519.72682638728
2018-01-09,154193.7712938187,159171.00468810464,146899.71822773232,155320.75132963742,155651.47390491297,151855.8197449322,157392.9371450918,351578.115308446,137446.95851580906,142842.30836200132
2018-01-10,154188.8357040972,159096.50915391766,146833.96744668452,155313.08486309854,155642.59627949435,151806.87743207422,157392.84991556237,353303.91452968126,137368.0480904803,142623.76029855525
2018-01-11,154737.02108072618,159639.40708927548,147212.78636669362,155835.43951945397,156214.93558577832,152217.2648249184,157966.83169906895,354159.2919326996,137657.51451581632,143664.40249051084
2018-01-12,155850.90027428087,160721.672272457,148254.85650865716,156932.2862421446,157317.07234077185,153263.85003688288,159079.31011396603,354049.6813100732,138221.60044853596,144600.92077786435
2018-01-16,156002.1178092942,160828.01764892918,148323.15789176687,157009.09194373482,157463.30751709317,153305.11080712025,159244.50440427236,351200.8262804539,138198.0235798319,144106.62613641538
2018-01-17,157130.3513409528,162164.32534055036,149397.65172517375,158223.19979701116,158660.83088577152,154486.70719473538,160443.9757987439,356977.5899160444,138963.58016104053,145480.2495939044
2018-01-18,157147.79943150087,162316.2362048864,149307.92358071083,158290.7671084167,158747.72386044785,154435.92217543148,160518.6269259975,356951.23866377864,139086.74415693578,145235.68411917295
2018-01-19,157507.17157324165,162637.66197329396,149704.89115283982,158628.38310104964,159102.08828671934,154803.97976808663,160852.4257523708,362706.2988224424,139313.61204421512,145896.4196555499
2018-01-22,158662.65250387578,163726.6401334952,150886.4714641491,159758.17947644688,160253.90841523322,155948.01787757166,162004.74173716438,367181.4939242042,140043.81900723506,147082.7304123248
2018-01-23,157592.99118675728,162663.45543697797,150003.51491228334,158583.04713707318,159196.158301293,155113.86880497384,160898.71132384162,371837.8487006589,139406.64983292323,147394.86700180234
2018-01-24,157644.22855424104,162564.5848323127,150128.41793400113,158613.08785239857,159224.51891059623,155127.8832134712,160937.00828224534,368801.53567946696,139367.23559836549,147337.69561697566
2018-01-25,158506.97910145918,163659.7958837853,150972.1114365874,159414.82129962798,160054.02160992945,155988.27328113705,161762.27740562064,370522.7772825742,140014.8106908036,147400.07591000546
2018-01-26,160560.7415505613,165962.22519663302,152704.1338047595,161363.65726302515,162094.73509543663,157883.10073256565,163795.35841874627,379471.44393403246,141167.7263916431,149106.69871951474
2018-01-29,160611.09391487704,165647.4043992715,152665.10716699512,161475.85093701287,162185.7248231827,157809.8627277009,163883.4232392048,382571.3400158549,141037.5324115097,148118.14560959043
2018-01-30,158846.92438039597,164011.01035572332,151013.69122390263,159668.3393584055,160388.7147136991,156124.1449261542,162065.3891851196,377125.7603634876,140247.24231148165,146598.83550079525
2018-01-31,158728.47580696494,164023.72441739164,150658.90516020375,159422.5796794677,160267.8977360067,155886.49772299666,161894.502220571,379986.59997130977,140195.90410997663,146671.73308590878
2018-02-01,158791.60422237136,163907.43024126868,150828.68634847616,159418.8987617873,160329.0782549053,156034.43835545433,161929.4484580914,374660.53420790343,140064.67487210105,146505.1927153033
2018-02-02,155969.27530742894,161212.10088358377,148131.00135136256,156672.6857216296,157493.85474543358,153206.80541556352,159086.30548667305,365778.2851771274,139003.02205848123,143315.8035436114
2018-02-05,148962.3618521978,154455.25439133792,141395.5731594596,149727.3455168589,150410.90817141434,146161.60807502142,151963.31369414553,340622.6537364684,136118.130870517,137321.9508558978
2018-02-06,151963.6914933207,156860.438383064,144323.86489306204,152569.65861884312,153420.82994440533,149312.80767447074,154937.654122032,353471.78167734935,136955.97029269126,140027.5265052508
2018-02-07,153229.8328221291,157868.70807289027,145562.45687764153,153838.3021257086,154717.6849524125,150653.4888081394,156223.79737718875,357138.8211636667,137288.95881262305,139267.84884274472
2018-02-08,150143.7122668203,154694.9064119473,142681.6436437108,150750.71719355154,151716.02080961835,147581.96580411078,153095.8160203626,341514.2476981245,135994.92437023716,134044.09163394343
2018-02-09,151287.97560169236,155768.9274691027,143646.32006413155,151901.1663281933,152819.4343562268,148569.86124189437,154182.03567831748,358241.7002927531,136711.51456735947,136057.63308148374
2018-02-12,152058.46155121844,156467.23292458424,144414.43208052,152652.66078789343,153640.32681213453,149296.29714585608,154918.9192717736,355275.9327381872,136926.4814234879,138055.54780441464
2018-02-13,152926.383135367,157347.15870821252,145239.58825439026,153509.84790044645,154518.34710789128,150180.14346682568,155783.52259654226,360740.88276950835,137293.5829741757,138398.98305932796
2018-02-14,154170.42872048944,158489.22646192223,146342.83439858153,154769.30405872586,155682.8429373238,151481.5625168432,157010.01902544594,370563.167327071,137729.16368059558,140266.85594204892
2018-02-15,155459.35745133055,159654.56478557066,147459.40032980003,156036.65165643295,156993.69666136723,152691.27501514443,158313.6460728739,377532.15413706226,138326.5488216661,142056.6946774005
2018-02-16,156046.54755988353,160195.20207360215,147971.50858446053,156578.67967798255,157592.38840658328,153129.76488595607,158889.65406719028,375642.6122633196,138530.82796643232,142098.3026403216
2018-02-20,152889.39049990344,156718.71472288968,144755.9191697734,153869.26032318265,154489.83016495657,150445.9248420469,155788.95613911859,377390.08687059657,137361.9371072722,141208.58313760554
2018-02-21,151857.44062981146,155686.59633109235,143745.4868233101,152948.36724071877,153448.8808133422,149536.24640103878,154765.85653563816,368534.25738261145,136864.02905184685,140506.1582491168
2018-02-22,151944.7444670395,155670.39066634822,143826.54999369252,152991.0741458733,153529.40311935425,149626.55481842556,154836.15955872138,369698.6794824411,136919.2004501279,140688.2982146014
2018-02-23,153121.23434694836,157012.3626454279,144933.66420066712,154247.64052783797,154724.65436148838,150809.53041130147,156071.19608089558,375659.7297906173,137410.11758765153,142930.74223929012
2018-02-26,153465.05722367653,157358.7126913365,145223.9383915406,154603.7288985818,155092.04792839842,151124.17205455902,156432.7382034682,376974.98933905154,137546.8154477764,144590.54817767514
2018-02-27,152600.15105399658,156460.7830827586,144438.2907686405,153745.38960304658,154241.74351640974,150276.8153085537,155556.61616769314,374851.20437652693,137238.4534861413,142785.0736744708
2018-02-28,151892.7795437702,155783.31396091048,143791.8428715718,153042.76356679955,153504.54674584957,149607.46296020277,154832.08091108574,369385.97095161007,136949.17689761106,141338.65210754573
2018-03-01,151629.98258760048,155291.8527789833,143189.4268058089,152740.23918923715,153236.83985647323,149056.87448016583,154489.09170801973,358080.9140785458,136653.35553437745,139283.4846105975
2018-03-02,151629.00551431844,155408.19472236122,143315.29691930412,152743.43177630083,153212.4529086065,149140.60526491574,154473.8388303467,362643.5663220452,136727.66734593597,140001.4910074786
2018-03-05,152618.10312255574,156296.90826354566,144087.1198316898,153743.52288526282,154216.6487466982,149980.80773479556,155434.71342994322,363293.73999197985,137009.85487104318,141619.6166369952
2018-03-06,151954.79347125083,155765.95100127367,143653.17031460852,153109.7376954082,153563.58116277066,149475.67728365317,154870.76320746675,369073.1391279824,136898.96879536568,141978.63340030087
2018-03-07,151847.0914543231,155677.59869707763,143543.67001834261,153009.6514682845,153433.6459279615,149324.7353651506,154704.52057722228,368390.76867793704,136854.5576850351,141926.58953448664
2018-03-08,152537.19983550045,156474.01764897944,143908.72461740888,153773.70764047542,154168.02138698756,149876.8615768266,155421.65883663035,368787.7256394478,137147.9168190461,142613.37865512265
2018-03-09,153502.0291484671,157555.0474150125,144966.04684105184,154761.53765340388,155170.96597964643,151011.3439690935,156458.4972836462,374857.9896104979,137649.49602288904,145095.1973328265
2018-03-12,153360.27947093383,157372.4424519366,144974.9262952527,154627.84490328282,155021.44842721577,150920.2319571073,156325.45128889213,378766.96332291863,137566.6299382731,144913.0754538287
2018-03-13,153514.59857598384,157565.29870216703,144830.5043221395,154819.46684189345,155186.71799062198,150896.29336370382,156463.7438226551,376652.2869360162,137590.29138140276,143976.56620971859
2018-03-14,153566.32845598742,157579.32494644105,145055.15821017622,154808.05160229228,155256.25231022172,150934.79558463415,156523.68817246702,377358.7969310491,137540.59541548308,143237.724180025
2018-03-15,153646.90491655556,157691.63856711827,145196.60138621912,154921.27379929114,155362.84536293097,151075.91170532722,156639.64475311578,378215.4225435476,137616.00702605292,143081.71014474667
2018-03-16,154514.61518004298,158538.85059875107,146068.2836035746,155815.75355452436,156248.62820192619,151979.78261213846,157540.8641941744,380602.30851265485,138011.4882307353,143236.7655962237
2018-03-19,152785.81465645542,156657.20215005724,144398.9510832403,153998.5532919499,154486.76260715158,150310.87931552058,155763.11049099633,369189.10083788045,137231.43692882758,141298.75331762875
2018-03-20,153626.80659626264,157596.76238546253,145239.23706481047,154899.00572728744,155346.6008803647,151120.75787823708,156632.06966183003,378447.25833223056,137641.95613106966,141539.12272741878
2018-03-21,153556.20293330777,157507.03458200605,145146.40546779623,154808.8460169136,155276.1609351419,151046.16646104676,156559.57783138615,377421.4581010305,137596.30431392946,141267.4184792193
2018-03-22,151378.01958947262,155315.5585838982,142980.1466172214,152792.32891983824,153242.5766896114,148839.59261941645,154406.30351449837,368192.4509452395,136613.50852161372,137736.12236075007
2018-03-23,148893.65327639368,152760.63756467812,140643.99205939347,150277.85901488247,150724.58377494835,146447.70600197063,151898.75083205214,356663.7989285754,135384.83623446635,134800.35095044124
2018-03-26,151686.62853102898,155648.36693401978,143281.9014571607,153114.2746589892,153564.31668910524,149143.8835489939,154705.3780846349,371010.4205270157,136758.58668920715,138488.36647717466
2018-03-27,149843.9177480526,153777.7060805748,141552.7597145723,151249.80235942444,151616.84149747848,147473.43592255315,152878.00731504319,350677.240369929,135800.76418441322,136132.39357473934
2018-03-28,150433.23988793138,154593.3337692303,142175.54279438517,151982.7311343248,152218.44829161698,148266.50656388493,153434.30782032828,346767.68444340304,135945.5921786451,135730.1862809161
2018-03-29,151580.50370491474,155709.9470860677,143292.33249319994,153080.13853357185,153393.40210120147,149327.05349019304,154614.6745376044,358612.64793374564,136530.50372729974,137464.5085449847
2018-04-02,148146.8285849626,152211.98722955366,140112.4247493786,149889.2759890553,149919.38573804445,146042.9688523967,151115.68815068534,345260.0346316423,135491.44242744014,134497.37516653622
2018-04-03,150275.6439701997,154425.78665477343,141983.9759187242,151706.5178617952,152074.32894862592,148111.78024801018,153290.2609690638,351214.3294925597,136034.4311116572,136221.22535473813
2018-04-04,151268.30760599003,155466.52429433362,142848.30814330914,152596.50762637667,153079.38500452062,149092.92467074044,154305.24672519387,353309.66831468913,136365.22043610676,137678.66159213436
2018-04-05,151821.58466928505,155932.4836051197,143442.53787346854,153276.8495340556,153638.1067315693,149639.61117266418,154839.37965482092,349395.82458220405,136622.28429854068,138765.252503847
2018-04-06,150375.05987847815,154416.48805113946,142082.86007627836,151842.22189573428,152171.89051659213,148227.0072623365,153355.95303733306,340027.608177723,135814.52466964725,135672.71646905696
2018-04-09,150492.88335911778,154623.6350977308,142153.88791731192,151882.35959091486,152290.47737850668,148316.3514465467,153490.22144688733,341730.91240504436,135922.13655344344,136341.40101638975
2018-04-10,151061.50225057153,155281.75700541076,142659.23848131043,152400.51791246384,152878.04606606736,148845.1690924795,154113.49341032928,355409.6785588032,136358.05029206007,138509.24732620417
2018-04-11,150431.77106632045,154628.63350470416,142062.6253090725,151739.48330985184,152235.54764085117,148232.99441956801,153464.41576823464,352614.0703046155,135989.15980699658,137783.12913998592
2018-04-12,150366.29542504332,154790.78465350598,141838.34030967468,151650.19507979398,152219.9154141437,148029.03037913542,153606.9861446801,361778.92857368395,136147.73539877476,138916.7087444476
2018-04-13,150511.9182541246,154650.98554420428,142014.23767521844,151783.03578193905,152332.91580304713,148204.14037985582,153553.00702155597,357956.1657269992,136090.6297058285,138509.24732620417
2018-04-16,151362.56923303433,155418.0996410689,142893.02374419838,152645.191035179,153166.00301874403,149080.99622361944,154303.98987499176,358753.14027253294,136365.6124317203,139648.01775238218
2018-04-17,151932.56501452753,155931.7093627811,143347.11300069914,153201.90902456737,153728.59490503394,149696.05385706207,154831.411144848,365191.17899886606,136543.01468487782,141142.0700823382
2018-04-18,151267.0381629995,155255.64286012965,142647.9695884098,152522.23802492526,153046.39124110073,149084.18489005393,154145.86876144918,362933.1662885554,136267.19663745206,141246.5466734332
2018-04-19,150992.97102435006,155151.6019076637,142374.7320150262,152239.94493900315,152769.48606480838,148860.10979290478,153955.86836848414,356244.1917216286,136260.11249910036,140462.9496321124
2018-04-20,149932.60055197548,154305.55941450733,141353.80437031534,151154.49646451272,151673.23306450289,147844.52724505894,152941.12672987272,355040.3294182696,135947.6371555699,139271.909259035
2018-04-23,149676.9116421921,153972.33677789874,141114.6359567379,150905.09906410187,151412.03202313636,147565.06372177793,152663.16149613875,349786.0263486588,135813.79661155905,139251.05553973568
2018-04-24,150046.5952511346,154139.73137799962,141506.05298919,151307.09888035775,151817.75681121674,147917.44520693077,152982.12264069714,347048.58608738997,135861.92447972583,137375.69485147274
2018-04-25,149275.75384218537,153478.14409897762,140666.70137165376,150515.68405382533,150992.9517969915,147219.8227539622,152260.34550151404,342153.52290332416,135686.3512128584,137715.23246847713
2018-04-26,150723.0306651007,154948.55196530645,142279.55402378354,152041.1318978144,152443.75921474333,148891.71197956425,153797.33446945818,352011.559655516,136355.0544143702,139115.19889401423
2018-04-27,150589.971813732,154848.65801336867,142256.45955758248,151915.65263626925,152244.18761988502,148943.8874033339,153685.34543350164,352947.5798073688,136338.46560089767,139245.81045855893
2018-04-30,150650.88228328407,154778.97483604788,142250.04215455375,151921.3871025801,152386.4002780959,148898.55875037547,153799.36519991743,351180.31895010767,136266.86585000635,138174.91861740293
2018-05-01,150109.61514612165,154251.22937679425,141641.75895144392,151320.59740007835,151791.54668328157,148312.22312259514,153190.0265575121,352965.35485215194,136032.58035300602,138420.44267593563
2018-05-02,149269.3833179762,153274.97965216948,140807.44300472245,150389.7667848857,150931.01495824364,147559.78645933227,152360.15344507992,351064.6084276458,135595.7106750941,137490.66160492122
2018-05-03,149249.21609374642,153290.3655464523,140650.51739470294,150329.20017621957,150897.3550736921,147446.58948224355,152282.22247057135,357462.5337394282,135585.01614037447,137187.61347506894
2018-05-04,150572.98569684156,154700.092377192,141978.95122663263,151667.27563386023,152265.86335305107,148759.42344626394,153681.76627834904,364882.0621955307,136211.8049007748,138963.71552368344
2018-05-07,150438.54429730965,154413.64748134086,141493.859539405,151532.42681258713,152151.62949669317,148567.6595069691,153511.4921863401,374263.6055255389,136047.86431639554,139433.8827917193
2018-05-08,149018.93955517747,152979.63577284687,140313.27238303423,150237.89980416233,150895.34925259047,147190.4706241569,152391.35752188246,375746.31164346996,135733.02044692976,139433.8827917193
2018-05-09,148531.5418608506,152249.19918975313,139420.87889264178,149766.81216259347,150456.40498169634,146606.08622932943,151961.35676879255,381277.39805537264,135507.77070905996,140781.61544333067
2018-05-10,150245.54510329146,153894.46416669225,140820.49760020766,151400.0181297225,152122.55085592883,148141.69597180808,153578.06770000613,386864.69865803473,136159.71655805391,142097.99517004573
2018-05-11,150522.32645778818,154331.35698074783,140685.8210457955,151552.30752935275,152402.34585206234,148174.16525295278,153877.4745400232,381655.0169186574,136303.15755970072,142531.56443200863
2018-05-14,150089.70271513896,154084.58517214362,140533.46651624856,151183.08945896744,151964.78642576066,147874.68209224785,153402.89743138742,382419.0734785001,136216.26385545766,142599.47014676084
2018-05-15,148630.1646691956,152798.6174914409,139114.60206161422,149696.04734270356,150492.60905855184,146411.64896081132,151889.5676247908,371636.3776493339,135612.11765935284,141617.43721533383
2018-05-16,148645.45368486084,153031.3254735144,139105.15384399233,149625.08141825194,150461.16623113077,146191.81277035974,151772.27474484226,372316.8774798015,135692.6898191261,142212.91670727718
2018-05-17,146431.56985783493,150818.4953811226,136998.94352300782,147351.9068385738,148232.95362343566,144048.90685963386,149504.04004930094,373037.4350238835,135159.5007234508,142092.81339157285
2018-05-18,146231.9486558268,150572.422437069,136789.05010720674,147086.02166680168,148011.85108875157,143828.29226045232,149269.5377184642,370454.5819714576,134764.4302615232,141737.54957428158
2018-05-21,147374.40035564092,151574.85740067318,137729.1279461911,148274.7726569773,149255.2698869606,145056.34582406472,150490.11149943472,369961.2301984355,135224.45734437424,142803.1872910174
2018-05-22,146295.43001928178,150434.39809117455,136699.61007604407,147167.78871700395,148163.41461738155,143994.8592356452,149381.5802953029,368060.81940835953,134996.23443062702,142406.1889053973
2018-05-23,146596.62819794595,150686.4605591489,136944.61589811507,147419.59749957419,148463.11790644465,144283.67790167866,149669.52970631863,373189.7962406764,135130.0883843833,142797.9964693011
2018-05-24,146199.73763516816,150415.16528692885,136717.70502265825,147093.4923492138,148113.56475831004,144143.94922806692,149258.2891840679,372800.3212404588,134893.89288985118,142505.44754504575
2018-05-25,146651.5150928319,150780.54918359622,137201.1373543002,147582.04964385775,148608.1973839107,144653.05226566677,149606.3090308742,374407.94298136845,134965.73030737432,142165.90992804134
2018-05-29,146075.6254455492,150518.46261369972,136908.9988540315,146962.70588094366,148097.6206742356,144539.47641794718,149067.43239722375,371864.1685827881,134199.86311016476,140530.8734333514
2018-05-30,147716.0410780203,152240.23645387212,138403.59539481043,148599.05554765894,149738.7751502144,146107.5221712112,150794.46198248563,378309.02765014156,135159.09455073712,142406.1889053973
2018-05-31,146835.65582817458,151195.4468868543,137386.74925764507,147680.34336162324,148926.4114391214,145061.92095040975,149889.5409050871,376443.1025896772,134672.826775976,141533.87764624204
2018-06-01,147628.3545970151,151994.93867452382,138300.6206922848,148468.30584169837,149766.35707729982,145858.95678657255,150731.38752448634,382392.7814277126,134971.95752377989,142923.37199591243
2018-06-04,148691.1275132941,153031.60020825834,139362.6911148177,149647.28739356174,150698.21976783397,146975.063941429,151783.03727404028,390421.3641050415,135552.28733806248,143602.44722992124
2018-06-05,148052.51239094243,152334.2090300735,138805.47700903614,149016.16024892495,150083.5908327833,146325.25849619778,151137.26733306068,389741.51385723636,135139.97083542155,143706.96903723324
2018-06-06,148245.01889080674,152696.45820333497,139177.67158508938,149217.54392385736,150327.8619744705,146562.27515695727,151373.84194773968,390307.7418881679,135208.50202255457,144908.41818347346
2018-06-07,148137.90313403372,152749.10931111348,138939.4436643262,149054.0858132941,150240.68777805247,146340.00060903115,151291.7918144488,388420.89321432187,135294.00289384564,144892.7824156207
2018-06-08,148357.4525771321,153075.5943593348,139058.3805042086,149206.22579757933,150472.45896764248,146471.52713417984,151522.6970918053,387984.23407476145,135368.1312924613,145321.11563965023
2018-06-11,147475.32548945904,152092.17694233588,138301.14402605192,148379.88781045124,149567.73872072535,145671.97268763723,150613.62160279107,385583.6075033268,135006.1312897254,145514.41496750058
2018-06-12,147848.89680535084,152437.5911481401,138701.89467491358,148819.09437049794,149979.2162381885,146173.8905767686,151064.68109838635,387709.55208227277,135102.97953725996,145702.46017093075
2018-06-13,147802.78988139573,152387.07316746243,138655.4120545892,148763.10840802122,149926.7348609334,146107.76507798836,151004.97909018345,387408.50964906777,135069.27742570295,145237.51085434138
2018-06-14,148728.08776825407,152921.21446135183,139732.67285298673,149706.0927456436,150966.6307806075,147113.62382192916,152020.4833223342,391578.1362737923,135149.7612913635,145603.1924880389
2018-06-15,148628.34965898984,152953.76121322595,139581.42956469677,149577.35899239263,150852.057585838,146979.96413740332,151905.6888204987,390010.0771631476,135146.36365464242,145417.4080954608
2018-06-18,148295.31911951402,152436.10786080698,139519.58618515357,149239.98734027887,150572.11652384693,146766.12327551236,151613.726152132,389663.64692871476,134964.02287359734,145118.32994946468
2018-06-19,148330.1955327478,152956.721960333,139290.39618789978,149175.18319733866,150552.63960109375,146651.321994138,151597.44800308766,385357.57377040567,135148.78850619658,144562.08909066953
2018-06-20,148478.063764286,152880.1288903815,139577.26886707853,149350.81168149825,150742.57659155742,146875.37305599853,151783.45302613097,387373.5359253472,135132.79845925368,144808.76164111507
2018-06-21,148054.0229816599,152041.77094734448,139284.1056707658,148912.50338128206,150287.1850146384,146486.0911540164,151312.3089841019,382201.2804815539,134907.1839588945,143900.98278131284
2018-06-22,148041.75967079878,151721.6546879373,139443.33895160427,148868.96996229375,150164.46085846546,146584.55642421835,151148.59316315674,375913.74218823825,134755.44073507332,144163.3272725848
2018-06-25,147589.7932964982,150661.2548727251,139097.63349378324,148335.04135356145,149593.06310892027,146116.48700643395,150533.28627345077,364257.6536967773,134432.25734372798,142200.88015030086
2018-06-26,147959.0708830686,151048.67943952343,139350.54039936865,148702.90786174563,149993.29936173296,146399.84201459447,150943.10828200862,367124.7599976306,134526.10168655735,142515.72971280088
2018-06-27,147569.12151754842,150283.2178655354,138973.92466077488,148260.76120335545,149545.10334804133,145936.6729748893,150467.53723560425,360480.01956002804,134225.43998442852,141335.05289666928
2018-06-28,147301.7450446695,149820.18019519636,138975.6288490289,147822.2269109293,149258.03341463738,145825.38262751757,150157.31219241963,365894.8223050736,134203.25501557044,142143.13904113948
2018-06-29,146804.1931293488,149384.75029810512,138382.8118169695,147414.95726775817,148754.0120200261,145260.665976666,149662.70259188703,361433.38091948605,133944.75302064995,142347.80572595395
2018-07-02,147529.7515944242,150075.28683916474,139111.0773276279,148103.17489685502,149476.7686312312,146045.31339787715,150367.53375411563,367254.7000074549,134092.561654833,142652.1470396136
2018-07-03,147384.56246065843,150132.8981233674,138952.7707380505,147976.2146477559,149367.80719028524,145945.72750971763,150213.71615269032,361462.7176274321,133998.03164303018,142148.4202952899
2018-07-05,148558.3939867035,151323.9677889436,140308.77909404182,148968.17364969343,150581.43880764543,147312.21505823152,151367.17141165741,368247.34681103093,134503.95485651388,143308.04444076717
2018-07-06,149424.28371079385,152282.8442844132,141121.45377029962,149874.92745163952,151408.21550619445,148163.99843252497,152209.8409091923,373592.1485530913,135050.54249707417,144520.16461422908
2018-07-09,148935.9685260298,152685.7602042212,140796.76389217807,149436.60355856264,150816.94139372936,147411.85135439827,151664.84159626922,376082.9420343532,135480.3901616024,145821.49638391292
2018-07-10,150801.6415284387,154643.38562120634,142567.4784113657,151269.54887021883,152691.32972253012,149253.5859674068,153583.37526331487,380998.4291407374,136222.20272259339,146346.2396259173
2018-07-11,149956.41929036417,153431.8627347389,141756.87979402693,150339.45699288504,151918.20506126672,148558.56404624967,152807.47388663763,374841.960704295,135761.63862822295,145275.74568747127
2018-07-12,150911.72371909386,154417.19012550608,142560.33037983978,151404.6480071728,152853.15932359794,149431.31942172832,153674.3044694305,379130.6217876783,136220.57402701513,146592.81270068538
2018-07-13,150455.9343112791,153773.188275109,142563.32543830737,150818.21827854222,152444.6531278477,149106.84396402058,153338.4698482189,377130.31712555577,136070.22955869904,146708.27683252134
2018-07-16,150861.20399720306,154845.71913641808,142806.38407577225,151048.71681193498,152816.56230604797,149424.90100906527,153723.84518126864,377185.92615966726,136393.6494664482,146577.05937066828
2018-07-17,153552.2404624571,157298.34276530548,144987.32992170184,154012.84593657995,155438.9446345261,151950.82341095564,156477.73694494495,384004.8168451035,137451.6080804672,147170.02484094418
2018-07-18,153045.42087293917,157003.85748893386,144562.4649064841,153400.19331564198,154941.43322636583,151462.53053237268,155952.1620629137,381856.5126788275,137214.32403077316,147479.6112357806
2018-07-19,151400.36415472295,155228.70559066097,143238.0763840769,151684.74495974384,153340.00378594437,149933.84756620714,154279.90666588844,381308.60387951415,136714.57421289672,146923.34324725522
2018-07-20,151370.2962420298,155213.15468260433,143218.07229310102,151632.64227430313,153319.910824142,149855.11696322676,154263.9568287217,380638.9538383128,136750.61326664232,146755.46447662532
2018-07-23,151483.7097034347,155265.5131328091,143304.9949008682,151722.64720108526,153434.20971188843,149941.23902432696,154411.47398675262,379667.8489256893,136751.36828375232,147028.3805194415
2018-07-24,152474.859674122,156248.85732354215,144313.14836820136,152741.8270450779,154453.4255115348,150983.82070242838,155408.1033263859,380178.2931736781,137203.61815832794,147768.19921942317
2018-07-25,152124.88992871612,155876.96094570006,143925.33174463754,152343.7575225927,154096.55675296235,150569.62130708544,155081.59852193546,383097.376262695,137052.89077777645,149027.58842617978
2018-07-26,152618.3120730032,156410.11083136505,144417.65058756404,152844.57296847607,154608.93615552236,151097.54375811497,155565.105224117,386544.857532676,137334.0613853194,148675.98712246882
2018-07-27,152684.77462225297,156329.2673379294,144436.8456497933,152892.6721127766,154669.1147134756,151092.78890565527,155651.00636984012,384066.76446685655,137240.80263115506,147668.48841760433
2018-07-30,152855.9484039283,156395.61636801195,144600.30818129127,153048.70751991047,154835.7427256957,151225.1994685981,155817.17912512962,376392.57404523535,137112.26290009276,146897.14497110166
2018-07-31,152905.05566522246,156711.99614943066,144641.07193831704,153139.30824601892,154905.6729763365,151306.6474006643,155866.41486908114,376949.9053965722,137257.3726137316,147621.31885998714
2018-08-01,152760.47160542148,156510.15918229969,144498.90943634431,152985.1754750536,154757.85806978084,151194.50214713352,155724.75979468302,378696.8974312023,137206.53369109216,147374.6643960284
2018-08-02,153216.16107199626,157046.39216603173,144907.02648195467,153448.70644069448,155236.1929375673,151663.09563395273,156178.0740464421,383284.6615625569,137551.53003856033,148177.50545932187
2018-08-03,154245.75800429558,158112.24169282868,145778.70295063977,154495.53379225085,156243.74931941956,152589.21863933053,157230.21986460467,385847.5838936547,138143.62477904267,148812.4315790118
2018-08-06,154390.19310093953,158282.0653361674,145905.7811368035,154633.15681894176,156398.7177915259,152719.1105112171,157371.77031310982,387839.9803089,138241.43730594564,149358.15514572323
2018-08-07,154501.15072697838,158487.207503127,146016.30496194147,154747.62722364353,156539.42710012486,152825.86669118836,157487.2213513942,390812.7244256497,138357.24154689786,149851.31938174617
2018-08-08,154648.57856191968,158673.54725930965,146187.12772807106,154894.4593877778,156728.02883053228,152985.95621730405,157641.7990751194,392300.0666077196,138438.37131216552,149788.3874508685
2018-08-09,154175.4742079713,158155.90855655394,145651.0860913264,154414.82764512105,156170.89269760952,152461.93239979242,157140.83131710516,390003.5207819914,138208.24043818557,149583.72980929745
2018-08-10,154829.66200047382,158453.70395488266,146242.5760168813,155080.9787604657,156757.7871699362,153008.28070414887,157782.24711421542,388109.826914312,138226.14013561042,148581.51235858334
2018-08-13,154234.19473399906,157943.64788721636,145627.1595209169,154488.75526855295,156154.91516287526,152391.67572020012,157180.09324637768,388652.0600603157,137985.27036582533,148025.36193222227
2018-08-14,155643.80087968786,159225.64808698822,147016.81334034746,155926.642623678,157619.18737300206,153804.50742159813,158672.6312507019,394654.180787762,138588.71799120755,148969.8473170184
2018-08-15,155198.39402323455,158937.63564027828,146525.19351299448,155464.25954734936,157135.33343251058,153330.41450716215,158170.37963536676,392117.7978187949,138485.30768579285,147857.44698861873
2018-08-16,163778.454184303,166428.94184870797,155086.81222592297,164071.88215740482,165663.4042037406,161651.82086171405,166666.5724650645,393829.7501455043,141194.5880502382,149053.80478882015
2018-08-17,163069.33776280266,165853.60434625833,154213.2961397694,163364.77872702625,164969.89876800502,160775.4663093136,165903.53076565225,381189.9284776018,140820.6551028839,149578.4937713641
2018-08-20,163941.27671294124,166495.64551758062,154874.12354519946,164237.8444596518,165817.17357945238,161572.2772114452,166662.80210586733,384084.2927564119,141048.42327493394,149898.60650152768
2018-08-21,163435.5351151963,166002.40679086078,154534.9597808826,163710.3180124219,165253.11928657646,161249.55934225017,166157.6115644537,389298.6462793956,140895.069796319,150250.14450253476
2018-08-22,163535.60780900758,166010.34006915422,154646.8538920405,163780.29870616255,165292.5888320732,161432.7936240582,166200.45540290093,398460.3013831601,140975.75797936702,150160.95099279966
2018-08-23,163969.81142145226,166356.17800096353,155004.16050466688,164206.32642053856,165707.8203114209,161850.87898931716,166589.95563433293,402459.06850397785,141153.53784016965,149961.55651889218
2018-08-24,164625.9301443832,167063.4581068068,155609.19723778375,164904.90491247276,166390.9941276499,162498.0438339925,167295.94796173164,408296.00893369096,141583.73869626166,150864.1174272479
2018-08-27,165273.35778908047,167599.539070096,156480.05130028728,165613.20014738754,166996.26020144933,163362.97730757637,167962.91072556423,412391.47807340964,141782.49512570637,152055.1939732989
2018-08-28,164867.8485452558,167071.47791436437,156128.4842525351,165145.53924832976,166555.56809451507,162927.1573688556,167539.34227479,410712.1932757776,141540.13500212488,152128.67936923399
2018-08-29,165298.05775234298,167595.3132175863,156482.8947892948,165601.30940655584,167020.87375796796,163325.91274976174,168011.9962894483,415177.05675156135,141818.11381403013,152947.27376254453
2018-08-30,165206.01083458235,167518.3095552291,156330.8523502041,165483.18708275308,166936.69352839806,163170.45166531127,167914.72840612885,414479.21597849356,141796.93484124437,152328.1371458453
2018-08-31,164651.20172075115,166973.401075032,155732.49478267695,164918.43108217733,166394.05303838386,162540.19839010728,167350.45387158715,416938.5095033269,141568.596250325,152333.34605404842
2018-09-04,164544.39358828298,166883.09396086115,155717.53584867582,164843.1776100304,166265.48163463033,162500.2142488369,167254.61017501907,419887.04701291636,141523.98266319802,152070.98347628964
2018-09-05,165650.80463197865,167917.1375679109,156560.34222446525,165895.65179017285,167427.33812045754,163445.64989719418,168365.4414583441,415385.68910145044,142041.64917823466,151661.6410634173
2018-09-06,166532.58280078153,168663.01538193307,157176.87231411136,166731.64570323966,168348.52397704415,164169.21030614988,169264.02525639875,409998.2181204955,142379.46350252803,151205.16526590145
2018-09-07,165634.9321188746,167994.47278307666,156423.39526205516,165808.81144342653,167434.8249683929,163381.49147411727,168330.86584178143,408770.25458785985,142088.54047592345,150911.3322010821
2018-09-10,165704.25036007122,168102.30681322142,156475.8723566302,165869.9824763759,167572.2410637636,163474.5599111731,168401.26090122559,411736.11717609246,142105.01177696665,151173.70382208432
2018-09-11,166020.5549590452,168457.5396762713,156807.00899725934,166221.72608838457,167854.79387827447,163784.06919559196,168760.5104985924,410244.2687163406,142360.69948125962,151672.14931225765
2018-09-12,165566.09636235135,168067.332429516,156103.2622049497,165943.16561386135,167450.53186449088,163167.6666687679,168354.27251977907,405133.1331962302,142216.83379480545,151708.9191399554
2018-09-13,166805.95023468128,169284.74854793292,157057.75619053218,167208.39153818527,168678.26044761765,164317.46802621346,169565.4119086641,408840.9732975824,142721.7163059726,152606.1626211871
2018-09-14,166375.60501621914,168952.66631853135,156727.350105457,166687.78196626605,168327.9211596506,164032.27805654757,169111.33411937143,413634.14067151403,142558.62490979553,152632.4242000445
2018-09-17,166649.94903384874,169179.01001642644,156962.19374285598,166963.39877669179,168552.0093880783,164236.15797069058,169399.40141797095,411392.7632200805,142684.39030711493,151824.39231503475
2018-09-18,166832.25290873647,169358.96515332168,157133.1993525263,167139.89814820903,168663.464706556,164367.4359525681,169608.20535485467,408762.38232807064,142771.28623777098,152648.1775300616
2018-09-19,167202.91831216303,170105.46036583025,158188.04931280037,167592.07320196042,169024.67722502552,165151.8208424127,170118.77664243273,409956.4768385278,142891.30151670316,152810.84739248836
2018-09-20,167924.532703388,170733.37519239672,158832.50365295997,168323.7344553269,169595.6009442198,165704.52227248184,170884.6102195218,404940.8120260997,143242.5336976173,154049.17488534725
2018-09-21,168063.76152996384,170743.11040120936,158999.91974650515,168523.9697426766,169781.37423156772,165882.91585557934,171076.600461916,402305.26143061137,143414.37055170836,153908.4439314288
2018-09-24,166276.0563195374,168993.8790947213,157446.48702786068,166676.4103562056,167930.00788257946,164167.4594524565,169215.5552998646,403044.115994384,142267.1532582233,153397.1208626422
2018-09-25,165489.31239613664,168320.5090050988,156821.85740853572,165869.57281661202,167104.00830412318,163407.30942049198,168407.59920204288,404955.4791078651,141699.91120715765,153254.83447085752
2018-09-26,164172.59493024764,167006.57929373626,155590.47744208018,164570.11003206033,165773.37261053026,162080.31435167982,167104.83233722707,402210.858317877,140909.14506613175,152796.19733816708
2018-09-27,164022.237469792,166786.50941478863,155503.27804153023,164397.7414474563,165631.4360108318,161991.69403585815,166933.66041809673,402659.91152436833,140872.10116417386,153223.1831189288
2018-09-28,164626.831580101,167483.55264276342,156152.17525654618,164974.99307052928,166478.64519942596,162305.26210620836,167514.8070648507,416389.69317799836,141359.89574936475,153239.0449678668
2018-10-01,166273.83004887277,169142.83218668026,157710.97119703988,166597.26033361902,168285.26128521684,163738.6158819432,169198.0476675798,425495.8807845226,142099.6568924362,153771.40262082088
2018-10-02,166936.63947700505,169799.08560453245,158346.4078490722,167272.74572588978,168893.34472029516,164536.8737453727,169843.262207944,423559.3810711757,142547.6962360788,153681.80216513242
2018-10-03,166310.1166508405,169287.41752957104,157663.10574851086,166694.9138004495,168123.57313333935,163775.18259131553,169318.61710702552,423376.7921398681,142122.59165526502,153766.1213666705
2018-10-04,166106.98656542256,169068.7871645634,157445.8928030311,166524.32528603764,167692.1060898689,163785.85040645069,169124.42741153517,416426.71085429913,142076.94225282973,152564.36475015437
2018-10-05,165417.70471705275,168455.2589154198,156646.3322263829,165722.84144271395,166995.68276216276,162835.5500479115,168394.39524404466,406893.35054482945,141706.37467921033,151710.46553457822
2018-10-08,166460.48671244658,169466.6253196561,157712.47868329284,166798.80461698334,168033.99282563612,163950.65849809066,169422.27219525244,403561.8456426183,142236.80643780465,151710.46553457822
2018-10-09,167643.27898813452,170475.12181652867,158985.07915257727,168126.27850156525,169163.0103041734,165336.02741005467,170574.34644775657,403702.4717545902,142775.27587314774,151489.05980621517
2018-10-10,164786.06689370627,167552.87228691368,156317.62901510426,165191.46889838576,166317.20168525807,162432.71606727882,167560.92685592076,381408.9416427197,141031.49027319206,146692.4782862872
2018-10-11,160642.47870332788,163311.1801252532,152445.95145128766,161043.09615498412,162123.450444857,158382.48542801812,163313.47859390208,367332.4469922152,138655.4072478439,143461.2912435626
2018-10-12,161703.74441220757,163955.83759198655,153050.74176355274,161899.76874368516,163055.25104589417,158996.54830536386,164595.39496590715,378907.47663930187,139355.27167511705,145453.70767450132
2018-10-15,160834.8577583683,163073.9249646279,152571.7751956074,161155.4914638536,162203.01251422684,158444.04806016904,163914.11335733862,367067.3942975628,139049.59801415703,144636.7048920306
2018-10-16,163429.80204772827,165469.18991612585,154798.0938610552,163609.82825101045,164824.12457363872,160669.45652739206,166454.4943668232,380002.3230075728,139989.97617935727,147799.31701999082
2018-10-17,164468.3623525218,166244.90141500757,155760.73531405014,164704.1029871634,165907.80405521207,161472.09629997966,167523.73243317567,378300.26342858,140392.34272758572,147825.70520425594
2018-10-18,164078.27904464846,165671.6088975723,155423.3536257086,164243.94817149072,165464.4522059328,161047.5036487512,167315.2075458433,374128.65583039,140221.7346901912,145690.92099234188
2018-10-19,164341.690935611,165766.8990035677,155770.0433817024,164560.8901255541,165741.8943153646,161453.78583883756,167713.3667535621,363991.9507349496,140357.21312520263,145611.8740017108
2018-10-22,163734.76023859033,165154.80242822433,155182.18929243597,163923.3318313511,165096.64907455962,160895.6526570608,166995.5611684027,365296.8594119587,140129.29396382644,144958.2826276263
2018-10-23,162933.09856111568,164128.6452268851,154552.83062008908,163211.06953530997,164290.9701511478,160258.67213972769,166225.15380609862,354282.7342750574,139822.5704917817,144220.2906628131
2018-10-24,162832.65058608586,163718.24731511233,154730.62039991928,163212.34777630138,164187.2736595037,160310.39892962162,166262.66404937353,332052.8643496435,139700.21279643103,139850.62257769954
2018-10-25,163432.76323533925,164288.91253957595,155235.3260161674,163807.4809562971,164805.9106033032,160964.28419212467,166863.62499334203,341381.3272418907,140009.919291607,142359.6523748187
2018-10-26,161714.92073795205,162773.00948310032,153615.10227809523,162098.80303007568,163034.97590132826,159299.32468002674,165182.73419387647,330005.54573703615,139369.2508685004,139855.91287509335
2018-10-29,162885.50355498874,163520.68447594665,154766.36740910355,163376.3165290185,164294.40216426956,160347.68053055106,166455.50663371535,318466.83978865965,139711.17456765386,139081.1058663653
2018-10-30,165091.6731181838,165969.55677016784,156812.9420923505,165572.3585395022,166493.99737203,162612.76532617174,168708.99890481457,338459.55631993635,140994.6562201765,141142.0700823382
2018-10-31,164716.920176526,166140.1576198422,156274.51075193033,164910.36923395307,166043.84190916092,161922.24639819714,168326.32874245493,346380.5061702361,140853.85692313965,142649.53354226865
2018-11-01,164586.99774801166,166319.86062097063,156077.67097810376,164712.0480366198,165874.37157885378,161836.2579040017,168182.71276592356,353661.1508016921,140975.51011297462,144167.60472671688
2018-11-02,164126.2826170659,165873.31604457358,155538.52607571083,164283.61314566006,165453.15809958996,161320.15755303815,167719.88891962566,349857.8995513628,140877.88198666374,143313.6874246539
2018-11-05,165003.82903184657,166785.13866239332,156364.1510304122,165081.14295375257,166298.65057389648,162172.89427458905,168620.45740033593,348140.29465641786,141378.08791712526,144104.3472390765
2018-11-06,165317.82431408454,167108.25006965612,156673.85715674533,165379.91495927703,166602.15805333413,162484.02942841526,168940.22398472863,347936.11582621804,141538.78041817734,145016.21364489925
2018-11-07,166727.26722501946,168527.7119985412,157984.11891931403,166766.6920609577,168008.3167858702,163820.10635242471,170368.2930136829,352553.7657298349,142181.81653906795,148120.89475558652
2018-11-08,166943.42794790276,168751.82471396404,158192.61729012112,166960.86365364125,168199.12529670412,164004.96670324443,170570.97569789126,345221.9276680211,142302.65387944193,147852.0300858172
2018-11-09,166970.9539932282,168779.42598627676,158377.71766414493,166965.90633014272,168255.3476777663,164146.5187926494,170631.40851262963,345234.35442802374,142463.45208766902,146407.73368109312
2018-11-12,166132.52384921297,167920.55581509633,157794.46355522677,166177.06970306585,167518.0619100326,163383.97656034862,169858.73901837267,327891.8618386493,142019.3641407782,143672.13446362485
2018-11-13,165710.67448112683,167686.95451921172,157268.3497240739,165747.30247080914,167042.30918085243,162991.68883949306,169379.40190369354,337734.95255590294,141942.38902241865,143403.2969235858
2018-11-14,164412.78158202005,166335.15584645167,156105.02499108657,164391.45056679696,165737.06610805952,161785.5672693455,168047.39601078624,333921.90241602575,141294.08734194378,142422.90081921566
2018-11-15,164899.09997349433,167141.86025043693,156355.129079122,164955.6477023316,166186.39003842053,162182.0371611787,168512.1313514562,340260.0389577536,141562.7819453703,143909.32065173518
2018-11-16,165234.6254363616,167331.8721184634,156812.9851603711,165504.05388744283,166669.43250872626,162433.54322176738,168987.69062528247,301395.8526712345,141296.8298872494,144283.5843234271
2018-11-19,166607.4724034792,168671.06271076438,157988.88965787116,166928.3132113456,168061.83744147784,163880.89008018255,170388.7425795402,281933.6244453255,141378.30614864745,141843.08422485532
2018-11-20,164553.83431678632,166569.48264191922,156237.18009248012,164944.3698333778,165993.73436011624,161969.39735889828,168287.24231849972,283959.8477467693,140496.4812866135,139218.120047243
2018-11-21,161830.47547959004,163987.810352073,153434.9887218812,162007.27364524273,163220.30265282732,158904.94962997636,165512.25470551566,277706.02807826886,139523.9091235172,139692.4833802203
2018-11-23,161364.80811043084,163471.87769221741,153149.27793065464,161616.168396711,162757.28387760316,158573.15356977528,165033.46175487136,278183.1278526526,139651.16105468423,138759.5281307696
2018-11-26,162031.29471085625,164173.47573467033,153695.7926423102,162205.75642690915,163368.15423661045,159122.5670246916,165669.7775500563,287321.9658697699,139963.09677551722,140999.7203878497
2018-11-27,162793.6004340681,164909.38560653134,154376.41161827528,162912.12006977256,164117.18740712115,159848.79301743655,166435.31403876646,288751.82114169165,140254.73644674371,141474.12893704404
2018-11-28,164561.0304308319,166671.94173655083,156147.65820682375,164758.04455236875,165946.14748064714,161739.53345832933,168323.30129078994,297006.25715444516,141028.08531779397,144731.57755862607
2018-11-29,164274.19176222145,166380.71292305613,155860.29743220267,164483.55005651165,165675.47585279532,161445.8791544941,168034.31843674168,293944.94560626015,140874.49448378748,144415.3353366412
2018-11-30,165889.13266566,167981.40389094013,157276.56912357933,166021.24050294523,167278.8749780855,162890.35012023145,169622.76996338583,301858.65989519353,141533.68990611262,145295.5956067523
2018-12-03,166139.47157804243,168299.31618037337,157568.46462195367,166321.2924610398,167496.84044317546,163130.95991276408,169886.61935759598,309315.7561752458,141822.89323776407,147219.47329590024
2018-12-04,164095.17933157212,166084.3830302127,155741.96804382428,164248.92000466218,165445.5827355028,161107.62501885084,167799.798184285,293405.91393089393,140661.0012272663,142449.22570077694
2018-12-06,163551.07055275323,165489.24495572769,155243.59614466524,163690.38818559595,164890.47983519896,160539.42047821678,167248.92275177734,293837.62074806675,140400.5673779245,142233.12835629453
2018-12-07,162607.75009046512,164482.9886456674,154402.77140455905,162747.61960315285,163956.2848940613,159623.58649321017,166287.85080678004,281731.9651041745,139814.8406640283,138928.22079330625
2018-12-10,162249.44448342096,164058.6946624289,154101.37370712493,162387.94874033064,163621.5234139184,159344.4725811145,165908.69688395242,285516.1570420699,139697.93647548696,139191.75899270808
2018-12-11,162659.48855573035,164244.7569058153,154622.39778478094,162712.72012270003,164023.75572349987,159890.61661403906,166245.6317159441,281717.35976052296,139781.9078385437,139223.4103446368
2018-12-12,162272.21411241,163857.6607466847,154313.97173661698,162166.3431860939,163550.93542422281,159471.70004507157,165818.80703609675,282262.0658735482,139645.72878913995,139924.39735742367
2018-12-13,162805.9836114442,164273.21766346184,154847.832243242,162710.1418857556,164081.37728544607,160042.4479298385,166325.66488307188,282593.6846554583,139789.46672556765,139876.98363223445
2018-12-14,157203.2758873944,160036.7210429866,148405.3912857785,158314.7825462184,158799.6915777409,153722.64098624553,161239.07699123104,276136.57528385514,138300.12078849203,137294.22427160823
2018-12-17,153412.0414690659,156676.76195938338,143626.52650027332,155228.74553672882,155395.52431855263,148626.5392827299,157774.93831781275,270457.56384628365,137387.20197446595,134600.69422247494
2018-12-18,153612.7650709607,156929.91489669174,143834.6521078748,155393.48144207947,155617.70599076638,148901.72062552132,157990.1863212013,274167.42277118267,137442.74126615486,134453.11753329646
2018-12-19,152475.2189391866,155822.8607850421,142740.7803927671,154234.8575772078,154496.38786755252,147766.77263351015,156872.27332481643,264022.31034437875,137158.75159228174,132439.61225872982
2018-12-20,151670.6169735479,154822.12343741689,142261.85680228058,153465.63018368586,153490.9794642455,147258.58881023742,155726.14283762468,259601.83651205665,136925.65231532633,130283.75728967464
2018-12-21,150722.6323032764,154063.2037937365,141454.13531796954,152416.05208519415,152587.39409183885,146534.47597582132,154806.96250319504,252871.8017134357,136731.13938852274,127614.29131125058
2018-12-24,148120.5451643942,151767.16209712558,138725.40899638872,149519.16001095856,149903.08277661764,143930.17571846113,151566.78862102688,246868.3323701446,135990.0610609461,124242.34618487729
2018-12-26,151263.13576966655,154739.51052643778,141208.3580500298,152146.55856564472,153085.183181262,146396.47113861135,154235.7684682304,256889.89612715875,136855.04231037793,130519.66838046444
2018-12-27,152229.74263633206,155533.97183466906,142079.72027145233,153094.35705224052,154071.96343717418,147251.66492022332,155186.52113957837,256128.5430157807,137103.83219942887,131521.70496631038
2018-12-28,152594.4714607778,155869.23538931503,142404.3116874152,153390.2354188245,154453.30847331742,147492.960723017,155493.68965884324,258827.49473804384,137196.8509245253,131352.08084970273
2018-12-31,153097.1420836965,156377.88091702928,142818.927290318,153806.6759278622,154955.83107756797,147940.68422565202,155940.2940831312,259828.59354193092,137421.5729188054,132502.57131933773
2019-01-02,153214.73111507337,156515.94676126985,142920.16036665867,153991.69556098222,155123.0283964417,148063.27271418017,156083.1547921507,262151.7391980908,137302.46532455675,132640.39939212217
2019-01-03,152158.2794616831,155358.1433018831,141894.41720711516,152891.16366674704,154034.46925837596,146997.95281393448,154989.01669642393,252557.20718827794,136897.06331404645,129475.20993979061
2019-01-04,153791.0250157733,157101.99877949187,143576.3079722135,154589.6801825712,155754.31056084586,148722.7404745752,156735.87633502,263510.31212698383,137617.76141354465,133812.0781810626
2019-01-07,154442.2465131607,157807.93325885816,144215.85454491375,155246.23085109418,156382.65803946956,149382.9206181895,157385.05891284553,270993.4233506249,137877.61401349376,134867.16243274105
2019-01-08,154640.76946218003,157962.23557182454,144336.57107317855,155435.6019471138,156611.02254339875,149534.04173074802,157588.58528490207,268326.4575147228,138022.9971906425,136134.28361261165
2019-01-09,154523.16083960547,157896.7090296672,144284.13771428494,155321.85339543497,156464.5224717846,149455.11151479156,157463.0077852875,270630.9042752894,137964.93072905808,136770.49387286557
2019-01-10,154930.99587266968,158367.3010276004,144603.71986437292,155688.7718069451,156864.91985194263,149772.42315895157,157886.23040141835,274079.25214844506,138249.29668505315,137252.99612491025
2019-01-11,154964.0622522551,158485.70213207506,144677.85030185766,155707.6144681535,156862.60476701002,149816.73277315786,157914.44005900424,277648.3126708871,138320.27427526726,137305.99857452573
2019-01-14,154781.95533428673,158211.1665597679,144381.58776086225,155485.00928951896,156622.3726163154,149510.36215416022,157784.65792465772,278441.096572967,138092.25655790057,136468.27772140683
2019-01-15,155608.24605221348,159034.38081721135,145242.36704827493,156273.1275072752,157498.55474381018,150338.8862734205,158605.6561759192,279421.0063024368,138486.7385411301,138032.33379858578
2019-01-16,155715.20083890817,159102.66018636644,145310.91228886688,156368.3742585114,157602.4229065443,150397.74658388775,158728.0132215308,278391.9916529081,138477.65676816044,138366.33695062436
2019-01-17,156182.4304924428,159599.69382267835,145751.95587513904,156829.454426833,158072.91055689123,150861.81465949063,159206.8346745519,281993.91171760164,138704.84105545393,139416.12186166563
2019-01-18,157221.56984678053,160647.56449808527,146686.18395151227,157833.41437802935,159104.13323359247,151832.14102612593,160287.08650127065,288662.53994050674,139138.43706813472,141271.71401983823
2019-01-22,156801.49971601632,160278.14359114057,146373.11604344225,157454.88650479238,158697.27268550423,151474.1395230964,159814.09953713045,279502.1860255542,138801.3460617484,139363.0651525897
2019-01-23,157240.22975364613,160766.2402413752,146759.13773380587,157863.77489550467,159143.0719175542,151889.81098371226,160221.6784662407,280679.1682484196,139053.1068944009,139654.69166601743
2019-01-24,157519.87728871236,161065.4825120966,147012.23616884643,158133.87968504144,159426.69722207624,152157.20226734414,160493.32349596516,289198.4845396005,139205.3473016447,139728.8733916949
2019-01-25,156120.92671696623,159518.53464849998,145775.7644327224,156822.56638371592,158005.62441310295,150829.8409960286,159184.30216805084,290412.3702442844,138880.71439785435,140911.19607812678
2019-01-28,156471.5500564771,159846.99706094153,145242.77296551297,157523.49454600058,158624.8338752015,150658.8594730125,159580.37168223743,267688.7693521686,138399.65311427278,139840.24997751034
2019-01-29,156793.02278804316,160172.66688680826,145510.2812047627,157861.04577268191,158960.4484007081,150949.84804954394,159911.29184155565,261489.80936846675,138320.11871131675,139654.69166601743
2019-01-30,157136.10708069563,160526.1912721479,145863.02931288228,158190.95685432185,159297.469930516,151300.76356562373,160257.7957401755,267458.9427147385,138382.92626926466,141865.50242526425
2019-01-31,157377.6259133055,160867.6925446685,147156.52905171484,157951.82572446676,159205.96261488076,152175.0734630462,160398.17804210604,275370.338183866,139038.19553499983,143111.45337231626
2019-02-01,157482.9858468761,160949.96434930718,146968.1788044783,158186.94230354574,159402.78001118582,152104.78293950149,160533.97944509995,275998.03304091597,138844.67098708553,143180.37193033018
2019-02-04,157751.19022064554,161221.11151295208,147145.5757695514,158503.3958640456,159697.6440036784,152322.0357621438,160814.8090444943,280710.5652351218,138984.26157921023,144187.6897703265
2019-02-05,157440.60466520494,160855.7831445656,146852.67182334582,158180.86720002643,159377.97861547902,151993.54678398796,160495.69431596954,281566.0482232486,139034.02464750575,144792.12207324398
2019-02-06,157385.5357555163,160797.43811658042,146801.16812815532,158125.08795238237,159322.00380875322,151939.14131851395,160439.44822246724,284700.437267257,139103.5617078127,144601.26442111385
2019-02-07,157303.77316546472,160449.064481385,146707.18932008912,157984.98670017795,159210.23830255395,151702.13989252673,160342.2973516917,279248.9595593295,138967.71768671396,143222.78474191463
2019-02-08,157028.75272349748,160000.85213714198,146439.48275567044,157672.09595795782,158913.5227838795,151336.82828183883,160053.22496890702,279781.27622059535,138803.28086021834,143397.74437213314
2019-02-11,157004.31576392398,159926.59489087207,146465.5342368817,157652.58034642265,158903.27845654922,151289.1478754447,160031.91558237135,277919.0145873778,138719.71534044726,143477.25256817805
2019-02-12,158471.48487900727,161585.34422459698,147678.89131729488,159116.1650137462,160402.59376826178,152700.0094227557,161528.39230405103,284093.6782324266,139496.38556268497,145322.32743426692
2019-02-13,158935.65871320045,162114.176349609,148071.4552561962,159560.68887239674,160887.66892084214,153139.408988042,161998.10037232147,286248.4047500926,139746.50533177002,145794.1315293597
2019-02-14,158867.80740851472,162018.06973787185,148071.14370156432,159487.4155050989,160837.0607763423,153069.61717022775,161927.69808399078,287772.5480946916,139714.3912559787,145470.70897210872
2019-02-15,161065.76269892653,164413.95837714494,149881.54509578302,161654.91619334486,163056.13735743792,155164.5009243447,164166.0886433514,292897.87215855485,140824.70015517756,147056.01667129697
2019-02-19,161417.5260451177,164685.31366482453,150224.90766968584,161966.74744773164,163461.9866793578,155409.47269956095,164535.01039100485,292750.7931151045,141017.3761639481,147310.47545431697
2019-02-20,160976.30047542075,164378.84293090567,149815.65897790855,161553.24282192564,163013.95895511337,155004.41174746674,164100.24026280284,294491.6498330625,140895.50269479054,147607.3741786517
2019-02-21,160499.7483213217,163933.92598631082,149379.1206902498,161088.3433255938,162540.8618265862,154570.1592968227,163626.0880338585,291427.45692497067,140664.8082107792,147082.513374483
2019-02-22,161254.69935734943,164676.9545186004,150120.00381957478,161844.27443842922,163319.23150057424,155325.09701237245,164403.6266117,295394.0640861715,140981.90819691995,147994.40691003596
2019-02-25,161399.79127234983,164758.11588462238,150092.7636160428,161970.75748857556,163452.47573585887,155369.676502963,164535.5944219416,295217.35678712867,141129.463441174,148195.86324344052
2019-02-26,161134.65595239555,164497.43378621648,149883.74992746403,161722.03017389507,163189.3824845156,155134.2932586604,164275.55802168837,293239.01566990797,140951.9175191698,148089.8945171832
2019-02-27,160780.91957786155,164115.70044528058,149550.69781895683,161369.25537522085,162829.12831285247,154797.57722668312,163917.7859777775,291220.1309108398,140771.16676144628,148026.23008358944
2019-02-28,161312.40537284428,164712.4427196354,150070.86940122116,161907.41790949192,163384.60529497179,155292.97921385424,164454.59999739367,290502.82412754366,140963.9689021019,147750.51967856014
2019-03-01,161861.91559599375,165247.5388928757,150503.36503422802,162426.86038467672,163908.19391003664,155737.42746144344,164974.537929359,292838.02741686115,141174.45709183154,148673.066154848
2019-03-04,161932.727848023,165209.53227887308,150487.37125967065,162481.21652347414,163979.58924520417,155760.02001408595,165045.30206491123,293242.7060578072,141136.72472384703,148132.27115579403
2019-03-05,162127.97523306558,165390.71676758598,150647.382889105,162676.11710078554,164171.28450497534,155934.24789180135,165239.32268137412,293152.89501460496,141222.05522767027,147930.76056292903
2019-03-06,161490.40417798987,164553.64217878346,150028.42535288434,162018.0943940613,163502.8352866438,155329.78925256935,164574.4758896695,288309.47944040294,140847.72847371708,147034.7740925311
2019-03-07,160768.76138319448,163630.48130938018,149420.09772519098,161276.2075236009,162784.87459159206,154724.6625453935,163854.73865450526,284858.6744390779,140366.77429511774,145804.78447009457
2019-03-08,161124.63059515448,164014.52596809427,149774.65064836844,161635.27988239538,163158.56175689196,155086.15777864092,164228.28609218562,286451.58506835403,140532.09514528728,145513.13987018002
2019-03-11,162784.43568513534,166218.01769392547,151067.6237718922,163229.8246545401,164732.78841481404,156519.94254909115,165868.5634864287,298227.1163184797,141823.9396315126,147623.29028705013
2019-03-12,163688.2041010067,167167.59432352116,151902.57131682098,164161.78942756605,165658.9601399168,157398.94573644444,166808.2936802123,299933.68577201763,142279.46747923066,148179.95617828547
2019-03-13,164461.86683097965,168237.95610348292,152541.88081254644,164863.25111050927,166361.47273777745,158110.9674746956,167548.84632514394,306564.1358911395,142901.69588959482,149160.81348806943
2019-03-14,163689.62904025102,167483.7793974173,151836.09416596364,164158.43617106703,165618.8206682975,157398.948420164,166799.03091942822,303389.42048247624,142600.16685402926,149065.3077944354
2019-03-15,164122.43650467234,168199.54634579696,152165.17223655322,164562.86928303895,165999.44205891664,157802.74873292368,167215.90519413585,308205.65612335614,143110.25738541107,149801.8257105731
2019-03-18,164004.37241836928,168161.56632590093,151891.49616344174,164431.49213868624,165870.13442709466,157547.14743306028,167083.28000938403,307701.9140476986,143286.50143241862,150344.9900394
2019-03-19,163581.32004920318,167852.74686508664,151651.89528010727,164101.8641396349,165492.72402238482,157396.68647822927,166709.8576953829,314329.8710369255,143122.3842000864,150382.2572454852
2019-03-20,163512.7152515265,167719.04346250504,151552.53086618148,164008.57336092292,165400.7604025059,157231.82066491334,166629.99849453758,311897.83317503287,142604.03369539737,149929.64291290462
2019-03-21,165266.68688118336,169594.91055931506,153303.5392380717,165836.18314145252,167191.7234933159,159076.73119514048,168482.09380641388,321827.3567587882,143452.2516143564,151623.00832757747
2019-03-22,165166.51543926884,169374.90686455992,153084.01293407247,165665.57352254324,167053.3948238892,158734.6205335417,168324.67766712757,314067.98828585487,142801.94715976468,148704.86219867124
2019-03-25,164590.58158211526,168794.20862498716,152391.59533646918,165085.21119283355,166474.7920341329,158025.48651584852,167726.7691399636,309787.94522428716,142487.24271542416,148593.00632095517
2019-03-26,166173.78812204968,170416.61711535408,153839.65402388008,166625.89242274355,168089.06309340394,159476.4015972598,169345.65913002176,314071.5445130965,143226.98568936638,149700.67703305234
2019-03-27,165564.76007896086,169804.3842301349,153271.66437504237,165987.0954820099,167489.07119962928,158841.2974495907,168728.52199521623,313080.6829803179,142812.6850769288,148917.8396241778
2019-03-28,164694.28503027506,169038.2773828173,152418.78413987724,165057.1527330469,166639.81189719558,157923.7759530461,167842.93955201394,313849.4037377506,142623.50083001814,149482.31887771786
2019-03-29,165874.07237695562,170210.22661687448,153507.40052155772,166224.47313228966,167826.13554289177,159046.2283733382,169046.9799694249,317004.91072271334,143184.41992494592,150424.85996518124
2019-04-01,164916.01335828795,169338.1174610905,152425.523343128,165227.66983157935,166846.60276975558,158049.14994519443,168148.13417902874,320319.83291477925,143124.82689458708,152208.76633285702
2019-04-02,163924.72716187517,168371.80561813747,151490.04118178447,164219.13346542412,165851.56984606004,157096.1871982839,167146.0097024215,320522.69757236855,142561.96256747062,152283.31883151425
2019-04-03,164087.59213560884,168493.8666684465,151624.1056279366,164367.08484498566,166028.61929366336,157263.4937824158,167347.82434608584,326285.72135069425,142700.1272198708,152523.00095480526
2019-04-04,163592.40442619473,168013.73537329212,151167.49943252295,163864.5141379077,165509.88120244475,156856.44927939173,166854.9367382824,325981.7398109626,142620.75445170968,152927.72227029598
2019-04-05,164738.3473804047,169136.96393185324,152253.1400761095,165002.5781950038,166671.58735913833,157964.91240607045,168008.15918172355,329330.03406290576,143244.07638926693,153667.92982974421
2019-04-08,164544.58052428858,168802.49539280008,151954.38171245158,164767.2004007831,166493.76762753562,157660.52413257866,167799.6901669531,330106.06363285077,143181.15846558596,153785.03983188045
2019-04-09,164127.63943117173,168506.60015790266,151626.07210586246,164382.91016223613,166047.96496236272,157337.53408487025,167372.3703408615,327189.19387008564,142912.336981391,152996.86690939512
2019-04-10,164578.27818226462,168772.6953599212,151911.73071891224,164764.8797905585,166526.7530146693,157643.44426877002,167814.4004737582,330284.54932703805,143154.92184377275,153518.82483242976
2019-04-11,165579.19173474927,169724.54346416914,152697.32977078145,165712.8473315051,167527.31740639047,158499.4327349157,168796.7694676838,330562.4411164942,143631.7039300467,153476.15881002988
2019-04-12,166953.97277232778,171108.8173461146,153874.78204671506,167083.821438425,168906.9137441981,159640.11630533403,170189.86633767406,331316.8054940307,144453.19168456632,154514.57636410702
2019-04-15,166765.93390586716,171067.946662564,153566.3700959918,166906.73619245697,168704.1363877634,159314.83214288397,170003.83874754322,325810.93348559085,144484.01240464163,154413.43672982967
2019-04-16,167290.0350315161,171577.89995634387,154077.59401102026,167447.45569253856,169220.71637680967,159867.27111180042,170537.97328031802,329940.54570629064,144909.87189039387,154514.57636410702
2019-04-17,167990.67362013663,172276.45260130733,154768.3150041608,168172.24711966497,169938.85149659618,160603.72163802496,171277.6953621204,330341.46440040076,145328.3618985535,154136.49644369687
2019-04-18,167435.5045609336,171668.7785940176,154191.5159050238,167606.26600219082,169386.93604656841,159992.27242683264,170707.78924768453,328750.61028553435,145000.91490444058,154440.0419519366
2019-04-22,167748.39470929123,172013.07539581571,154570.8825261321,167922.84030859423,169696.93338154902,160400.6454892392,171025.5589554535,331103.04609863745,145083.00921610897,154573.17658139218
2019-04-23,168752.03029666093,172929.46641595024,155322.27379222136,168909.89977275013,170745.19141086884,161118.93907494532,172011.32122980215,333916.1945647583,145702.48934753073,155963.0145743121
2019-04-24,168809.35245287462,172951.025697439,155372.2564879166,168966.226957776,170811.12893815985,161176.44266623387,172090.10351715272,334387.84740369173,145697.3213936028,155616.92964908015
2019-04-25,168521.25697529985,172603.70377688008,155161.2412042602,168692.85272457573,170493.1209377843,160927.6429942434,171794.70411719693,330214.9178719811,145587.7687496569,155521.03509597958
2019-04-26,167360.93207498948,171563.26643180716,154242.9303750916,167567.99898139882,169225.7375218195,159989.01481006146,170566.35183916418,321363.1338318259,145056.46144216735,156245.30846054255
2019-04-29,167725.6211554143,171922.07968079523,154614.53914304014,167920.52337674244,169614.12406407855,160399.9854616323,170943.56828744858,323133.3596285036,145189.37881199247,156490.23566501035
2019-04-30,169285.09987454308,173551.5734929292,155817.39938133484,169460.68403104632,171167.6715072997,161560.65864634127,172481.08955232595,326014.71971806925,146134.8037524713,156570.06941781795
2019-05-01,168424.15254503003,172495.85604587066,154941.59253078542,168498.45935077677,170261.2312777155,160674.3922617793,171634.2823060417,324678.70308745716,145618.64732442657,155393.25406662168
2019-05-02,167851.7635892219,172018.29499633537,154496.1146136893,168036.24643761053,169708.29416700866,160323.4690494967,171084.86026464053,327036.9340771068,145411.41846779484,155057.7316496905
2019-05-03,168715.7488126305,172882.7404088261,155331.09274672682,168873.8597001395,170587.99974630386,161161.31297058347,171958.05300442583,327652.26518840314,145881.7109452085,156575.40493142878
2019-05-06,167956.82526977445,172032.81891372293,154676.19606961537,168027.4716849524,169821.86985986534,160446.2092751652,171164.00938149466,323830.5941297118,145478.45308637037,155931.0557521075
2019-05-07,165614.72590650737,169673.102086084,152344.45333311742,165752.27234522207,167511.01001017593,158113.20975315085,168750.8377983125,315227.0902393996,144206.80902786303,153327.05381271543
2019-05-08,164828.8185717028,168810.5609302354,151713.20949262832,164934.4139840296,166686.03360610938,157443.01862688098,167977.90117699912,315149.0455616192,143743.3960404228,153114.10351693904
2019-05-09,164129.10937066475,168154.92616727232,150891.43198755445,164291.01730212328,166049.29985920663,156648.82042779017,167242.02029200032,311150.1296622907,143381.44493317956,152650.7819841632
2019-05-10,165556.20515489852,169719.16254410375,152077.2825366518,165745.26230648594,167511.2179647274,157876.13434484537,168622.34091572562,311093.7717313859,144216.9715003618,153417.630938692
2019-05-13,163754.95294110113,167996.32247946778,149799.04978589815,164079.30914249088,165923.97650281928,155703.26898518685,166693.44014245667,299081.8559115029,143044.54435703973,149562.1797602557
2019-05-14,163855.33594930268,168128.85937260394,149968.1330116971,164177.00306772947,165970.59738703456,155812.23764218553,166769.3083785519,303100.6310454286,143228.0115355613,150914.75054709043
2019-05-15,163647.47287916456,167935.39335305933,149750.22372095945,163955.43023328696,165804.12435548782,155587.36336167227,166563.12748738012,300325.24798253085,143091.7798378126,151798.72759024228
2019-05-16,165575.70237990128,169793.19714323673,151486.99238141492,165896.11018361428,167704.4088871738,157408.9841056413,168527.12826467323,302589.0301786679,143843.75639952425,153204.59021048152
2019-05-17,166119.5985291935,170238.7573319233,151734.4846462121,166460.41556355657,168248.08724420157,157736.650490942,169102.96405207523,298998.00576487597,143936.75957752054,152214.13801944148
2019-05-20,166534.44380320812,170421.4824448494,152105.5942061391,166892.05930827587,168579.53909162557,158139.88204966157,169521.2283382154,294504.668371397,143991.42541772395,151207.70641729917
2019-05-21,166132.34206065847,170307.96351961204,151701.28590023756,166477.17466338762,168228.00857008345,157682.2745624201,169080.27345160185,297778.50882881705,143954.74290213647,152570.91205838192
2019-05-22,166997.03919324552,170971.62688384586,152608.04445402283,167326.55302639396,169125.93379943524,158594.02033862082,169991.7148671988,295581.21918888687,144330.53819267143,152102.30927145566
2019-05-23,166796.24934993463,170296.8092982276,152641.26728483784,167078.84206700846,168939.65244307998,158679.5292569435,169854.3299340226,290245.5093716172,144128.97552174324,150243.75997268857
2019-05-24,167353.91824902926,171008.4051264303,153105.75752729882,167688.1621708924,169482.29388593478,159094.14255658753,170416.86445164826,288580.5479696165,144361.00584697764,150584.58173025693
2019-05-28,165707.22308901916,169449.0283707982,151574.96660603356,166066.67659806524,167810.34342329082,157462.14665228984,168728.78893004984,285365.6513085117,143634.7035754719,149184.1360128192
2019-05-29,162776.18710112432,166458.32816795332,148593.62175828178,162915.08636569566,164887.30988941563,154333.88939588735,165763.6657471039,280345.4555862416,142511.5133502628,148183.02183780086
2019-05-30,162726.11451527794,166326.5360789449,148604.50696422977,162938.70262490504,164833.33020060282,154376.0443921699,165712.7225091697,279060.930890881,142477.46176881102,148587.69793707455
2019-05-31,161697.02575960313,165083.68092320894,147732.85275717278,161980.3365041219,163796.14962767315,153422.1882418653,164686.54883021567,274617.0264606883,142061.9789420385,146585.4334140643
2019-06-03,162321.56479209065,165558.00132777987,148361.45425327125,162663.6306187434,164417.50190203998,154027.32742159016,165354.8979590474,273559.13619485777,142277.51347885368,146212.67092077815
2019-06-04,164779.52209264893,168577.4107998875,150487.69124246974,164949.02923143626,166908.41275523073,156288.07120041104,167799.33920203082,284834.76890503487,143278.0575460802,149386.48762732113
2019-06-05,166125.63288432738,169707.74691167154,151853.02751034935,166221.18042432785,168274.5320233808,157670.9382398725,169234.09517244418,284955.2214530543,144075.19264962245,150680.51245633114
2019-06-06,167210.5027027586,170858.29009709263,153048.14261270975,167308.93923075026,169442.16836948687,158768.80551334942,170365.78723971738,288528.1983754513,144629.60594800737,151660.26649041928
2019-06-07,167619.27116627432,171316.2947834173,153623.56831564876,167705.34614646868,170031.95085885687,159250.8997040464,170797.28345657367,290223.39430380607,144774.58154353296,153178.00307486142
2019-06-10,168769.13287839983,172428.2749190485,154507.23339668725,168891.12639975207,171227.05153761207,160328.38954915915,171963.38763520806,293938.9040934357,145259.4487495569,153880.89821200742
2019-06-11,169240.59275271514,172961.93281486488,154895.15743994247,169402.8269495386,171752.53045662894,160773.6782340599,172437.7092226992,296413.3055546066,145417.7422307211,153843.60387619198
2019-06-12,169432.43661376287,172956.97615837897,155177.51149177813,169586.68873701472,171957.35274877815,160939.57963283185,172686.05764794024,292415.8452743672,145615.2169141975,153572.01719015682
2019-06-13,169463.44424367603,173060.9556310799,155122.1301960106,169588.74343386866,171947.6344725192,160987.39251616842,172717.86201611112,294424.8386936047,145619.1218763294,154205.73151523006
2019-06-14,169380.94463569106,172812.83943550807,155279.09971548695,169413.3789561249,171914.2137726432,161100.07121027767,172686.11156675796,291243.500577934,145704.32948775968,154035.35680941952
2019-06-17,169092.92863820895,172548.03484436017,154909.41131159384,169118.80204567828,171596.2765189084,160776.88512641325,172381.67040014418,291185.9265528334,145546.84772413233,154093.90276724423
2019-06-18,170574.40400084615,174252.38125729005,155998.90681141822,170658.69397887046,173022.44878844614,161996.59927239513,173828.41999723067,299894.73929731245,146188.90530972075,155707.41634262266
2019-06-19,170602.17085651966,174204.07324709324,156029.61401590315,170690.48987495375,173052.19926767724,161985.08569633047,173816.08697709587,300068.30175161397,146163.47965782793,156058.89104092587
2019-06-20,171500.38060664153,175069.933697342,156951.16790894896,171580.69738930988,173998.33955393662,162869.56768944117,174747.97397130824,301770.9497005128,146587.30687523575,157549.90484109675
2019-06-21,171697.0319819673,175042.60520343846,157364.44243712284,171756.15390660634,174263.0893342783,163125.555755499,174967.96610482954,299528.64762047544,146663.61920821824,157320.92991800106
2019-06-24,172038.1914746276,175336.3889973545,157742.43751547573,172080.6847314791,174638.71125540326,163497.10805123678,175330.2527047812,300551.07578422094,146752.91776819984,157128.30883340634
2019-06-25,171556.369910451,174909.3328567739,157336.23088526155,171588.06488688738,174175.08816204598,163075.62016921912,174854.87232541473,298710.92732306814,146417.28158092103,155587.14120529353
2019-06-26,171288.04283351294,174823.2808908053,157110.604614405,171416.91079082814,173853.96011316963,163045.38115830845,174508.6198485387,305639.1396253163,146205.84741559392,155431.99532138242
2019-06-27,171828.7951308962,175214.67996853575,157811.22655746,171961.34912913488,174432.55832523474,163749.23699730157,175003.3205232111,309901.6102434757,146364.51083400042,155983.16292062556
2019-06-28,172411.4788495429,175785.90289485874,158469.2066256551,172536.15966609574,175019.00387776626,164605.74682086083,175708.37127195118,311858.3291349528,146670.86635955377,156785.78694607725
2019-07-01,173030.06015500237,176521.5825395231,159145.2353563979,173163.83310090093,175651.5566121474,165406.60143340944,176387.71014681435,314402.93303688365,146889.64643224233,158209.15728555477
2019-07-02,173363.4559343764,176682.81863278482,159121.18469080864,173454.70612240722,175936.74167224008,165394.0054504124,176822.11099490014,311569.3602927795,147322.7065582511,158621.1674552325
2019-07-03,174347.38110047652,177815.5746751627,160059.86796106107,174412.78460728307,176903.71970386017,166412.4197250228,177789.55805318104,312911.9358197126,147863.22089415166,159889.3919107989
2019-07-05,173667.02019255975,177073.67718168386,159338.97998203983,173716.89525345218,176212.29141767338,165629.46947654462,177066.2526787797,310001.42097349156,147504.9893224916,159707.4780263995
2019-07-08,173904.91435475592,177243.31197381834,159518.5600874224,173829.1295430666,176385.934785717,165851.7894391826,177238.68184007064,307167.0980961737,147660.0839542029,158829.90359958066
2019-07-09,174045.70305433526,177428.41141230005,159666.32601896505,173980.11679078307,176537.3456318571,165997.1650953719,177385.79291571426,307374.2459484102,147762.63480607118,159027.8421112994
2019-07-10,174361.5204797303,177691.25785757648,159878.9625223162,174258.3103902144,176844.47202520963,166229.17083117715,177696.8056441608,310347.94285679335,147897.2493208967,159787.72776840389
2019-07-11,175832.24462253848,179245.52810402616,161337.62772434243,175759.06686171354,178287.4165302183,167580.6839944736,179164.36481187175,317341.9421941092,148585.45546520772,160162.29891037167
2019-07-12,175250.2927596243,178721.59205084378,160708.49817516212,175225.40883325206,177679.89632196206,166833.74926193073,178544.00711624874,317709.29932139633,148031.49769540102,160879.39193966854
2019-07-15,175009.99555144657,178294.4803307629,160564.77664432203,174904.83241281833,177428.59181658103,166629.93437949612,178245.3820299847,317065.70393243036,148002.89337718431,160932.87368118466
2019-07-16,174694.50644606288,178127.16070766514,160178.20915257107,174664.2967973133,177116.32089194976,166254.80303098384,177959.60019947923,316569.8821840614,147683.71230058986,160413.82768252742
2019-07-17,174372.78897291695,177788.85085035706,159851.54420376715,174324.01331876923,176837.0633852002,165861.67021053904,177589.76413277324,319118.3020165523,147686.32981100745,159322.21777072322
2019-07-18,175107.05858374055,178596.57158613935,160520.68314648094,175038.1453420787,177627.26980717215,166564.9538050744,178296.81086500286,320447.03836448933,148086.4767956754,159905.41653811824
2019-07-19,173402.03582074938,176900.54248774634,158931.68216333998,173354.6461026774,175880.65123401946,164917.4018558439,176576.28480820084,317091.81290885486,147244.84240109954,159017.1710840777
2019-07-22,173094.2091903121,176885.96533579438,158582.3566554769,173062.80534677004,175545.0024175272,164577.44959783714,176265.93066790528,319596.87543780054,147007.29661604742,159407.82111282527
2019-07-23,173920.81723952532,177970.27748977533,159267.811749854,173870.5263624328,176207.5158697791,165339.08080433917,177156.3162263622,324232.8328761519,147103.77045360845,160547.57725253474
2019-07-24,174675.8661860728,178682.86699119938,159879.29070967523,174655.73419541484,177033.84029521237,165954.97405238886,177957.6066712511,328257.5387623452,147585.48584130165,161302.1273960284
2019-07-25,173710.17548012966,177874.31189934522,159407.71801779084,173806.65326299093,176075.47292694455,165159.03836929848,176908.86032102816,322249.3948607532,147137.1457887547,160531.5345387286
2019-07-26,174441.25508462873,178673.25333880083,160003.6870236482,174469.10599074548,176870.61708764924,165871.2729014361,177673.64531133947,324625.632950238,147561.4981226307,161607.08365023983
2019-07-29,174543.4238909296,178787.84915132026,160336.81175049406,174727.16412643399,176889.80227858032,166003.90806543833,177760.8410219442,325005.02946286305,147703.13952150568,161312.83459622372
2019-07-30,174169.35852066884,178337.0898718433,159852.75451136316,174315.28337128,176510.40960651857,165589.56340529534,177373.48210449077,324876.578235981,147409.30601288506,160916.8128808917
2019-07-31,172007.36504800408,175958.43527001794,157845.48235587697,172145.14443410627,174336.2164173514,163470.68291650285,175148.31378870035,316786.80851726054,146395.84832871746,159156.31042715634
2019-08-01,169759.64141778872,173896.43215683475,155605.24450379953,169871.14198095404,171913.71025692637,161224.54301147218,172838.8798890587,312180.726347222,145728.95875563892,157770.37911538876
2019-08-02,169424.68115371527,173575.2455687414,155245.63568436736,169486.26577761082,171552.18444647707,160806.14615328194,172473.02766461845,308758.7747730681,145682.47413346486,156582.4405748004
2019-08-05,164368.68064475426,168484.31399378148,150466.72074765345,164439.53720527125,166359.73823444115,155847.21301178477,167259.52654298855,294993.4140408025,143427.00862608722,151873.55138620175
2019-08-06,165958.80326362298,170133.68295803716,151919.64056715282,165987.18044747316,167956.06796725965,157344.37773390015,168885.46732400122,298134.6879728086,144295.78622698179,154003.2532953204
2019-08-07,164810.94756888418,169148.8560064852,150637.74177735872,164834.16578756034,166706.57737941723,156177.96175939072,167755.2739967578,299284.27313699684,144147.0888652209,154094.22832400692
2019-08-08,166478.66218932671,170870.45606759682,152198.9535445675,166522.9603677261,168395.77456851624,157756.57026709637,169462.8495960721,305485.3644904006,145014.5440484949,157117.52928726375
2019-08-09,166225.999294919,170516.28548185117,151994.659267417,166197.67371771415,168134.15049495402,157534.11040119905,169159.81664389788,301265.23641306435,144796.58487641456,156047.351862337
2019-08-12,164971.1354575833,169184.38287226952,150634.95366223127,164813.7322654477,166848.7495878974,156138.92642233672,167845.30912628298,296925.93435695156,144008.1068397807,154147.72815200986
2019-08-13,166551.53696432547,170899.91874125556,152174.77322286787,166464.3741281386,168459.56591356127,157714.6792892197,169483.79455991532,303193.7041818011,144899.88108984317,156545.01963357723
2019-08-14,163289.73141790606,167593.8519453262,148894.94986947114,163234.719225701,165158.0683856205,154493.61136852187,166158.0011728932,294253.9190792732,143433.32491858175,151916.32592752256
2019-08-15,164540.60979545565,169082.2868537545,150334.59169986576,164464.95839586534,166472.934300897,155760.32539658775,167422.16835451438,295292.71760937345,144510.99151528432,152317.73741592586
2019-08-16,166390.07423956553,171052.6259351067,151899.6278791389,166295.8764231562,168321.64532892668,157573.56177007846,169362.58874533034,307643.8909896788,145391.46758812058,154565.09192178524
2019-08-19,168282.41501823472,173054.5807937548,153412.3471075325,168156.8677855035,170210.395437157,159355.22748050655,171347.56992739782,320251.0842914537,146270.2301997815,156427.2404314288
2019-08-20,166706.60780116974,171449.69505685306,151915.6665352712,166702.34156107824,168625.52003813355,157882.5175603301,169765.9731362288,315974.1826858991,145533.46524081734,155228.6851230792
2019-08-21,167965.28624489362,172738.09356721624,153122.90127473732,167892.98063362666,169936.27170112845,158963.77348092292,171013.54343998936,320186.8450366237,146168.6953557394,156491.50171908748
2019-08-22,168086.28460614983,172861.94149971244,153160.37240490885,167990.93525234907,170051.945152651,159044.1090395351,171133.17923781736,320837.8697832845,146238.44854315277,156443.31931820858
2019-08-23,165945.33485448433,170633.75987252776,151171.57987475098,165851.95860738028,167940.4450726012,156966.7348929545,168965.17382459223,309568.909606958,145479.51787170733,152424.68281247126
2019-08-26,166985.55038058295,171702.9036390734,152151.94622966938,166902.25690083086,169005.5496854194,157964.55845092822,170020.72639699627,313867.21284625446,145917.02952413098,154110.21677835262
2019-08-27,167287.23550136344,172041.52245670342,152582.37983742802,167267.16878536204,169328.97452572116,158412.33209317416,170328.18754016023,310299.824571893,146010.72573168617,153505.56743759336
2019-08-28,166353.82019639778,171159.37325251137,151484.0159675601,166324.79134651253,168189.7518348841,157424.28254396893,169385.2563930843,309784.55691472173,145844.80638172055,154586.50632217588
2019-08-29,166657.17937972306,171522.7574384304,151953.89673741514,166569.2773499434,168530.6064264458,157759.8385831568,169700.73201672378,316859.9461501944,146135.36004636498,156561.0804338702
2019-08-30,166109.4182310254,171056.05412429097,151355.43667243255,166015.6151825444,167838.41597553215,157238.2076276608,169147.7638046883,317253.36854333367,146012.6197094871,156491.50171908748
2019-09-03,168188.9575453133,172886.05304835213,153452.2882874158,168150.42473006435,170337.17931832484,159225.7660779233,171254.124055981,314913.7615176668,146579.5268226058,155576.43400509824
2019-09-04,168231.5797427549,172907.62499088078,153295.6954773473,168170.4884905275,170308.0044427285,159138.8090988564,171290.00860887184,320166.5039795416,146725.9603774008,157342.29005893125
2019-09-05,167621.94177977758,172060.3852440499,152541.8010568815,167446.57215953758,169661.1886494832,158332.72655665435,170658.37184212418,331271.77360903204,146639.35918495894,159365.04657150447
2019-09-06,167553.9765162394,171988.05830680396,152493.54705892762,167384.34918076792,169600.56602398574,158289.55043376167,170590.31587753675,330039.89321978076,146555.33282695408,159488.01659536923
2019-09-09,167769.55368346942,172216.92288570703,152624.65044312386,167616.3751205761,169824.54991979813,158403.49715896,170792.33499668312,333047.85021793726,146763.58417324733,159568.3567698077
2019-09-10,167908.33004277287,172370.74711658998,152732.58326583763,167711.181953931,169928.3349457435,158513.18048024114,170947.73353530088,336454.72549363936,147021.3195115282,159530.93582858457
2019-09-11,168211.27272356354,172708.24853341375,153104.8891467731,168083.36997076432,170250.72668196977,158822.79462243753,171310.92277161794,338516.09087032994,147370.3135380054,160665.2841087359
2019-09-12,168666.82489320086,173137.17427892523,153497.17576922372,168516.77264723077,170712.6544103752,159250.54499105425,171777.27045598775,338935.80686091736,147456.48496192583,161221.80530807676
2019-09-13,168915.9722294656,173272.99512386188,153475.4728649413,168617.125913743,170933.63277299516,159379.9589649734,171943.24013925556,337105.345129075,147535.17359470477,161114.8418250445
2019-09-16,168058.98170461663,172472.36678737836,152810.13516670922,167862.5147843565,170077.91939525472,158601.62164120347,171103.28632716797,334138.5947584247,147095.58995303762,160617.1921402911
2019-09-17,168629.88167900537,173105.7469795685,153562.42006558937,168568.21774017246,170693.7296941352,159247.82515750625,171791.61211623374,335923.40374728356,147395.42320890463,161023.866796358
2019-09-18,169257.45867373288,173658.46921849216,154147.0315430604,169232.82028581205,171312.7087483302,159877.68908411916,172452.97773045485,335924.1623943207,147740.1432095301,161120.15925216855
2019-09-19,169313.0581546176,173703.95595228588,154160.36871225265,169303.94253431357,171328.75260949947,159937.24578860652,172527.9936528628,332791.55637473566,147632.26829774317,161109.48822494686
2019-09-20,169204.35734103408,173567.34884004254,154019.03117256617,169211.9663793338,171171.92986892766,159846.8019218613,172437.0942826874,328718.3066276104,147663.89369861447,160348.26416781795
2019-09-23,169375.78630406107,173783.5776035899,154197.96080756033,169373.65597500972,171373.879117817,160011.42244997312,172594.02951503498,331018.55979919934,147829.4849577055,160310.5900157794
2019-09-24,170174.23919112873,174708.09355606162,154851.1364335237,170208.83076856335,172115.34253928816,160760.63254744656,173441.57193461485,328933.40417344985,147984.2611420867,159052.6386847247
2019-09-25,170444.90164032194,175104.85458462406,155221.9788343949,170536.73694547213,172441.4025162577,161164.92772912732,173816.18436678738,335126.7296766704,148225.68008612143,159993.4434694537
2019-09-26,169681.36724743654,174744.57134336286,154517.81460109938,169845.94305973663,171693.61318055325,160677.9231308865,173014.00438969437,333850.8444313718,147999.95771503286,159660.14569040097
2019-09-27,169516.49533368467,174478.130106798,154285.54248013586,169673.31934667015,171509.62346962,160511.28823386386,172759.34432928698,328240.9034624443,147858.31955805817,158800.00663687312
2019-09-30,170224.81847752916,175222.3514663995,154909.34655595437,170355.7001014434,172219.31152371244,161124.58858962223,173492.65346907967,331209.9583560157,148198.3601627168,159536.4883800372
2019-10-01,169434.41429811128,174366.35386573043,154191.94332479354,169522.19880648854,171377.0427641364,160204.80027265818,172712.3269646377,330071.84903870634,147830.74715627276,157638.87226974667
2019-10-02,168693.10337525845,173235.36377645002,153327.31294906331,168648.66680177304,170470.63561437666,159014.3721235444,171942.21078061525,327608.1280439905,147287.44891549647,154854.2225000323
2019-10-03,169219.9751686488,173865.18093216917,153530.3965638691,169262.42600413965,171018.95210543182,159251.32484858055,172556.91802653772,336166.5289725134,147587.82029319752,156122.82677182186
2019-10-04,171794.07761993297,176438.10211713347,156021.54158327307,171773.76204156468,173664.1112844144,161819.67642114486,175142.96708097396,339491.14897034987,148760.65430248133,158235.58164279355
2019-10-07,171462.15079417598,176141.70034500991,155588.4122202664,171456.36566861454,173259.4569936452,161390.70742122334,174811.4215027943,341254.0659130732,148538.4772596184,157552.8167654742
2019-10-08,169413.21426508468,173998.11675006422,153907.42476629495,169443.06082872386,171307.38076368428,159621.45505542663,172736.35951328333,332262.08400829445,147671.71174696228,155106.85454788388
2019-10-09,168247.58499815856,173238.77639155576,153296.81912982799,168755.76496179742,170403.56776027248,158543.59635116238,171687.82648673392,336651.20815796737,148031.73681451107,156579.818034212
2019-10-10,168118.10890189672,173124.03572075622,153256.706365232,168808.91587458277,170184.0902358478,158323.37818704697,171603.5663081967,339469.7852338054,148283.3956183439,157638.87226974667
2019-10-11,169880.07076391295,174476.3426561455,154247.49133208598,170270.29851835416,171632.63897433673,159646.3201534274,173377.70060122796,343356.4687901243,148779.69758858514,159273.05869955625
2019-10-14,169332.57237614426,174002.3806232024,153899.2066128885,169884.08114292694,171080.98653966174,159128.2543246532,172851.10699707657,343474.6801269143,148508.40502297448,159095.68452334774
2019-10-15,171721.43337887374,176278.59854523704,155947.9176625235,172494.51952385053,173174.0377999386,161025.00103282038,175381.9231779331,355155.68351101404,149401.181434399,160670.81857370175
2019-10-16,173429.60452289844,177620.71928610944,156863.31862477894,173655.99272591755,174761.54093255798,162482.009043525,177006.88821268914,353816.0862478221,149698.83647110785,160412.70632034482
2019-10-17,174209.6566490128,178423.1519951488,157563.92898263587,174455.68458299764,175560.4174002576,163212.5350197234,177786.67663972473,354724.40635204635,150071.5897729824,160885.75838302792
2019-10-18,168841.879255532,172785.37428561482,152819.58082370175,168672.90356841066,169806.83931470156,158234.20115352055,172342.99400455513,349154.7245106739,148838.6231852741,160181.6152782916
2019-10-21,169947.0490376797,173903.30692325387,153799.1839432804,169739.60753449597,170900.5249178371,159265.50740230843,173508.03437698603,356227.41340395267,149562.59212255746,161267.5098602618
2019-10-22,171013.7586702138,174983.60558339785,154777.8745100994,170790.3230557051,171950.46602862835,160274.1938518332,174556.28495572667,357220.9244802903,150035.5534472164,160740.6685857867
2019-10-23,171341.4818336066,175117.53257957665,155148.40345273205,171118.10350102474,172321.7175360147,160600.2915459322,174864.14100268055,356846.7327843279,149980.54942099313,161208.36704837217
2019-10-24,171329.78749447138,174599.93081226916,155112.6483908422,171051.6654329669,172515.7605104512,160569.6912159271,174942.4715056137,358379.75184385973,149958.56296345202,161471.76055587947
2019-10-25,172781.6419246738,175589.38489785796,156520.51075609584,172412.40340677518,174100.16205884574,161933.97244445712,176460.0198605211,366680.0658783452,150261.77404109732,162132.94825442685
2019-10-28,172973.10334416156,175711.7624257771,156805.55299096106,172562.87031894995,174253.7517251551,162136.39023466918,176623.4033093432,368618.6195904464,150135.6576763949,163046.84034677304
2019-10-29,172261.70405186192,175278.41039373993,156138.75591717975,171896.7457026813,173447.22198192799,161476.13205887697,175865.4359365151,363912.475491015,149581.88617715536,162998.47708102595
2019-10-30,173312.04566337244,176967.7833300017,157151.46338642586,172975.7722604947,174260.9653394071,162514.73314049782,176775.4371893934,365412.6449929629,150098.18125127262,163498.4418360919
2019-10-31,173026.03166514513,176719.3694833711,156853.35847434326,172680.19243673483,174019.51401668106,162234.55481342942,176446.80368401058,363299.82759757905,150009.94534573713,163063.04583896053
2019-11-01,173425.7274392559,176718.31586711138,157378.3191907447,172994.81897818926,174393.20552487284,162645.76294706564,176889.39773065044,365316.4711250489,150112.8896646161,164573.61113137996
2019-11-04,173738.2356497107,176412.36560855564,157855.66077462136,173337.79516900177,174666.93708928244,162975.79109581962,177277.8323120656,372301.02542443253,149947.07499532087,165234.81691641416
2019-11-05,173590.42621817652,176340.7552926341,157777.57275692376,173173.29684932035,174456.76371020768,162875.4409728327,177136.47448751578,371333.41170327115,149968.58944228274,165052.01679416074
2019-11-06,173919.54514687366,176735.80848821547,158034.51723224518,173552.55734871203,174791.48565512878,163225.0478713698,177471.7306358277,369734.6610562181,150161.6083176891,165089.6909461993
2019-11-07,174682.63588540646,177446.2415709901,158734.9842522614,174349.5460008268,175559.2112550366,163992.046039599,178253.72814875713,370072.91552286554,150259.43303079586,165670.2129135455
2019-11-08,174659.23760508618,177568.637554025,158626.1271711642,174233.66568643882,175535.62085640788,163853.34183500105,178216.3185921405,369553.5728864747,150153.1715946191,166078.84091018856
2019-11-11,174107.8417611124,176990.1166593729,158126.93529663258,173678.93893448365,174981.19505074262,163318.32882422977,177652.42537674712,369499.9945959254,149949.79397688352,165761.62201791562
2019-11-12,173880.66478317627,176737.81766831415,157992.9676568653,173468.22959610674,174751.5631720719,163123.82335394406,177428.57624634082,370792.8811955254,149924.9866430327,166111.0710296954
2019-11-13,175173.0909729195,178050.73043767168,159149.76424552477,174820.08765808278,176100.65636669428,164355.1434796129,178757.22188269565,370949.3319551072,150565.4487566235,166164.82406851376
2019-11-14,174971.18475935474,177916.11012558185,158952.94867605495,174609.74586499413,175885.02520159137,164157.37926128972,178551.3986775376,372515.23540823854,150684.6232811714,166406.76700265682
2019-11-15,173305.63376337927,175764.91941093677,157508.51930608758,172818.62343915587,174156.80778427533,162503.7790524441,176852.68101676265,367820.7600048765,150386.28400969523,167610.87486245908
2019-11-18,175700.50374095904,178491.75641717942,159565.57789900718,175188.1862837722,176578.53032206377,164724.01761380536,179296.3105997097,377047.0268618041,151335.8634979163,167734.55025930965
2019-11-19,174766.31018965028,177387.19850537772,158777.94556895478,174279.0711247487,175643.42529606604,163871.06170545745,178342.93511754638,372624.9937683783,151055.34168025502,167686.13273410214
2019-11-20,175238.68828220756,178045.2469843672,159212.9066075393,174599.36247930437,175976.42694375437,164419.96383528697,178809.36093469834,376156.2778901277,151184.85086272226,167062.5649281329
2019-11-21,175590.07176218773,178274.73244521875,159502.36699096515,174997.1318115693,176426.7470745928,164706.9037150725,179203.83707290847,375519.6280273962,151339.75570844405,166793.7997340411
2019-11-22,175599.59781323367,178174.08318172296,159537.09303862002,174741.81531191833,176545.00445265422,164668.40780043515,179313.3557515982,376412.0401436632,151453.80684219452,167164.71740567195
2019-11-25,176498.25221008222,179273.43618943717,160720.28044344537,175255.29971791763,177237.03610268974,165435.45253859923,180093.9485947922,387017.2707421721,151815.04039670917,168460.27054281795
2019-11-26,176441.7759831724,179224.23982688267,160451.17134811406,175462.0448359482,177214.69878027347,165479.91311520615,180077.6909697782,383321.9110198674,151899.0419427161,168841.9677605914
2019-11-27,176635.85197534825,179268.45142557408,160734.12399861153,175616.52811869205,177427.34315709985,165635.60982135744,180244.52907398905,384792.41994817887,151913.7410378575,169594.56456350887
2019-11-29,176630.57461872563,179382.23422456163,160721.712433354,175611.61492186322,177416.01457577036,165606.86473949862,180245.32843512337,383328.0838049051,151900.23553877487,168965.62507095517
2019-12-02,175855.5851623658,178372.20697556023,160095.65713259805,174773.6642533189,176639.76337547833,164938.3163830154,179452.96562292683,374970.85460755706,151439.248178014,167530.24530423153
2019-12-03,175627.33472901452,178226.83266076373,159874.93826639716,174561.96639293156,176430.8176409598,164683.5723700068,179232.64255038244,372721.9460574786,150975.86765116383,166406.76700265682
2019-12-04,177812.16952234763,180061.75473108972,161754.15759757243,176539.5834890551,178582.2730118949,166746.75773445555,181300.45177690266,376400.93395164795,151953.55305024775,167433.50068625057
2019-12-05,178263.43395047614,180456.15344718372,162110.10792553663,176926.243225405,179046.0019133763,167093.7611670894,181752.87996679157,376199.221234135,152183.13170954376,167734.55025930965
2019-12-06,179493.09989017382,181705.29626723024,163063.45215645657,178048.87601023648,180376.85352797975,168155.38270662894,183102.8669673598,380896.23752348527,152897.0260250455,169266.65655752743
2019-12-09,179165.445180105,181393.63716614194,162812.91306012057,177770.71051502612,180031.6735319303,167900.9523717956,182760.43116080077,380555.8211535359,152729.65985599105,168734.44359646787
2019-12-10,179190.93057256017,181516.9403223574,162839.6777405118,177810.14978151507,180061.49211602574,167987.9484507954,182804.49717066082,382322.8014104092,152716.60555078398,168546.28987411677
2019-12-11,179863.0518891281,182255.57037781636,163423.02219307146,178491.66448627991,180719.47787975174,168610.367435815,183489.22800084652,386135.57780218165,153032.96611975413,169024.69553689755
2019-12-12,181792.67098131755,184476.43666228477,165274.8797362683,180489.78782095766,182746.677957494,170330.72460188885,185533.1835905802,394348.5892045768,153976.13015004742,170481.54396347224
2019-12-13,182265.47965026225,184858.97396667572,165632.38514358806,180900.0295555458,183164.15809026622,170821.8360691319,185973.28116842965,394629.6968335224,154196.63257874612,170583.6783545245
2019-12-16,183598.11600034827,186158.52614842734,166822.71721285646,182205.54630900186,184486.03993796906,172086.45578734047,187319.43913320074,396717.564647513,154718.40509591534,171755.61035428036
2019-12-17,184432.81802725702,187094.7989948941,167583.8668181345,183037.66428046333,185332.68867827248,172853.27761506027,188183.17570680397,400919.66995153116,155372.14791502085,171793.26641983213
2019-12-18,183670.29615612264,186373.0577011709,166948.9471034182,182280.76758899647,184533.9347375052,172199.08257141509,187351.5351660251,401771.3467110791,154753.08427958257,171803.97362002742
2019-12-19,184629.5228491871,187250.69377860945,168138.2032433659,183326.62377955677,185478.36407010836,173243.15824930143,188333.40526077655,408261.05019652756,155594.2105535324,172508.20715719784
2019-12-20,185730.5589143933,188317.27924260535,169264.34525512176,184482.51253585098,186576.35940784198,174351.93572556556,189431.706064291,412905.46827258734,156254.44039345204,173264.5297763995
2019-12-23,184231.81247904155,186820.53639795323,168046.19667175395,182974.33901850544,185044.63163376722,172989.34801613836,187920.04262601258,411228.5678557276,155400.02526901625,173529.2435974444
2019-12-24,184880.66104306869,187486.17712924903,168528.27637749672,183611.99362939622,185706.32496847014,173561.0801394268,188569.9427850369,411548.55760989233,155694.46580189475,173534.65145700253
2019-12-26,185390.70321620005,187963.4809181078,168911.0102011535,184132.7674786728,186237.63834131177,173949.87703481622,189093.37232218357,412962.33580030326,156055.88190673053,174458.40068466365
2019-12-27,185019.95974675333,187722.1906958407,168555.05654136773,183737.02125930064,185848.81628312994,173602.44477074136,188728.86097466532,410727.3283403676,156047.34192977916,174415.19206765926
2019-12-30,183791.58259683862,186700.7696630176,167407.25984070465,182468.439126266,184583.91525641512,172455.84859827292,187498.637066906,405440.1674520388,155548.52991317894,173453.5878230914
2019-12-31,184314.15875485033,186999.19481109548,167904.2891775387,183060.16352873784,185155.65278396802,172906.64545897796,188004.25020147,408957.4311039401,155794.40999568632,173874.91253347957
2020-01-02,184966.61787031594,187396.94670931654,168478.10152654524,183754.2132763976,185793.93078700616,173456.56890758692,188678.16112965942,413611.5249199661,155846.0194162014,175501.05047665586
2020-01-03,183423.67588097445,185874.50321154785,167081.82183173537,182219.81042864814,184274.71598718077,172061.327031104,187082.05564448988,408692.13927365385,154952.99251618912,174172.05542538632
2020-01-06,183542.5185957403,186035.07722668888,167175.76568367647,182334.3872381426,184392.88047968457,172199.6928926374,187181.64261130028,409827.6191606889,155050.69822314597,174836.5529510211
2020-01-07,183170.62045645344,185849.16274370995,166947.9983379364,181998.70629602348,184079.63033368523,171915.95963409488,186735.30655036654,411781.87650567637,154829.98036314148,174344.98032583797
2020-01-08,182816.0015091261,185510.11745922297,166593.4532509349,181639.2126222298,183719.08911699997,171588.64384133014,186357.4098689438,412501.7569116937,154872.83247225906,175274.1193265704
2020-01-09,184102.63467663754,186838.24764335336,167858.0217893084,182913.58935775806,184983.86308224394,172815.98367767347,187635.62299796924,416224.3628485848,155561.3777229087,176462.6185482501
2020-01-10,183603.31768441907,186464.97698331898,167040.06433075602,182467.74989603378,184581.70108011868,172157.3710371702,187150.02973228716,416828.59616407094,155264.58412461047,175954.82234439265
2020-01-13,184705.89627553007,187858.09817815304,167348.65794607738,183615.66487923314,185832.35044768028,172808.58790252617,188276.74838670326,425760.7748332433,156105.37258038018,177164.93491781797
2020-01-14,184983.91588701095,188061.0668216607,167733.93607756527,183953.04203701514,186162.49191225902,173172.0318496679,188626.11471681352,422051.1037325837,156343.33909914852,176894.7951507281
2020-01-15,185106.1696159172,188419.1427241647,167195.5879757165,184185.45144451625,186449.80611261804,172995.25812978443,188829.79047242066,420223.60031688993,156344.67682101455,177294.56076883114
2020-01-16,186347.15107654006,189645.3771567655,168325.14107074862,185403.43823415376,187706.8879065113,174130.27853377926,190095.68851271376,424454.7179432711,157092.70195569287,178769.36907681453
2020-01-17,186554.95551567915,189748.99686349492,168532.44050022992,185517.13589512237,187957.84796316142,174215.5048916606,190331.7867412877,425373.17455204116,157363.20588749344,179325.79984372127
2020-01-21,187329.71571183242,190570.29739961776,169218.84500806534,186311.06820044224,188728.48351438373,174974.30725539272,191111.9170422597,424432.0724366105,157641.57223132107,178974.63261569393
2020-01-22,187721.8066122944,190873.28826996277,169597.63246693194,186768.12871631354,189096.01989727028,175418.44219770498,191429.51326737675,427168.5955167927,158039.73725231795,178996.28214041318
2020-01-23,187852.30031698494,191032.46163231917,169703.15683594887,186905.7795572157,189233.67685812578,175532.2609004085,191567.95913200162,429974.9838542041,158160.6311900096,179201.56376577937
2020-01-24,187495.98734420908,190840.2150894219,169221.66041937275,186562.0330651959,188913.60560704046,175100.59016705182,191226.46318120265,426634.01964620774,157498.38073629767,177607.83680697813
2020-01-27,188701.49836627248,192039.82557957372,170296.82271257407,187740.82913353786,190121.48842456052,176219.90791486582,192446.3522473504,416766.0640026234,157712.01932734362,174760.86100369442
2020-01-28,189488.4052971644,192781.34778716933,171074.2798825379,188525.70717091585,190900.91314838655,176995.95445637152,193243.0906818509,425815.40694506356,158698.26628503282,176592.26248575008
2020-01-29,189728.19962999888,193073.52572896256,171179.8301743592,188740.86043272296,191145.1185851999,177164.83903787922,193545.55510881272,423267.9635400072,158703.11663254653,176446.39496957578
2020-01-30,190040.4793910686,193379.09976241048,171507.2168789735,189067.53862065746,191461.04119997084,177477.39827459067,193833.37581178668,425197.31209676084,159334.68859336633,177019.03122867
2020-01-31,187549.02129291467,190857.6103386496,169207.39136417935,186570.80931471227,188949.4847801283,175127.06616937683,191326.7774380463,412981.67833830917,157457.84147793788,173804.7369646319
2020-02-03,188393.12259965722,191734.58695717895,169901.73445305735,187386.9103347329,189797.95889511047,175884.39552590618,192233.15494965698,417300.2160585862,157968.5026435502,175095.8769989947
2020-02-04,190129.76361355887,193503.33544371036,171463.04081281042,189112.56327679812,191547.40984791247,177503.48883657067,194008.47990457254,425102.6876752307,158974.13634311254,177764.53812875546
2020-02-05,192884.4856540186,196232.358679452,173774.71551712687,191808.3038093893,194297.18277557925,179917.33949995486,196760.17914661925,431087.75358329405,160452.31990630348,179817.3905553912
2020-02-06,192277.2598929557,195629.39918396244,173192.43875817704,191189.25462224922,193691.23936553858,179333.1396611931,196139.681397189,434807.8708519059,160489.12508789814,180422.43779886042
2020-02-07,191036.04310492278,194474.65947636083,172239.73125609983,190084.05583071097,192475.72843328482,178337.74328413472,194971.87273382876,431842.19778943626,160052.1146832051,179460.85164077938
2020-02-10,190462.95794685412,193871.72908335092,171536.25804101813,189401.34960217396,191894.6347087861,177664.89651780302,194329.78273509155,443930.5117262353,160459.75651738993,180800.59006521787
2020-02-11,190667.23605039768,194088.74750062643,171723.10659168227,189609.06490633934,192103.55794289772,177861.45901682298,194543.70171290074,449252.9093474053,160770.8995529078,181113.9384493121
2020-02-12,190532.44813118663,193913.4867078697,171542.4073241436,189468.73111180976,191949.781165861,177794.7957447747,194417.23038962303,453559.0294821817,160683.16292104893,182280.80623275935
2020-02-13,191036.9418579492,194418.76768799924,171877.92326102097,189861.66299878075,192345.1587674261,178385.03312509495,194851.5255781058,453023.13649088994,161193.51827544783,182086.30415353572
2020-02-14,192463.7127524979,195500.20493879495,173275.09064912837,191327.2964479605,193820.7895667575,179815.27882632444,196355.1639629503,473244.30767060345,162096.15514399076,182378.03918588435
2020-02-18,193169.49195742534,195918.0419467353,173861.3458915392,191928.84092018305,194452.126642095,180702.51580592728,197013.3076035808,480562.2593414413,162562.46708390542,181907.9894800128
2020-02-19,192647.47568827326,195724.17268391192,173637.1292868239,191321.9150299774,193970.30066954653,180309.53285972192,196513.0843446636,497780.8206756575,162170.81838376186,182777.76863101375
2020-02-20,192205.16046069958,195219.85696327634,173174.27735498833,190900.4879115159,193490.79639773234,179883.77540233452,196067.59101540173,491983.2081329,162142.28407864625,182026.87195785702
2020-02-21,192879.68490091807,195775.86686100706,173838.96309984967,191561.7594209004,194302.54815520003,180444.74528686705,196752.18270869012,476986.30049388175,162081.72054364058,180152.37037771786
2020-02-24,188523.91527753393,191259.91586101445,169871.04612090808,187313.7242331542,189900.02628321497,176374.6688607256,192305.04083277052,452157.9949785249,160124.22808784348,174177.46328494442
2020-02-25,185193.42622901194,187791.693521376,166952.65544593948,184124.76642502914,186688.98657460086,173187.52507139553,188872.95430816212,436850.49496874417,158544.7348719979,168899.5189616412
2020-02-26,184452.51693288697,187411.51605365833,166446.06347571386,183589.30308841178,185980.5432930242,172400.78942328037,188350.7058702881,442200.88899398886,158430.25258085626,168278.26622598447
2020-02-27,179364.91664497397,182587.63389844442,162011.66269418265,178793.88698507304,180935.81353006847,167495.9714717647,183421.84992128774,420363.62440086465,156598.83009331994,160720.62875839413
2020-02-28,175666.34974088598,179306.5765124681,159255.20940905582,175844.883643779,177308.21781739808,163836.5194260608,180351.47012652858,434032.72844239924,155670.7462474493,160045.33360012996
2020-03-02,183159.83523697176,186105.64016921638,165026.45985076865,182974.10813391898,185177.92447086138,170956.19173881444,187916.04599426134,449342.90695171175,158146.18297552448,166976.3647319659
2020-03-03,178634.0163907167,181786.61376308626,160982.68695334793,178755.69021475784,180679.89132708014,166543.41203465656,183579.56741001914,434342.5020691844,156874.42584037554,162195.4189798907
2020-03-04,182939.9603663599,185670.50725354464,164906.82320744244,182655.61060539016,185042.19673187754,170427.88614119584,187774.70573094426,461063.780471015,158475.53409549393,169012.97549344052
2020-03-05,181239.2493190179,184004.53394416525,163409.27264731118,181211.05298658877,183311.5787040724,168873.88750265463,186203.86961492954,445470.78656210337,157871.9828824613,163394.6073152789
2020-03-06,180286.21409830468,183157.2774406397,162561.35320970337,180464.8932882782,182314.98191769028,168007.17399361177,185477.5510039649,435239.37888246716,157531.7757172217,160693.60754709042
2020-03-09,176833.8787264275,179776.0478109343,159544.41472265797,177725.41553490178,178809.45302143556,165091.8212539342,182537.36738129036,405078.4127819604,156262.63871482824,148144.33484250057
2020-03-10,179080.304430953,182461.01339925817,161638.43384042525,179649.8357368921,181034.11423187694,167302.86648933677,184760.70120308804,424516.2159321822,156891.20255486254,155810.03906881894
2020-03-11,176101.75040473038,179249.85233895417,158689.44387836667,177073.156776239,178088.75751853717,164533.66636338143,181663.50175875265,400986.3059415471,155458.3044612279,148214.55562756528
2020-03-12,171456.37716073764,174734.05933380517,154187.93052597714,172787.76433499897,173339.12593999424,160151.45787329576,176809.18123119575,355818.4318527285,153232.33761271194,134033.8004229449
2020-03-13,176007.86869120144,179369.00542115586,158234.22359504737,176838.0464579963,177902.8913456119,164160.66288123274,181372.28972658826,394300.94761697174,155353.02436520363,145491.83398871028
2020-03-16,170767.90807607694,174280.48229290787,153920.87158486404,172095.80475356392,172559.94532607895,159476.88106117834,176111.07504109893,334867.9357897011,153096.13190875592,129571.57474154842
2020-03-17,175116.6867211736,178618.0903122498,158506.92854061892,176101.71285403016,176988.3008896735,163745.06855335386,180715.35805379922,368176.8285843211,155178.06361402996,136567.42784213438
2020-03-18,173724.29300155214,176863.5424171533,157327.4858020015,174879.31139417298,175772.97216978556,162517.79874163607,179120.31977957438,347754.92894840543,154286.11310352213,129652.61124572933
2020-03-19,173001.4394352879,176483.5393645382,156636.58224269046,174231.80501074175,174964.3178007771,161936.05047227256,178347.97256408076,355539.05534105864,154053.44984565437,129928.13174264706
2020-03-20,171517.97007845054,175107.2007783018,155212.71628599928,172911.28423070762,173424.06534186337,160615.4183082271,176883.80065866886,341074.23453764274,153409.19565092586,124329.00758645809
2020-03-23,170721.05419968333,174492.02116889763,154597.07247403488,172236.52756887855,172672.30945698972,160089.7483306923,175944.04320552695,342550.699131595,153021.4566522518,121150.10857711971
2020-03-24,172556.25753861008,176712.3077056671,156006.5500213637,173767.5219717335,174288.63537432434,161391.5692634065,177725.39731092763,390995.3929756696,154051.8861051379,132126.68890707576
2020-03-25,172146.82419796835,176463.10366284678,155717.98478987993,173407.93920214757,173825.6523640379,160809.5335258714,177275.6615406067,387904.7392811359,153962.43009702154,134104.66327829158
2020-03-26,173266.53765984863,177695.64448301005,156904.5935277198,174436.79544763424,174963.40888043886,161695.73710992368,178319.09789627325,408442.7639531257,154544.11398594212,141935.0178373431
2020-03-27,172737.46603555922,177141.09455706298,156310.15444609727,173921.4667840953,174422.9880248298,161220.2992990169,177713.2522919356,400589.12879498664,154310.104319307,137707.38293319882
2020-03-30,174067.5712291548,178549.09025049434,157390.86112220262,175119.416559639,175801.39253709724,162462.60951219514,178971.69725688535,421428.99893021135,154972.60363153726,142179.5290526141
2020-03-31,173614.55835511073,178057.3060474082,156933.73203671922,174685.64817873444,175319.51651421565,162029.2218592271,178492.10599226994,416102.6898244255,154751.59598999535,140060.28113287533
2020-04-01,172473.27880041365,176933.07068669464,155691.28377845194,173671.72324203048,174181.12507330402,161019.1678816992,177385.15615517602,387624.4882303519,154354.4585033099,133756.91439627254
2020-04-02,173441.2413857726,177923.7815790978,156547.79762084907,174562.3994685686,175177.16296790508,161938.5401136,178383.33627718204,405503.2247078942,154597.49645514897,136843.3733714923
2020-04-03,173143.01571127833,177627.51262293762,156223.66160622894,174301.90101298678,174875.78981134942,161674.88329490484,178095.64967803558,392035.43461499625,154599.04024213817,134865.41708676328
2020-04-06,174677.45231524252,179196.54093713552,157604.96450939093,175716.5248550445,176466.2062875051,163132.90048176565,179669.86842038092,425066.8149449151,154946.90866190937,143923.82601416195
2020-04-07,174074.1526301947,178619.46286758903,157063.02567271685,175144.78217820352,175814.71669856302,162535.45685300668,179066.15938388716,412954.6705747644,154767.5582310702,144070.55263846004
2020-04-08,174691.64214703423,179236.2815451855,157668.72809314833,175712.66584619845,176466.31925569428,163067.92280103432,179725.84909688839,424803.7575302546,154934.9486583925,148906.7797374896
2020-04-09,175143.61800956976,179867.44540448004,157818.5087299627,176143.13908028224,176886.7307515035,163372.3917764258,180199.40110633735,425913.3069015818,155051.16042973462,151172.76332476985
2020-04-13,174988.82326227956,179643.00406175997,157778.3590338031,176001.16466791244,176749.48516827737,163334.28279140053,180023.39862848952,429971.36003961676,155051.48378586647,149792.53829959285
2020-04-14,175676.04137519337,180194.67125290207,158595.7548079242,176598.33986781075,177458.51139932362,164045.84143728987,180721.6307404481,447211.51702736993,155266.1959776834,154210.2893099078
2020-04-15,175387.9171229913,179823.9383340991,158448.26318976656,176317.29475410088,177181.71287078617,163802.59695430362,180423.57855025592,441434.1330428594,155168.44515515835,150933.61475283993
2020-04-16,175826.80768146657,180328.37129670233,158973.31586803644,176692.53980195615,177633.4464817913,164268.4839739063,180852.3441394157,455887.315485226,155423.18784087556,151661.78575531187
2020-04-17,176537.2357056147,180991.20713132742,159471.72084618494,177360.93958974868,178343.5327479792,164872.87553555777,181607.86388919034,458714.10087106354,155708.42864473583,155758.99900302303
2020-04-20,175845.6480072323,180305.925228253,158899.45576680772,176723.741490319,177659.72177738248,164239.14117091615,180900.23196206422,449438.9477428272,155400.12569858582,153014.86296377744
2020-04-21,175140.77731721025,179589.99199797053,158274.4917638982,176082.14318019932,176943.5916369848,163586.45589635946,180176.7815935345,429280.2863001181,155066.0074275556,148368.8152736224
2020-04-22,176292.91912683187,180704.75961762288,159340.08699680312,177146.55173196035,178120.21492450996,164648.3984003638,181404.01105182705,450453.2881561903,155529.01525811863,151661.78575531187
2020-04-23,175899.17826272867,180264.27491363866,158960.32382024772,176774.26013403587,177740.82220419706,164328.28115828612,181001.3011745536,446705.6161006076,155386.58595152435,151650.9157767352
2020-04-24,176090.20379644353,180484.55893093423,159128.24025763964,176950.51951188513,177928.12735751044,164477.15683127148,181180.0178745406,452735.6105966706,155464.48100747663,153764.72870718563
2020-04-27,176361.81625745294,180906.08266146661,159324.92409275865,177167.52393259303,178165.95725070403,164618.37016287062,181405.9542057637,462328.2229618115,155584.15920289402,155981.7521746539
2020-04-28,175871.13279397585,180504.787099711,158857.4291234117,176709.1025972044,177646.16731777787,164096.57279698513,180859.95181219123,455027.2378184272,155419.06937153035,155264.49636697568
2020-04-29,175283.7635911182,180068.14040565514,158230.23267509963,176142.6678347417,177020.8127113455,163432.95559212897,180206.55897699823,460980.582147869,155193.80755318358,159329.12680868708
2020-04-30,174547.84283170916,179287.50309118192,157565.13594108744,175470.11194330588,176286.86997585456,162752.20835616608,179459.41694109622,452372.17286860355,154884.14472177418,157845.67316000545
2020-05-01,173973.1570259586,178578.44390172488,157065.98952969917,174948.48984461694,175695.93045280874,162203.4747453206,178857.84990894177,440738.36775567505,154640.5898888674,153666.97124594296
2020-05-04,174326.65083523327,178827.18499899266,157396.80298515043,175260.98712996356,176035.4141265437,162510.5626350252,179203.43889677332,449961.9450904444,154777.6657332084,154090.77380502498
2020-05-05,174632.0050898919,179019.8776787987,157688.01285279734,175528.8515390826,176343.38389304996,162792.8053236977,179516.94722461942,452983.2087634521,154898.157221001,155514.48778775203
2020-05-06,173764.28236658958,178029.42147169626,156905.05164118373,174745.56384689326,175463.85316277712,161956.813817165,178625.07083909234,454213.11529547855,154444.16406079172,154460.3169036578
2020-05-07,174010.41544213338,178238.740528208,157107.64833006574,174976.17367511333,175704.37028348687,162262.87667099785,178872.25826113063,461917.4550201462,154539.9001690077,156324.14745657527
2020-05-08,174983.428671095,179233.91625765577,157991.18281559116,175854.89137060294,176681.3168963397,163229.45002577748,179863.14459302358,472000.3831702906,155011.08668414253,158910.6597632159
2020-05-11,175129.47778372475,179382.3676899662,158270.53181680723,175966.12972196174,176825.79787177045,163461.18653488235,179993.01757625173,481197.85368716833,155117.56276912475,158943.2877854327
2020-05-12,174321.09215555422,178620.44192472854,157547.70694686868,175231.3834378563,176001.38374122468,162727.49032773435,179147.3331799119,468970.61799555755,154749.56624273086,155775.29492764463
2020-05-13,174279.75506695494,178655.63515693822,157541.87088157344,175205.81211614495,175949.59062017006,162554.3922331471,179200.65432241926,467381.5945509741,154736.49572317122,153020.27082333554
2020-05-14,175041.9302752327,179406.03777753908,158222.7195574621,175911.97977778967,176746.28685874277,163447.21928536464,179945.03688898397,479502.92341896123,155063.15386419866,154851.50952700985
2020-05-15,176462.27476163761,180491.46425997923,159638.95981959463,177115.29491524564,178129.7115534597,164585.46965914985,181464.37306689174,498226.2048743061,155588.47579150466,155563.41173459042
2020-05-18,178219.57048086319,182271.74685566413,161089.4113593563,178713.454960936,179882.95636670955,166315.91691953404,183163.11929156815,512740.892656829,156260.38286765135,160301.83615616025
2020-05-19,176976.70136051613,180795.34295682804,159950.35457232915,177582.1014324229,178622.80133761442,165266.71372833542,181858.72275273709,512234.2442180733,155718.93882416456,158655.27856936824
2020-05-20,177513.42547545844,181380.4773629515,160217.40845303895,177944.0725739436,179166.20530312957,165629.00709968954,182410.02556209516,520340.3915711947,155888.5827932974,161350.4906617755
2020-05-21,176498.11080794397,180320.6210499184,159346.13227399587,176947.39447383553,178135.19880951248,164694.53027070145,181360.86154500267,510697.50119545334,155452.48073921946,160236.56202523984
2020-05-22,176787.6471642845,180715.8412866932,159427.54946363074,177148.85317242093,178452.8507700417,164896.30784829374,181685.09326504177,521390.79392051115,155553.4337378443,160540.88525241267
2020-05-26,177254.3726100915,181195.37127735247,159689.14797193967,177593.33955844174,178892.82576634074,165077.07625212133,182195.94482418805,511041.64426075004,155666.7073268965,162518.82345065486
2020-05-27,178267.95667109312,182192.3028626942,160286.87946780166,178574.24051843112,179944.33979559474,165695.4698636362,183268.89965745265,506346.3200485406,155974.81438378541,164936.93247854794
2020-05-28,179768.94743682307,183598.92261264136,161854.53514301803,180075.06295172783,181433.5090194831,167275.0869550396,184753.35690695912,507207.79357510374,156683.97153851364,164632.68159732234
2020-05-29,180990.0837201133,184544.9395184832,163097.4204585815,181330.27544209958,182679.3371350451,168417.52396416047,185998.19872923527,523689.0027912934,157227.4381706372,165366.23332962216
2020-06-01,180794.74297582844,184347.18967394548,162695.36403728192,181084.57464680859,182493.8106459769,168109.6315449565,185801.32945698683,521262.44937197224,157096.2006243965,166034.5832769488
2020-06-02,181215.759470348,184786.0420525084,163153.87022800505,181534.68859614377,182923.83385741306,168553.42023536938,186229.77156809048,522606.2509057974,157304.57269747532,167409.46374527158
2020-06-03,181985.95887135496,185544.20249030384,163641.43029430945,182328.27817094984,183725.3952190195,169149.62746221508,187040.4075365284,522903.1861656212,157656.18963746703,169637.32101834286
2020-06-04,181138.67325752138,184642.03439775296,162808.30708522061,181429.9555418109,182908.75454096042,168190.06781696872,186239.12075161427,521287.13917929097,157067.2919274813,169191.74232913388
2020-06-05,182270.17130101097,185704.52234318882,163688.50715592393,182600.81245643008,184108.84855887975,169098.7142793007,187449.600523382,529923.4826991307,157531.82740701354,173528.0137163409
2020-06-08,182444.46213743562,185834.39243988314,163807.2106734817,182810.68222889226,184272.30821567852,169259.285458077,187631.1898746804,527127.5276761,157663.3699055283,175625.53976541318
2020-06-09,182238.82970881797,185746.90504619633,163589.9372375628,182562.6573941381,184049.4055249312,168941.40914344593,187430.88605182286,535446.7331297816,157529.8435800217,174315.95151449763
2020-06-10,182518.16449606756,186308.86049616893,163697.38589922644,182837.26163798227,184334.07902488377,169076.67962433628,187675.4711069562,546968.2373084445,157734.68689832697,173343.27833999813
2020-06-11,178242.08286899267,181830.79897908794,160119.35548296967,178706.6862808805,180087.07012352257,165272.84466008857,183384.34742216705,516469.4553005635,155784.8666804076,163350.20499014462
2020-06-12,178147.646573532,182050.3649240866,159634.871972801,178569.9444564265,180000.76139553415,164972.64648703852,183363.95157281376,522430.42777666694,155685.83845691118,165306.4394042071
2020-06-15,178727.52571533757,182802.93348856797,160114.81378948718,179216.0883113535,180633.2154754942,165519.15319482688,184050.87021668776,533150.1160526854,155930.29346612806,166849.6869783038
2020-06-16,179876.93204510474,183640.55732211142,161325.55064164437,180265.76238698902,181713.1496042361,166680.19441213386,185039.51485723953,530152.7204909573,156485.68113595172,170061.1597503985
2020-06-17,179602.5699602943,183285.68018826732,160956.5205031063,180011.43562491558,181447.53436085553,166388.4154529338,184742.4772419675,536024.3203161423,156358.43496240326,169354.75583481014
2020-06-18,179133.9065693359,182714.8078334013,160527.79531110945,179529.5246250721,180961.4180914299,166004.2382888809,184259.4678106064,534653.1143924852,156084.67617084732,169419.9757062701
2020-06-19,179440.68619723295,183212.41590647763,160761.652157269,179913.81833735085,181324.10239209514,166139.71804693268,184562.12632902362,535143.3567722995,156247.0447701661,168451.78798050107
2020-06-22,180363.99185014813,184210.2936585737,161466.01994747034,180858.4638963688,182279.92985327408,166899.49981954618,185504.23465666093,547146.3608784126,156779.51063937548,169532.36513534727
2020-06-23,180076.6046876909,183847.5127235732,161259.49173956556,180572.7660947952,181973.70033102372,166691.9859457714,185199.52458326396,543303.5533254313,156529.8444735031,170312.85130093564
2020-06-24,178502.06707601363,182267.59246394513,159773.43493194395,178982.03865232025,180365.1645426484,165193.9054229525,183545.1436403512,532020.433628891,155878.9224241248,165968.4229081744
2020-06-25,179231.50136005762,182906.79100063624,160250.8429453274,179757.40856164118,181184.51262625266,165748.05634391977,184356.48567877477,543011.7150935984,156001.58080292214,167747.6087027911
2020-06-26,177046.38392109075,180682.27745070407,158394.85605493042,177520.39280179734,178936.43119571378,163784.74512921242,182084.65751124333,525768.8521581317,155165.27082398412,163763.40886795224
2020-06-29,177612.556373563,181272.5130321783,158980.72443878598,178088.14676602226,179481.6960277557,164376.07337293433,182651.35528571616,528688.5729041152,155453.13597425725,166170.37661996638
2020-06-30,178836.57087018792,182328.44280580597,160166.3997864262,179318.95803397422,180726.30614551267,165582.54543519806,183920.38721265894,542334.9313620497,155923.61027704016,168298.90290744198
2020-07-01,179026.859835969,182562.72050155728,160348.31664585907,179531.5994716013,180936.77935914614,165688.25512222244,184061.0980567376,544615.0513882823,156186.9249254261,169477.79820462214
2020-07-02,179214.03076282088,182772.64466278756,160506.5421754136,179719.76114420727,181149.100567264,165847.56352892466,184275.4191414701,548155.7825757683,156232.65632183113,170411.13327029598
2020-07-06,180248.12989782562,183847.70398157265,161391.7922923432,180753.06555021118,182228.580026108,166784.56839790288,185388.900508919,558885.0005327918,156638.20725576289,173041.79469125546
2020-07-07,181907.51040731356,185166.41371741978,163628.67504395504,182450.3469775036,183763.89839592535,168802.10057146376,186932.7748785165,561284.2694287669,157895.79760493356,171257.09251815974
2020-07-08,181799.2743181819,185295.39481594294,163726.95148455573,182504.070054712,183720.41418645237,168780.59347663837,186845.4569969129,576709.5278089327,158380.65380854165,172567.0244123248
2020-07-09,182800.5095073766,186302.36023549715,164534.25734265023,183512.64619961308,184740.4317621225,169729.59055719984,187864.15001028744,588471.2990579096,158705.49420706384,171584.60262143123
2020-07-10,184224.88666251575,187580.56089434781,165481.5299827031,184795.1343599328,186117.29251647278,170809.25486011343,189334.0194562499,591525.2436264821,159481.73628583943,173336.55016690242
2020-07-13,183959.10889937056,187161.02147131978,165411.8256321162,184454.00031412303,185803.47281781904,170596.88402461383,189030.11896006798,574013.9764204698,159141.76687104872,171835.60688546931
2020-07-14,185692.28535861897,188956.6476110119,167101.76420505828,186236.8603972178,187573.092685535,172318.2390486728,190797.62557059183,590264.6075685101,160108.17245221554,174062.41514230525
2020-07-15,185403.57866482745,188611.740854838,166965.3898211255,185949.89725909295,187268.36264404128,172064.67231020704,190494.74122119442,583955.1802752346,159788.8556473048,175661.6042201251
2020-07-16,185690.51323384955,188831.2032026636,167145.02569083232,186221.61223268395,187545.5242167707,172285.35927468978,190775.32408489322,582558.905646434,160316.76149831712,175083.03559335507
2020-07-17,185482.0438254075,188591.93411048193,166914.52678803433,185986.32272980604,187331.1406718177,172084.28529960706,190548.66074447398,586043.4994805716,160554.38290224312,175590.68710531795
2020-07-20,185870.29203297046,189080.34323935458,167211.6980432078,186372.51009474986,187740.11897456174,172444.56130004025,190958.04323701744,598237.8729732026,160687.8953023036,177009.69860147274
2020-07-21,186099.1402896629,189274.71535618822,167467.74680122547,186619.7593932335,187963.66424529912,172658.16775503886,191194.60062648958,592203.8247943233,160869.21932046022,177386.31351645078
2020-07-22,186382.6545319106,189414.7887807823,167715.72615593954,186910.85231279576,188257.70332786272,172903.90834317295,191486.5928535575,597521.8045975073,161100.96961159713,178395.99164297665
2020-07-23,185698.30871620702,188909.63981874892,167084.48255600684,186221.5503332456,187554.84811834828,172247.12211213924,190769.33688229567,584638.7924886412,160850.00743403187,176267.44726901426
2020-07-24,185073.07161115325,188328.30034103378,166539.90822133864,185660.70685753736,186948.92586619098,171689.45819571015,190162.7495113585,586453.3533896987,160588.11925525567,175132.1404050616
2020-07-27,184773.82307108448,187895.16418211107,166293.0916607264,185401.4933748735,186671.80101943028,171440.72864203263,189887.67111052288,594515.4735810756,160377.22963497753,176409.37193106257
2020-07-28,184611.53218038374,187872.0959329127,166147.2742963544,185241.84174339857,186503.17470716307,171244.04602639063,189709.25324466688,586765.402789731,160399.02513943822,175290.46951065242
2020-07-29,185207.84010094067,188423.1833648519,166706.0919758823,185912.26195232462,187119.42850169184,171803.0211155872,190339.24148381426,597922.8303808407,160720.63619465524,177446.34256619442
2020-07-30,184892.4971653058,188105.22218547558,166158.98291752939,185450.44142154872,186811.34860928153,171364.74479933365,190034.22176125218,603164.2082059822,160572.42892543375,176813.1889222125
2020-07-31,184314.14923267878,187492.86288461054,165566.94922616327,184902.5460714337,186181.18110247524,170817.09300545094,189466.3053021844,602263.6079426669,160278.240789349,178210.3881152667
2020-08-03,185287.27466625668,188457.50334228663,166178.44491032595,185654.1496337776,187212.08833164658,171561.8192342808,190475.92897436745,618031.8847918952,160512.83364706993,179449.38480813778
2020-08-04,186201.66782130132,189384.94222193825,166822.75059904682,186596.3505818877,188073.27929653655,172350.4714210701,191457.0561055246,629018.9752053255,161070.2828146004,180142.54941537656
2020-08-05,186379.22915417576,189684.3721575724,166851.23551240962,186554.60767776042,188319.77594164346,172336.94807766302,191547.42869284318,631575.5496747458,161130.75149493408,181261.39757632627
2020-08-06,186015.32356545623,189340.23633362658,166428.51627255164,186190.73205482215,187901.35591445657,171935.2935373049,191170.86015391786,633075.8013936543,160957.24512235686,182473.0113281573
2020-08-07,186878.24763568636,190289.20334773985,167338.29015644008,186959.67156755915,188818.41648003046,172789.26344602215,192006.653056113,629746.9663982264,161427.64778691978,182604.02983865535
2020-08-10,187217.41904490112,190615.43825792227,167475.72127565483,187372.90842078417,189108.75731777766,173205.99963071223,192356.39792952256,628275.721952347,161487.37282006798,183149.7714918536
2020-08-11,186012.333124481,189590.88749918138,166343.0811296031,185953.34494536594,187911.79180302884,172109.1730621765,191011.60671171575,614513.223417231,160850.06681976173,181637.99440481747
2020-08-12,187770.8955664846,191901.0345326263,167874.75976496394,187760.98247388643,189883.27817328105,173799.98516701424,192896.86530877667,641069.2622436375,161956.0678630344,184170.41002939022
2020-08-13,187487.75229206964,191461.05363854504,167574.4911112546,187471.3988035047,189472.80468837608,173470.21946095055,192605.50407158543,640691.9431121644,161658.70301340387,183837.47398007382
2020-08-14,187982.9932186692,191792.03857001854,168001.5789701282,187922.7102135656,189950.5159005418,173839.5147063365,193035.4947453163,645104.6614047751,161771.72592741693,183842.93609909236
2020-08-17,190062.66292651132,193855.21510758915,169801.54169854664,190059.30635061368,192067.07524058232,175669.08695832145,195196.24785321773,677501.2626658519,162624.23364497678,184426.94875839414
2020-08-18,189206.4326289728,193270.16989961974,169087.41954396278,189253.5518054702,191341.30773894806,174997.36279051568,194367.20900001173,673853.3871668363,162477.24046889856,184825.3398034991
2020-08-19,188408.69701630995,192314.2861775353,168308.89445796775,188450.9436781991,190471.67302778704,174090.17234025025,193560.69530196633,668192.4640323048,162146.8818233597,184055.85022189512
2020-08-20,187932.54193727594,191710.1750672186,167846.00173110524,187966.2078269255,189998.47506839517,173486.25940651153,193075.3374188706,667540.6616602634,161975.2639354725,184628.84821072567
2020-08-21,189386.08513943903,192982.15389916935,169093.05482722653,189404.53540930798,191490.3700103081,174741.51835787884,194605.27811620367,690555.5212289852,162609.31413744975,185283.79607132138
2020-08-24,190086.86897262678,193856.32464313507,169834.21071254558,190069.05263427043,192171.3867449597,175444.69801624407,195311.44679674253,693157.0430785115,162944.42660965223,187161.30000827205
2020-08-25,189871.53562006933,193646.2230903773,169678.44994824857,189830.38887599407,191950.9337151039,175237.22141695712,195097.10316979984,694055.2170288124,162835.54526773072,187816.2840418414
2020-08-26,189124.1978061573,192874.49852202015,168959.78074445567,189041.6330722556,191162.35417296883,174478.25979187601,194320.76539586362,694044.9926747052,162604.8075384695,189699.23201132382
2020-08-27,191345.91728429784,195126.35305831785,171425.73486132728,191366.54706047798,193290.75140881652,176900.45050583483,196533.96896135673,691311.3024303884,163673.80163691693,190114.0455864581
2020-08-28,193112.4822744855,196999.49683826216,173195.62967756166,193125.0747372105,194985.79266391386,178581.71641174526,198318.0240288518,714181.6353811888,164552.6538595027,191342.00952237117
2020-08-31,192192.9872220379,196138.82795752937,172248.29234238632,192096.72215713933,194065.45210935597,177571.45783773426,197360.6207734757,722048.8140409006,164196.55867801417,190648.89917459287
2020-09-01,194049.79168196133,198139.05272434105,174720.84517728304,193993.82469981915,195724.30719021294,179687.08158113083,199134.9866838479,742091.4465731697,165093.1305796094,192444.57984518612
2020-09-02,196744.8528773234,200895.39676813054,177812.09472950103,196689.0110080058,198228.79203484123,182887.31662618346,201868.40714392683,767326.8573660228,166642.91761614336,195228.09016623104
2020-09-03,192874.91470757412,196695.57921145213,174754.50177244822,192923.19975439433,194254.64575026906,179426.34805531203,197866.06603123434,708788.9465826573,164709.52962132468,188509.43056259336
2020-09-04,192310.09423912942,195972.73460717796,174584.5530961052,192449.73909679073,193689.40556120314,178960.44836809437,197315.12435272388,692000.460575095,164295.3383346715,186970.27053451719
2020-09-08,189398.5292354999,192998.49407716256,172002.2365230049,189497.36247659248,190661.1077070382,176521.4059750119,194272.6196869831,660023.9325281059,163130.83401998685,181861.7242467364
2020-09-09,191757.96056523453,195370.24289780017,173927.6682058337,191900.70891447488,193077.81775666375,178543.74544283992,196650.6024574796,695393.0094371245,164142.84465095325,185453.01324197568
2020-09-10,189743.03070207668,193439.08178098671,172354.66164988658,189835.18151853644,190960.14994758353,176704.2197821766,194569.76961414938,675714.5660912053,163301.29030070378,182232.93130215633
2020-09-11,190164.22100253016,194043.77337733674,172711.7087390754,190220.65743573752,191430.3966698217,177149.1564094207,195051.05270326167,670538.3155659159,163496.78697286337,182325.67880655086
2020-09-14,191567.66794612943,195481.27582991883,174138.83655858325,191668.7399456965,192746.31877143908,178362.24854905906,196390.7310544214,701396.7221239272,164028.9921311756,184727.11209359922
2020-09-15,192208.01495483838,195683.93983119904,174050.7221074424,192562.77240263374,193569.48150904375,178625.27565884945,197054.64756783078,708249.0704315496,164503.07544292486,185660.4109862994
2020-09-16,190348.61436239257,193872.33549335023,172612.0944665373,190557.31298489246,191657.48455457686,177208.35586518265,195121.05813586974,684974.6347859494,163528.0450071384,184923.62177285945
2020-09-17,189865.82390310633,193336.4606599327,172079.0316366992,190064.43994033264,191158.5708982236,176641.6151420206,194624.87429642407,682099.4736224262,163268.0789598949,183297.14018643368
2020-09-18,189469.64938453498,192994.16073634868,172026.61664084677,189733.12918226045,190853.4813289713,176457.93027125968,194238.30276631773,670207.3065447804,163194.8930152866,181186.84507766904
2020-09-21,188680.77384237753,192074.28094758367,170931.25928645514,188886.57739407828,190035.6486450538,175261.95757333143,193431.54897850353,682010.5410703113,162685.27663954807,179170.40074899473
2020-09-22,188823.96554485377,192110.45424340366,170899.17613377463,189032.62008595534,190125.45934740198,175221.5758551064,193571.26897104929,687133.4580017974,162697.06653861614,180995.07405795468
2020-09-23,187347.137923422,190754.8429546859,169579.71227297388,187630.63783385867,188617.85112858834,173828.8499652886,191973.48556831208,663734.6331130386,162256.66502549392,176797.670716524
2020-09-24,187964.9782315186,191446.5460310588,170103.37868685304,188263.8174943381,189212.1728588727,174299.5995740727,192586.76926973398,674128.1528857225,162533.3925972332,177268.9141305255
2020-09-25,189349.50228730385,192885.9292470783,171200.7143971924,189649.80418160005,190626.8522994965,175440.80909570135,193982.99464660347,697444.9446143255,163033.92696208067,180134.80839901912
2020-09-28,190434.7148306391,193960.61635614833,172209.95772729954,190702.28554305524,191649.47798149925,176620.66370848715,195065.97504491117,705937.2253635991,163446.05278501645,183126.7112211627
2020-09-29,190556.00823930843,194067.14288514995,172218.30926949868,190834.3192086734,191865.43806878114,176599.7434638264,195214.0679510591,713243.5408938032,163427.69289501105,182129.44042459287
2020-09-30,191308.90200547857,194763.8371189198,172788.68023392902,191555.71761753046,192689.57029140514,177197.6031024372,195983.55080847972,726099.2338452493,163752.24835317704,183510.32560653865
2020-10-01,192016.8041025013,195558.48518031547,173399.91074723683,192231.06352673218,193371.7525794139,177753.76823393579,196690.6181846224,731464.5319791355,164041.5886813272,184688.47935775935
2020-10-02,191036.84062504684,194623.23826513794,172519.71329323814,191253.59020877682,192384.5021403559,176843.0256391237,195733.42205809325,707734.5409572375,163639.28712337013,182934.92211496152
2020-10-05,192783.00795959213,196384.2189655687,174157.73068065484,193044.1470260809,194158.88088295583,178544.88602604668,197550.61028190976,734730.4171226661,164390.2414295877,186178.9686498126
2020-10-06,192296.55209662078,195849.15028678585,173888.32692126703,192638.1378978614,193682.59977109486,178269.1334172476,197078.02907872136,737989.3142991582,164184.7857053432,183532.24642856015
2020-10-07,193415.86317375742,197047.50313688512,174904.02699774614,193875.8540777012,194783.4987336977,179382.83857576302,198198.6986477225,749956.5905786954,164734.04653116068,186726.95302737606
2020-10-08,194034.74349355,197648.29471870657,175404.03836989382,194502.8002415497,195381.28192368924,179972.61246473325,198803.2623438877,746772.1457989175,165126.85651423028,188381.77613864315
2020-10-09,194907.93374950255,198530.2442803953,176292.08652808686,195357.85780489148,196202.6209546014,180884.99678297425,199667.84498295965,744669.9550664563,165405.8443192653,190064.07262338436
2020-10-12,196180.5092684968,199827.88979579366,177483.16075445482,196611.0695744636,197500.40207046355,182053.37911663568,200993.16056765005,765453.2975407905,165999.22733267187,193121.73791159238
2020-10-13,195745.3640183085,199096.2426799747,176913.8172670163,195921.41304273327,197158.85955484316,181434.9238800941,200629.2212131836,764573.7831121659,165603.45168192772,191861.39916427791
2020-10-14,194618.81940619633,197975.7795406591,175825.6307247721,194733.3154007762,195979.40588238568,180329.6358513657,199455.92433181437,757194.5270467767,165126.12517244363,190655.86247201718
2020-10-15,194235.4145204131,197555.17163906293,175517.27906827914,194422.23951524083,195626.11783550004,179999.91080407074,199076.7734275001,752068.8973106261,165152.5404864596,190420.26789474668
2020-10-16,194881.4682022306,198059.21827524487,176132.33970675286,195047.31143496672,196231.133236726,180578.88248944882,199702.43009159266,747261.1102305597,165334.4336123347,190305.2197521075
2020-10-19,192531.98953623525,195621.2235909334,174025.1973656093,192867.3168184447,193965.91606028026,178387.9967695378,197344.1251152925,731021.761791157,164330.17012966867,187411.83402365292
2020-10-20,193186.10353587603,196277.55235965355,174629.90768313457,193572.84544516442,194653.1273906485,179001.99307068565,198028.493773624,737956.9096766771,164638.48904723383,188162.58600491512
2020-10-21,192392.3604859013,195510.33905932243,173832.69661186083,192766.34761249056,193848.9446579395,178231.47703045764,197215.90336999425,731864.2342721254,164330.63689670764,187806.40882003965
2020-10-22,193592.3003465738,196509.87009208216,175125.45763189608,194053.17154704634,195080.07420137635,179370.9363696615,198453.40093881253,727468.6877885725,164920.58942719677,188836.61510910213
2020-10-23,194210.06118472014,197180.72653532494,175649.35733526363,194675.7757076738,195714.97539467324,179927.92199000609,199086.22535946633,737574.9299974871,165255.38242475185,189477.7448937701
2020-10-26,192604.38449661678,195422.93495502594,174264.84767735796,193071.6769626934,194088.04134688346,178471.7018091177,197447.22645463547,717239.8198608501,164316.74466936017,185976.1467866534
2020-10-27,192507.66866228066,195414.9455056545,174043.50134407688,192931.21092394594,193990.7216482964,178354.85586802653,197342.57183826494,727172.4622907991,164216.04692952023,185335.03508847224
2020-10-28,188843.05856576277,191552.93926550198,170566.57767858863,189193.68763487544,190258.4073121078,174834.73394389538,193504.90932509582,691357.3736918485,162386.21416590252,179000.51437832823
2020-10-29,188814.7198470527,191733.45539797316,170864.03917636359,189265.88937854575,190222.0184447639,175035.64963380928,193516.2015433949,707295.5011011817,162518.9021315318,180819.76174124324
2020-10-30,187443.35300269217,190239.86821952884,169494.5457802094,187762.7088103778,188802.70520968077,173638.40914467847,192056.92988036227,686367.5649220592,161956.1133406412,178934.8061717242
2020-11-02,189771.49154950568,192426.6510442315,171428.138068424,190021.34122009267,191122.25788869357,175653.15479806927,194374.1554017021,691609.4261394977,162874.33359774237,180940.2900893878
2020-11-03,191440.2007960168,194216.13781821524,173185.30500009275,191724.2993497012,192757.22421725705,177342.98446237593,196060.38673440812,712289.0397607156,163895.0311410268,184134.9786017169
2020-11-04,190057.72973474587,193073.5406806842,172409.7900534587,190587.60032947798,191449.51504412858,176507.50093153535,194884.93515113596,740692.4670411873,163545.7017222229,188250.26929300107
2020-11-05,192157.6459169158,195164.8841162531,174311.73675939222,192765.49767465412,193576.93078109724,178481.4756165945,197040.3972414033,759078.0754023881,164672.60988439282,191921.69951132382
2020-11-06,193832.38876580453,196878.7197554012,175857.81127739552,194400.06777502154,195251.44101053156,180064.67113782448,198742.14783995575,777167.1808261784,165438.96198036728,191877.83978079402
2020-11-09,194655.74746756788,197862.9970562604,176044.0230856325,195042.49652926222,196103.759835961,180165.65179631574,199597.9087219367,744082.0408148229,166310.69853744956,194288.93125180234
2020-11-10,194331.99061894193,197625.37751301652,175173.20475891308,194434.58212775944,195759.51860923262,179306.74873048425,199144.8720526665,709860.2850159566,166345.00279488822,194004.0329114703
2020-11-11,195755.13909494234,199237.78400411585,176542.55758883775,195972.51064877718,197196.20392661262,180779.18183384725,200648.39318108791,737845.9044633755,167057.85375320262,195445.16418100154
2020-11-12,195096.35084438938,198592.77160025472,175975.47234555194,195294.38402952437,196537.5895034534,180168.4380539984,200029.91775601785,738328.8834035498,166951.8043174654,193549.13968155088
2020-11-13,196020.12182758888,199313.71612614294,176751.5966824451,196185.0596616747,197479.36128775537,180937.76987948807,200892.84883217997,733434.2917742702,167454.92219399966,196228.72504934872
2020-11-16,196931.58257386452,200255.0146878843,177567.4957452138,197088.44955484866,198391.59279164954,181772.8957954341,201825.6899645196,744872.9318350425,168038.32470826435,198678.23221835506
2020-11-17,195441.6836404705,198877.62033360908,176257.00892049787,195596.46471498703,196880.26055336758,180431.36578826982,200363.56276427052,738429.4231485875,167272.47151204548,197609.62831778135
2020-11-18,194067.7320799805,197553.19191723844,174907.17641783706,194174.4119353067,195478.9583392696,179110.64850339963,198924.54775487963,737136.0871743234,166958.88582780823,195231.4361662921
2020-11-19,193349.1200803696,196859.96175556674,174248.6174537868,193418.26387234248,194769.19664818817,178415.00518268248,198186.19887990179,737908.2548557624,167105.7053333855,196053.39464615047
2020-11-20,193431.81889052023,196875.93850465753,174343.24157889708,193566.63442395633,194829.04994976407,178546.90205169455,198273.46289314568,722673.4533628569,166794.3814998979,194710.8709027423
2020-11-23,192193.18264749358,195649.57613543613,173195.65230882535,192301.6363653123,193561.84295449546,177410.15745165307,197013.40542072366,725072.3999291734,166722.58372234702,195878.0099834918
2020-11-24,192504.78368860792,195927.79606808728,173493.54269263108,192648.90696314638,193870.64791862172,177720.31830585017,197331.35264871852,720086.2903037589,166951.31606058584,199034.3551437701
2020-11-25,194204.4017339021,197729.93578155528,174995.42202022724,194491.50730182376,195632.20470142772,179226.45250285522,199029.00154661955,732293.1495504477,167237.49231045958,198727.46363546932
2020-11-27,193225.98530552295,196709.46388574454,174069.11728600663,193399.87182386094,194618.0974599155,178304.58627913555,198075.3842318337,732352.3990153116,167066.08908550412,199280.9643915118
2020-11-30,191475.03497602418,194891.90831915668,172399.21208091712,191433.55030972426,192805.0753254132,176646.01951853078,196384.1176925146,735994.3264186952,166852.7551112932,198398.6874781207
2020-12-01,192552.90504902176,195862.85031912063,173392.60732435534,192405.2827024806,193817.89969507587,177683.58228956765,197448.73801668006,737301.0527401649,167207.94947668578,200568.6860798663
2020-12-02,193053.55470417938,196338.53620524312,173794.0168829752,192842.8448661801,194308.9750135249,178107.87991658444,197958.11784434883,744279.2147463718,167266.0385670589,200990.5714713458
2020-12-03,191839.2622591404,195080.8417761877,172880.7261321226,191668.32467609475,193086.80073542922,176991.8690816319,196712.99092028977,737033.5821020459,167013.78738509485,200935.82367575253
2020-12-04,191125.29005946981,194308.35870109874,172502.22926289152,191004.34085585474,192368.19423602094,176352.4159807413,195980.8888517465,743601.8748855238,167106.61653679717,202667.44201004208
2020-12-07,191949.6463999148,195171.5130619167,172996.57521228626,191758.0688722083,193197.90137205005,177109.43489990485,196826.178039225,745582.9002309004,166992.90583784343,202251.00065109433
2020-12-08,192222.33735550984,195485.5339082411,173250.05895136922,192084.22115749953,193472.3623310579,177333.40096261006,197105.79342860254,736327.4122668888,167455.30508311046,202842.7724132403
2020-12-09,191133.3411331348,194408.53965090492,172590.3253319527,191180.0566009563,192344.29090828495,176512.58373443334,195977.85670906713,718682.2232473922,167180.66804638383,201023.5250503253
2020-12-10,190631.26880199852,193870.36100242398,172086.9318912743,190640.9605753916,191847.49726156727,175985.27868286433,195466.08867827101,719380.7801554312,166830.92192243895,200957.7264112872
2020-12-11,191079.14630926406,194320.62191987043,172619.93994732795,191164.8636137825,192280.8132915878,176497.8259391294,195919.08698744734,721409.4314920582,167008.55733886274,200722.0594880694
2020-12-14,191014.2403087032,194179.09446210228,172501.83847658001,191045.3048429591,192228.0161011649,176325.7845357792,195857.0194752152,731676.8117726789,166246.65416222854,199823.43239059628
2020-12-15,192922.03840997786,196171.12306233676,174385.99723197945,193063.31389501537,194122.73868975393,178261.34342188868,197804.16032150594,736093.9059839279,166980.83242701736,202524.9204939288
2020-12-16,192087.126824295,195418.08116115016,173604.34273796438,192285.06677010714,193312.42057780235,177494.57152714464,196975.56914622904,730697.4376760817,166609.728016321,202842.7724132403
2020-12-17,193189.23116743617,196502.29079056956,174619.6017765337,193336.56148546084,194379.65216829037,178484.5134786513,198065.49098985945,736012.2966923759,167310.84865960368,203977.04834744442
2020-12-18,192545.93587019117,195895.75794391238,174038.60737523538,192684.0279061576,193733.6976215336,177906.76265189896,197413.57738313384,732606.4190935898,167142.54034522153,203162.63193258847
2020-12-21,193207.8491628683,196705.0909216359,174580.5306239655,193428.4723118373,194481.33087213011,178530.43752465787,198155.51184747057,736358.8017679234,167428.35785688725,202436.18818960752
2020-12-22,192812.09619838145,196214.66747337414,174205.92283162448,193021.89798057638,194067.52883653928,178073.8888013895,197704.52786726662,733147.8555580196,167025.38586817874,202095.00470230283
2020-12-23,192556.53731373613,195766.59498665464,173789.1726982883,192770.4152772508,193784.85260748846,177552.60891327233,197400.49892868218,722554.7721016947,166746.42686078395,202276.62920291317
2020-12-24,192955.8681069714,196252.65024949642,174158.25180590694,193143.17008655818,194188.61984073353,177973.79807688744,197826.71735132817,722472.976835749,166959.4258376764,203063.5541578082
2020-12-28,193758.6200883442,197150.86506731814,175011.8849112223,193895.49399839327,194949.88403879592,178802.526547482,198624.39552687271,719984.3197779711,167450.4431546934,204808.10433017148
2020-12-29,193587.63056162256,196921.44166197855,174740.38379377153,193712.7936929054,194835.1260779813,178593.31500268675,198497.02599497308,721472.1529995754,167333.12861016823,204417.34578250302
2020-12-30,194712.23727840898,198135.21832280682,175576.33453987652,194884.42232787894,196015.05069093354,179537.3580120597,199711.5896629383,730874.868372467,167918.3091743777,204708.95420944394
2020-12-31,196054.13706766977,199122.06040628385,176417.96703562984,195982.52327450126,197353.66267968755,180506.1733064207,201054.63134997804,729157.4554883563,168427.87127373548,205749.07189328183
2021-01-04,194492.3847509465,198190.1015387276,175994.5867157237,194903.94580224404,195730.9686427744,179701.55101367072,199390.83159731427,728981.6427451861,167930.24398180738,202947.99959353817
2021-01-05,195835.24929411296,199621.20406861353,177041.00774961655,196361.06664649773,197155.33147535377,180867.39072293876,200867.66440610756,741956.3682938506,168557.69793243794,204345.7956406573
2021-01-06,198357.76174778707,201536.66185117533,178676.29738038286,198515.8970339099,199678.17829782813,182685.66798991564,203311.34682349113,715374.855803969,169384.4871858703,205567.42930618467
2021-01-07,201377.97652085134,204468.16659913384,181213.47046552686,201493.89147755466,202709.83879627433,185390.6945469061,206440.41847444477,748019.1287361674,170950.44269465533,208621.65816189756
2021-01-08,202006.14926496282,205229.8295370961,181792.38236614547,202103.09135917897,203326.10448508203,185931.69069869828,207058.21075978564,746837.9395108673,171231.96543996935,209810.32016195857
2021-01-11,202581.70361400658,205647.44840665624,182228.5516334747,202687.35437885174,203914.97672738563,186475.77503853425,207680.18456274405,760606.3661664069,171575.68723753968,208396.0292388629
2021-01-12,202984.40566983962,206060.9421398759,182642.62240776207,203120.59510477638,204322.3597090744,186892.69622129807,208063.51438759983,756010.9512294955,171792.6163802141,208440.01557480037
2021-01-13,203211.83109325904,206170.44280727257,182894.79434975004,203240.72920032853,204580.26110500545,187108.47698074643,208307.67610194196,759377.3750727298,171797.60547640396,209001.40203909483
2021-01-14,203280.71136783744,206275.27614493074,183016.37552626478,203269.40198366728,204708.80135003,187214.99419936928,208416.86793587694,747102.9257030947,171950.2858569432,208269.4961770953
2021-01-15,201213.5086055727,204124.32667071468,181237.38862964892,201158.95015965146,202692.61808988213,185354.26418903557,206316.27108386796,730933.656486781,170997.72093744142,206750.61110074032
2021-01-19,201296.0494527547,204185.3941170488,181407.16256310997,201239.94713978114,202857.38702017246,185477.4982131241,206428.78104057495,738450.2980418176,171137.88805794294,208374.0179844073
2021-01-20,201511.915262408,204682.5356612721,181692.61071518916,201556.70594773575,202965.83809277244,185893.14319002337,206623.22080696333,753289.1719778569,171502.47212415468,211257.6731829547
2021-01-21,200999.4211533428,204752.12179163803,181321.94086082876,201294.6404820222,202343.87061204828,185577.85517195586,206091.6767721302,772949.5793745657,171462.98606969108,211450.25809457578
2021-01-22,201463.53645272477,205151.26804541342,181665.50174203626,201675.74710056832,202842.6346745225,185967.55367760666,206589.40626198432,767399.9731397838,171851.4128260124,210701.8392701129
2021-01-25,202611.24471183764,206317.98751512455,182547.5743721099,202796.12914208954,204106.64530191736,186924.4812148676,207842.441807526,767169.2725846771,172466.47851197683,211532.7686474322
2021-01-26,202967.93350873236,206706.86842636645,182627.6953782263,203063.3743650628,204544.6671533209,187012.87203715922,208267.20871790248,757886.1956387911,172978.9159842159,211202.59983059872
2021-01-27,198606.3113362067,202346.6605337693,178580.54277106558,198619.7964679713,200104.88506400835,182876.41038599057,203761.15894024406,729096.7963895849,171021.02037499577,206040.71649319638
2021-01-28,200132.09839860204,203839.08846076985,180069.58355365664,200154.79649272448,201655.7169571636,184381.2805129154,205350.80404980396,737717.5372761512,171603.0269351286,207812.70386606015
2021-01-29,196657.4689704586,200303.19827573225,177249.96574071088,196726.27563345028,198166.12328463414,181470.35706130066,201823.76722057612,731006.8206426197,170024.61169590533,203652.41399557676
2021-02-01,196776.63303884518,200348.76050673082,177486.98200448492,196842.2647755581,198294.0061990872,181682.84474973305,201969.4207910754,741886.3007849251,170030.24607142986,207042.23761416806
2021-02-02,198132.5618842609,201925.4970811837,178894.89392191736,198250.37091596093,199656.75896433185,183141.37582786137,203366.1749454671,757765.0708891595,170633.96589259,209969.89723513974
2021-02-03,198433.6114140399,202197.26336230044,179207.87355838588,198607.321253952,199968.72351518887,183440.27965659086,203714.61096247664,757316.2204622477,170716.65546575523,210135.0087732867
2021-02-04,199818.22532687828,203615.85256611588,180548.32956645763,200049.42492183406,201365.12430985353,184747.98122868958,205165.0167241504,764673.438335968,171307.50683681524,212523.36553036678
2021-02-05,200487.5564807682,204257.6449004694,181326.1968558001,200710.6761266692,202048.17627326684,185448.9100218262,205872.90391653712,763119.1237859086,171695.72016714304,213359.82937265193
2021-02-08,201900.11669240345,205715.5310195057,182509.96489781555,202106.16607050598,203468.21500075402,186771.30952655492,207311.18777047345,799056.9192769944,172409.49935751187,214900.70761697568
2021-02-09,202025.74362510227,205819.1248373901,182726.5029460863,202227.7850746312,203599.49465010822,186924.34389834336,207449.82388390083,792493.9532932625,172504.08271860654,214757.58924679746
2021-02-10,202019.64633230987,205697.20826285897,182619.6365433501,202099.04007372144,203591.25344200773,186834.45773909235,207422.79004299702,812947.4933246281,172562.28239223344,214663.99167752254
2021-02-11,202152.60414754818,205793.16417115234,182749.5794480765,202158.55889204427,203727.84582539674,186978.40377927813,207569.75345488504,832723.097626686,172679.0404942251,215010.69154330625
2021-02-12,202464.07481897893,205988.1290316022,183066.65552780445,202438.6428402305,204038.40745003906,187265.00817910154,207868.62880264016,821041.3285204076,172690.9264947973,216072.85665457332
2021-02-16,203268.1716007573,206428.33145655863,183895.28108930742,203001.77627110807,204839.92631726194,188062.0057893838,208667.06379232666,835846.4225794838,172873.98262200563,215885.69768899717
2021-02-17,203763.1348516949,206883.23251591023,184219.25271039896,203505.34013304627,205324.4051433,188510.9895455148,209131.56632943105,818597.8593438306,172908.96509158832,215935.23657638728
2021-02-18,200376.63606969314,203361.64262429049,181389.80939377187,200271.1036607082,201994.21298440528,185421.59025007323,205888.91000314648,813109.2243840768,171665.57409752722,215016.20792178524
2021-02-19,200731.48993624188,203422.38078719602,181740.85816742835,200615.08724985513,202307.12016920286,185815.60634352005,206220.60668398312,815308.5010691787,171581.8924417804,214636.51830404843
2021-02-22,200175.56146807357,202636.5785774838,181319.23265863443,200130.90799971955,201755.21123539616,185441.40142632913,205669.94259345974,789436.4377487901,171029.6674233884,212985.58378744687
2021-02-23,199320.00547087987,201606.58989212237,180609.1174303851,199301.62282438946,200893.28646584385,184699.84317641167,204836.0597969902,779805.2489076162,170589.67754407838,213244.27480838192
2021-02-24,200924.6112729119,202887.89674084386,181895.66607081768,200963.42407463837,202683.76649583125,185859.23423259403,206527.1020639135,794602.9946069481,170979.50631861953,215594.05308908262
2021-02-25,198578.36325214565,201085.809629571,179890.3872831475,198659.07270237996,200203.1920452821,183893.53291510124,204113.47759004813,744918.2744764431,170351.51546366044,210399.1257402667
2021-02-26,196618.24159472456,198870.7044166107,178079.61211769446,196613.2100280099,198201.4007983945,182071.34786906908,202098.2359046451,758161.5605526625,169678.74587053224,209315.0217204913
2021-03-01,198420.83465597083,200516.18401707025,179817.85943852947,198474.86176302432,200028.19804854516,183765.14920136382,203968.3352400489,767417.8623160241,170353.4418624508,214388.8781265582
2021-03-02,197503.29000994313,199706.45536162393,179014.5846764098,197581.59462193644,199091.70446376174,182942.98559641294,203028.4321643297,748515.7527583357,170036.99648002168,212715.93235550108
2021-03-03,197117.03463630553,198149.18766926895,178498.85730035632,197244.72572034478,198907.70844666642,182307.76437723814,202427.16007613082,720804.0308461343,169370.9993354198,209898.38326626766
2021-03-04,194929.0311651788,196084.80851810478,176316.9263156951,195070.20805882942,196773.51527627453,180031.29263991903,200223.76836389053,700148.6631987818,168642.58981272814,207300.9286351031
2021-03-05,195991.04827523773,197182.02568670077,177576.0614678387,196081.27316694317,197737.91348385048,181301.2808179743,201332.42976803557,704642.4134924213,168980.89838634085,211114.55481277645
2021-03-08,196365.80357393235,196811.43751230283,178434.07469768525,196482.6370894118,198098.0124562332,181833.29458329536,201395.04787539365,669658.2549400755,168986.9435498815,210063.49480441463
2021-03-09,196992.72620524088,198327.4556070229,178783.3692681365,197116.17623719125,198662.0423609272,182399.53501038707,202290.51161474275,710834.1664902349,169603.97098312993,213062.6683942584
2021-03-10,199013.7644563846,200024.4023994444,180719.85997995464,199155.12652114755,200669.994746324,184537.3746739921,204571.01939299743,711544.6307754067,170235.58569216428,214388.8781265582
2021-03-11,198924.9351959653,200368.28000256958,180505.24664965575,199036.12938456112,200578.67279459187,184350.30061645695,204358.7546598151,733269.3184358783,170376.513745748,216562.6206310748
2021-03-12,199911.33279857357,201155.9590224837,181518.54019423743,200049.33760254874,201573.0053838801,185392.90785968414,205446.0090473389,729641.6995624212,170750.37142766005,216854.24714450253
2021-03-15,199935.6404787344,201356.43788545736,181480.7962174018,200063.30117673075,201597.30942122836,185330.93237647315,205422.5473011932,743060.3113789741,170819.97046294445,218147.50329782284
2021-03-16,199366.21158073063,201216.22781505823,181133.6856632534,199547.9991568549,201010.31033572217,184937.06663227043,204820.75521919742,746562.663309514,170797.43105867144,217872.37166037166
2021-03-17,199817.40598156856,201040.06472229437,181158.15089182678,199901.58289545905,201485.35882376856,185089.6139707169,205381.2271449808,746657.1697491944,170573.64605998457,218615.2198468951
2021-03-18,199668.3948609018,200458.96081160585,181078.20886691433,199805.77903418697,201345.43381248246,185132.59093568093,205230.2803018061,719926.8128008227,170254.93591488074,215434.49410238827
2021-03-19,199052.7722383949,200125.5270123278,180545.54156650318,199162.92907861972,200714.58192176843,184487.82337748105,204584.25398197537,724172.5389176034,170148.0892009258,215035.8860194415
2021-03-22,198380.59143609554,199888.76045515918,179890.43952198428,198421.2757753664,200022.0176419175,183706.0648289752,203880.55205266314,737672.2441704186,170130.42833971634,216752.92664535702
2021-03-23,198181.85970301225,199887.1273778732,179863.51509346731,198247.16614114397,199808.14905455615,183491.92205441155,203631.37834871284,734774.2807906028,170266.96305499953,215046.95494937315
2021-03-24,197991.2588552442,199574.71160328324,179795.00301644686,198040.4869218265,199586.73841855876,183253.8093776733,203412.99501366963,716627.0923935295,170104.80927326996,213953.68108078183
2021-03-25,198558.77675629046,200212.11439641783,180399.96861485994,198624.91128756737,200166.6142089456,183861.6878535135,204003.88224306988,713716.3052168419,170374.6363895732,215157.30060544002
2021-03-26,200237.8792594188,201802.56314709043,182017.01718784866,200273.59448130795,201848.5205413566,185424.19403183085,205709.28047507987,728754.1738521404,171077.276405223,218624.5705605792
2021-03-29,200574.14544777485,201977.9732569126,182271.95852211636,200687.430353217,202184.02346473455,185664.0303871764,206048.39307022392,733658.3891768856,171343.1523600196,218514.15255856502
2021-03-30,200319.03424384265,201849.54266142592,182072.90093359113,200376.25676228036,201934.3489124761,185496.94842963354,205794.4794318436,730187.908853533,171151.2017160949,217934.42639663877
2021-03-31,200595.15353410318,201895.60297346656,182088.16455397778,200600.6247015681,202114.2743016951,185447.07349233172,205971.18207685993,750115.1704254114,171196.81037144462,218817.77041275203
2021-04-01,201090.71845945463,202336.93776785847,182540.8488242856,201187.56468186993,202532.80722866755,185866.7916206797,206347.59720081877,769564.2466644137,171312.22258446383,221180.8422612628
2021-04-05,202366.53652569622,203706.64457365908,183641.8542055296,202443.50464804558,203882.2937477755,187040.25486244267,207780.11214865008,779189.2635199422,171963.22271290715,224355.41860025204
2021-04-06,202372.994916334,203655.53235881028,183635.29442432756,202395.081164636,203866.79745555084,186950.5284265516,207775.77980594576,774431.4369724267,171965.97516311496,224222.9712572955
2021-04-07,202900.95165582024,204229.04767200007,184083.10906865963,202925.27311896818,204388.6320534201,187390.16583207852,208317.3212705833,786832.7503976852,172211.48929362767,224482.42191067684
2021-04-08,202987.159708739,204306.56748435186,184165.59748802878,203026.06607339796,204463.43718619773,187473.15950531344,208410.65282375307,794211.8904465345,172234.18109283288,225548.02345443904
2021-04-09,202766.52053511038,204123.29809698887,183965.9120940886,202860.120499673,204208.22452849982,187276.4122903975,208197.7780567002,797872.7146202023,172123.83479994274,227187.78052218808
2021-04-12,203461.8005352118,204596.3358207589,184604.01153672818,203449.85655110865,204892.40216712427,187844.40160678804,208865.37953443805,830990.6115001641,172436.50773621554,227270.65280478084
2021-04-13,203261.75311528167,204311.79630455287,184441.1715534009,203299.2020142534,204667.8724217637,187697.6427586631,208678.34104980313,850342.798514345,172284.93726010277,227944.1935738238
2021-04-14,202086.61773124963,203037.7085158885,183516.72442649573,202204.53177990724,203571.97020525875,186704.6835720702,207497.60172729817,832778.9479805749,171885.65355833434,227165.6426623248
2021-04-15,203973.64079281996,205108.7745451078,185127.23011905263,204052.11118901995,205413.25793025023,188333.38263958745,209412.7950441479,869940.8244540978,172761.7770650665,229605.99806900203
2021-04-16,204730.917599159,205839.34510061846,185992.77154238176,204858.6174446743,206265.40486542744,189172.015116858,210218.27619833004,862303.9537586245,173167.32207353693,230373.48005056943
2021-04-19,203228.8438619263,204318.23192332144,184786.47507666907,203372.22826842978,204850.90415194005,187917.59204018585,208706.18647064382,838149.0623431549,172575.2181999706,229241.6096191119
2021-04-20,203334.86301200622,204665.29201774808,185227.39509032734,203610.54482895936,205114.23545510782,188101.84118828614,208823.42705383064,830789.3249890544,172988.34402353648,227563.23790200986
2021-04-21,202278.4142232643,203549.6024816431,184622.04138351092,202648.31143415984,204001.651870065,187211.7165072056,207670.65724437445,836965.6451101966,172665.15719472594,229716.45224398983
2021-04-22,200579.124241743,201869.34264010016,182877.6224989449,200913.1095813737,202288.37895629933,185553.098144677,205945.73595760594,814251.198828048,171834.05290214095,227618.47403274715
2021-04-23,201322.39316094323,202676.67098542053,183787.78724451488,201686.57211814463,203026.0594397883,186419.3931780394,206734.1906849885,832542.9013074724,172264.9147197614,230086.3751588458
2021-04-26,199890.32298061642,201411.27081170017,182713.93260045425,200307.62464234425,201549.20235209863,185292.1176730285,205349.51180124117,840344.8144707908,171719.86471748864,230566.69798922908
2021-04-27,199723.34706087218,201179.73778619018,182605.19129069708,200119.39246175849,201376.57159041427,185155.4553748135,205136.70187174674,835972.4087641017,171561.73144144338,230517.03249643123
2021-04-28,199213.33539292734,200646.52579056763,182140.13543657266,199581.7307973124,200854.75264067095,184716.79403562966,204615.67187247289,831438.8410409027,171327.25942933786,230450.78169522274
2021-04-29,201054.64901191424,202687.32469888407,183838.3265732809,201540.61693754152,202783.3590131133,186426.36233313114,206561.47930531227,835644.1252830038,172236.28351863954,231919.38633822813
2021-04-30,200299.37684803933,202104.6952376833,183147.1331495817,200779.42311860138,202008.83917191354,185800.80137336924,205741.15322157895,822091.5604098105,171918.40723240504,230395.52747799864
2021-05-03,200756.4678406351,202989.41146318376,183435.3890096238,201404.49126632797,202596.7972548671,186212.427854596,206248.16430914562,815225.4665862096,172357.20031011652,230892.43561679256
2021-05-04,200256.7565569072,202408.33374864032,183124.17381086887,200970.51295746205,202096.991258745,185808.89924718894,205799.98498970293,795296.1677750652,172299.76754466875,229467.99817459285
2021-05-05,200388.4022871607,202126.44752484345,182645.4046343725,201022.4664633488,202252.61792358448,185390.71205656763,205873.31294591742,798628.6787688788,172069.13021210209,229539.74726779354
2021-05-06,202054.6798744773,203587.75990662695,183957.53807256214,202632.5471177767,203900.9810525487,186774.94956754247,207529.62759490235,803134.5152748774,172730.92593231384,231372.84887960996
2021-05-07,202087.54673471692,203927.79450271005,184123.65028588247,202656.1433567866,203956.34700371552,186985.4840302171,207652.94987685225,815695.305086856,172961.76690143827,233056.73697519102
2021-05-10,202623.15491834463,204111.67130593982,184640.70005528218,203183.16395247477,204483.54737417042,187356.1630946349,208084.56929514435,793922.5679926439,173129.983100974,230748.9374303912
2021-05-11,200694.35390984378,202438.23480968305,182973.27665883306,201296.11981580098,202573.46559262899,185687.74207100633,206178.82541513638,793263.2429929667,172331.294251172,228689.57386850155
2021-05-12,198067.8782176492,199195.562976032,179987.60866894145,198589.434332179,200036.78653071888,182625.7224648173,203497.9537513323,766853.610361577,170933.5493228234,223830.98282852353
2021-05-13,200114.44660105053,201200.8692441985,182024.88681481412,200632.1316712936,202040.7054782046,184708.83616604257,205540.25935123654,766540.0357528515,171900.004940812,226519.70187216366
2021-05-14,201821.37056420607,203074.06242232953,183547.97584671754,202309.21439318973,203763.338718955,186214.66333733057,207292.02874504856,792204.875796596,172709.5667127192,229998.02267074765
2021-05-17,201429.4899913992,202344.05828973182,182939.95970453665,201866.2894382085,203421.6073571814,185505.78601227593,206877.57656601927,788046.6916560759,172404.25845855282,229412.7982168292
2021-05-18,201569.01025457334,203056.65755240028,183475.9754697893,201975.03734811308,203442.03090783468,186125.45467045048,206963.32783249003,782146.2237564654,172674.07671125993,227436.2707645587
2021-05-19,201520.14276072796,202883.48258307492,183396.8009540396,201960.45319319487,203362.14411487788,186035.40545696177,206902.04780654976,783981.6159225439,172575.48440488277,226839.94120773496
2021-05-20,203335.54297182176,204820.9984669701,185189.79290539044,203875.3599867486,205170.82221323985,187782.9754024156,208772.4830817511,808258.7383297237,173322.1350514646,229280.2966144122
2021-05-21,203762.64231129724,205282.5990058665,185689.99128370575,204254.52526139928,205617.5738038519,188211.10461991577,209256.01114978682,824551.9117035307,173549.07516332564,229092.54079477108
2021-05-24,204639.80094492942,206139.60307,186451.92994949585,204991.46782573842,206490.94500132106,188943.22517057142,210131.86456732458,850297.7200660334,173926.8149525068,231427.97649142635
2021-05-25,204317.72640008075,205770.55913419236,186032.66670653483,204601.0483387858,206138.53809887817,188572.3746469486,209740.60455823256,850592.0543863279,173710.26308520825,230914.5373036822
2021-05-26,203973.5715042961,205439.65664046857,185713.50573814567,204243.55938114965,205824.77760587202,188253.08058835697,209428.33655760594,852554.3057591172,173555.79086103197,231372.84887960996
2021-05-27,203541.56596788781,204936.05190430922,185269.0026295812,203779.83296663084,205378.285959554,187793.08608936286,208958.41482722343,844159.6894758883,173480.208734825,231494.2634656085
2021-05-28,204731.44358781772,206185.19986258374,186537.83056564463,205032.04135439938,206604.2267467829,189001.36664408064,210238.37767265574,875751.6366255361,173990.85371667158,231908.35358127012
2021-06-01,203422.6365373771,204839.46326408433,185442.9117783186,203776.11187441862,205293.30587978617,187819.3266996204,208946.7057291433,875686.8681505068,173471.09080442187,231704.03053970516
2021-06-02,203951.05629406046,205510.72251291288,185923.76263635023,204232.17293263425,205783.84895603164,188269.88373540965,209472.40137649706,897504.8041856572,173784.4108845905,232068.41898959532
2021-06-03,204014.82555949554,205543.62158841465,185911.6389738787,204297.96000000398,205883.16616214992,188236.93980040372,209551.75192644977,905185.691277421,173844.83644715976,231207.14048739805
2021-06-04,204567.61872698858,206149.9657438375,186381.01356026795,204852.9934226546,206474.5701953264,188643.8947273732,210145.19907410102,930448.223830644,174167.16467405984,233321.740180025
2021-06-07,203835.5736034708,205508.61048236792,185881.1625156744,204181.22888031433,205706.21950297622,188081.52194928483,209401.15338310978,931432.7975180241,173876.94188768958,233095.36971103086
2021-06-08,202640.4101088627,204335.60303154273,184912.26202172038,203054.550903827,204490.16150588737,187060.27096443233,208185.29941144728,923574.8233869574,173389.48989614047,233145.05329031553
2021-06-09,202100.66016066825,204194.39971746976,184585.93404962233,202423.86236021304,203825.5605298222,186865.13833140864,207589.36962408884,919445.3951777603,173383.98938653088,232797.26823532284
2021-06-10,202045.37591406883,204771.68783691974,185020.83986543686,202091.73122656703,203510.4374857108,187500.33575538738,207468.15346739395,922727.5002240255,173617.58874556675,233879.38274154844
2021-06-11,202363.3381407668,204894.24934883305,185153.58111103944,202317.0785273348,203833.40690041412,187531.28002003618,207820.52683044458,938954.4924072819,173575.28488723777,234265.83670535457
2021-06-14,201493.10408535978,204293.7653090265,184445.0540425627,201325.14049728605,202849.61853847344,186930.66348482925,206914.59287547643,945788.032765867,173379.10559731998,234790.38099600398
2021-06-15,200190.11314895924,203243.18474670133,183453.9898328482,199811.07677645888,201394.22830586898,186024.63271994347,205547.08453775523,935112.8421862243,172890.6205157984,234359.74174490536
2021-06-16,198817.4785316404,202173.259229314,182531.908363841,198263.6544917895,199825.7543207061,185200.38153587707,204079.26814225002,935529.8228647789,172335.05140541698,233051.16633725155
2021-06-17,201171.84135408755,204221.73378417135,183771.29606771152,200609.60631347485,202291.1083794937,186671.03182739945,206490.24678553655,970265.814282022,172897.77684542397,232973.90086557186
2021-06-18,197671.85621762645,200617.79659099912,180376.27534533135,197123.03786754937,198799.98390122264,183296.01091505968,202904.25627031145,965443.8658707071,171221.95125450447,229830.9397055377
2021-06-21,199999.87432646326,202988.96259451244,182590.0301457905,199434.006179169,201103.99645209566,185438.32511264412,205255.71943038283,959358.886293764,172180.9070950814,233121.25147366512
2021-06-22,200040.15569809734,203023.38542170453,182567.78175645287,199492.01467925112,201188.9367490188,185509.39840202505,205335.47114860342,978183.1514883137,172369.6867989045,234367.57319369685
2021-06-23,199047.9077063439,202378.54026635695,181901.21176362914,198669.27490080107,200196.7258411522,184813.64943932128,204347.41668949137,984385.4440167584,172033.61813571755,234085.08035611143
2021-06-24,198970.70423081567,202645.90013239472,182244.84293591903,198766.78389990932,200099.10518865642,185102.20015599683,204281.47081028615,991051.4769004137,172378.28871354234,235469.83604623593
2021-06-25,200294.748909473,203769.23618368595,183306.1784525484,199961.54261219362,201441.01461948833,186319.19171109484,205692.59295805567,985933.4951437576,173048.38276919,236306.209456087
2021-06-28,203508.6271193377,206633.9197023252,185527.12659228576,202984.95640288276,204753.8116258061,188514.87036448694,208922.56640171848,1026441.7279052065,173787.90519787156,236782.64369180478
2021-06-29,202163.22676915373,205664.66397449566,184742.30949654288,201849.07096322434,203368.06786482997,187606.99733533544,207526.94671361722,1026929.1351477116,173384.33121549507,236910.04490493954
2021-06-30,202318.0242473562,205787.59111085106,184872.0734429542,202222.86888787165,203502.5644300683,187687.75102723713,207647.36405458045,1026920.898159448,174056.9757251719,237109.39416262996
2021-07-01,203749.4445926292,207226.09727830772,186156.3157457455,203585.35327117378,204935.4051501594,189012.9040790372,209124.3733634074,1036794.7128919393,174459.30190902774,238422.21989468564
2021-07-02,205159.13939900527,208857.8856079055,187435.09676172788,204996.7632110833,206293.34459250592,190270.99916447434,210471.90512290975,1049081.5845732433,175147.08178862598,240244.65047928036
2021-07-06,205137.10351349376,208800.18938566718,187105.39034137916,204676.03841185034,206304.06528212884,190068.83432747246,210475.80982413288,1057287.6372944033,175035.66936312776,239806.99367129695
2021-07-07,205204.9451029306,208696.17546489454,186856.88791197084,204481.35725864721,206361.98297844522,189917.56453169114,210555.68873091336,1044302.1041824204,174992.30556472467,240654.49027054012
2021-07-08,204069.67572835216,207442.38696268413,185699.80525689648,203270.93474836714,205212.45447787855,188805.03545311236,209397.83684804756,1023617.831802415,174419.42095313847,238693.66188882626
2021-07-09,205103.03184554254,208529.42379448903,186852.20677766766,204372.45597256132,206251.4309172081,189862.44347360774,210466.12014002088,1031795.1512384539,175002.04435389646,241241.7223244952
2021-07-12,205875.17381822606,209449.13299272076,187686.38134877878,205253.68874018893,207040.5985610396,190643.28169894143,211248.13920163567,1051712.9324983384,175403.8935132148,242105.76805917537
2021-07-13,205115.5434221759,208587.08562520085,186901.61672902585,204420.51180113555,206270.24735061504,189905.11725070767,210482.52515419247,1039852.0214379784,175052.12498590577,241280.4274062823
2021-07-14,205526.33039696905,209174.86131362076,187321.46032930329,204935.54426465355,206762.4500448842,190461.51433421107,210987.88147031647,1024042.2758340546,175340.8649499607,241640.49318582332
2021-07-15,204834.9244894407,208570.803431297,186888.1281054058,204199.20430400412,206046.0447850439,189820.98985639302,210236.84470811457,988569.6278140156,175036.16651958082,240815.18870590389
2021-07-16,203791.62645514047,207802.61265158173,186134.54760940355,203453.4683881587,205129.1789559437,189237.59357425594,209270.54276400057,954820.7646241322,174689.4475789272,238926.27219577206
2021-07-19,202563.95760494313,206511.05395796563,184830.26068136605,202336.85887400553,203933.96725898277,188217.53816076682,208030.86608174402,977284.1964580711,174186.8452916576,235397.86991519344
2021-07-20,203589.1461705279,207602.74928120355,185826.28117238887,203341.25303886755,204966.3980215227,189159.21892533533,209111.04138448762,972102.0730558648,174643.4708939739,238771.18057132137
2021-07-21,203764.94732636336,208117.19526592028,185981.2001894473,203522.4835754246,205108.66820594372,189280.92533018658,209394.6107728497,1005188.0383399925,174768.2700397602,240704.37280117976
2021-07-22,203915.69797343918,208242.1094492949,186034.27585667468,203605.06860120274,205245.06560162402,189328.21885128066,209522.6827321816,1012397.7439435998,174834.721540221,241208.40701577938
2021-07-23,205628.49377923124,209828.7069351051,187559.45904322265,205218.7806850798,206961.56791166044,190873.62185843868,211206.04706587797,1012485.2365971783,175642.0687814094,243689.9634394244
2021-07-26,205642.1407507533,209838.70269637657,187640.14476366763,205259.30010167707,206974.22592034936,190960.21455162767,211222.5102785125,1001782.6301864707,175628.79592960986,244288.2101638507
2021-07-27,206360.51120964083,210452.13072267844,188302.31354458962,205922.44848595173,207710.1433303177,191608.04482419742,211904.05753999125,999179.6417640982,175976.55489869099,243174.8060354327
2021-07-28,205875.56053303872,210146.12466083583,187909.01138529304,205506.83237633752,207217.3830736386,191212.32974187197,211465.02402434856,1011188.6882764188,175901.44423814327,243075.11332010067
2021-07-29,206343.53480775515,210642.06759882355,188360.08194670326,205982.01001267863,207692.25034950298,191682.58799331693,211972.5270367967,1018583.2334804641,176153.93579241115,244083.25409524716
2021-07-30,206138.95658111823,210395.9618756757,188128.8846505048,205766.79604942398,207483.2465885744,191441.5413857493,211725.72321731396,1011235.755510412,176018.4467346765,242897.88383578672
2021-08-02,206393.68025021415,210792.13877216665,188361.5224340477,205998.38108793166,207741.26165585977,191686.1109945307,211985.46809086623,1022105.7860412457,176273.47749751294,242388.26089676082
2021-08-03,208587.69978518665,212885.965633311,190302.79487198818,208177.28137026133,209941.37234529742,193646.61378790773,214204.1127482606,1026913.506404389,177268.40097369323,244360.2305543536
2021-08-04,207813.2855022385,212335.0418064079,189607.04824143244,207389.91388083718,209166.0838197667,192941.38472890906,213386.2258121483,1045140.1132834962,176976.3739268433,243158.22072702207
2021-08-05,210244.3267583792,214835.9035623943,191798.76062475186,209886.6374983709,211596.6966495934,195150.23547161237,215989.62870978547,1062216.7378878752,178549.87376720243,244698.14038754452
2021-08-06,210855.22996826185,215389.92646031425,192478.5910002198,210504.2353980119,212160.80800996022,195898.27434894416,216570.26747414767,1052602.4074741607,178628.06299805723,245102.44571383848
2021-08-09,211092.3944961594,215602.10639106506,192683.39394441148,210747.33453946063,212402.48138673505,196098.43630957828,216832.18794519902,1049790.5627458564,178824.13640295187,244903.0241102008
2021-08-10,212837.2717089203,217236.381944396,194292.32037349796,212582.307809018,214114.7334092226,197689.6573825914,218808.63262327487,1036528.4332351206,179992.83738824658,245207.69098062313
2021-08-11,214293.41203021244,218767.97545526503,195804.48793572368,214203.30030552592,215648.53966761084,199176.99803425098,220381.58505077584,1029471.5056550688,181003.11020109925,245817.00663498105
2021-08-12,215402.50318173406,219841.56488639832,196864.83406875428,215279.6097278765,216767.53060756013,200248.22959743533,221492.89285489303,1038996.5055259356,181489.96037943556,246553.72350247373
2021-08-13,215810.8210536384,220115.0785216263,197335.333138701,215597.03721541888,217168.441650058,200605.74334403063,221840.83261321206,1050757.475348337,181835.29841319277,247002.3949809283
2021-08-16,216243.84716763193,220590.64675830823,197936.0104111474,216054.7895067345,217600.64378575716,201131.52593365865,222245.69183028248,1041658.0102964834,182362.8059084162,247584.00213748348
2021-08-17,215725.18839927152,220127.05948083746,197662.34237598904,215547.86646070727,217073.17726255037,200802.80537781664,221663.6914080841,1020958.283495653,182341.952121348,245961.04741598692
2021-08-18,213819.39090111945,217822.49636647053,196020.9293797348,213698.93183744088,215189.93497732267,199006.26006091113,219645.31655982655,1002591.4337602553,181245.90332352923,243268.98237228574
2021-08-19,215163.47751565004,219610.2052218305,197176.3778909907,214974.55127838155,216494.24191439422,200294.50279563418,221063.11790359317,1034110.8755788194,182066.51490900133,243645.66963321102
2021-08-20,218207.5401843836,222938.3346408123,200178.21636081813,218010.15021294393,219565.48606267525,203290.67000752976,224156.20780704232,1078438.5747214905,183585.74453967685,245584.39632803525
2021-08-23,218438.11341980932,223931.50247349357,200524.0086300397,218143.4289373608,219829.6784646343,203678.59035383165,224377.35607113916,1124264.4129541495,183429.44824590167,247744.6463133868
2021-08-24,217223.55451739868,222558.58479444621,199612.3635479609,216973.32755870358,218666.0617735105,202622.41004061463,223073.80853893017,1116660.0418415219,182536.0580780939,248137.91888272273
2021-08-25,218316.98286936624,223528.16399080725,201164.6177541955,218326.32344581146,219727.14637396397,203959.6855931271,224183.59380032733,1135362.124646231,182989.81602335244,248658.61075168027
2021-08-26,217968.0362946542,223118.8447990547,201104.8521244619,217990.31014408864,219360.74438735502,203768.3470225434,223769.54698202285,1128742.3617985232,182654.4849151819,247190.74765463435
2021-08-27,218579.9893997411,223804.61329274712,201943.33534431964,218660.61570402357,219834.87290753773,204350.0350623032,224286.86867087404,1152042.9855100962,182777.525034256,249400.84399765194
2021-08-30,218159.57573543815,223387.56752734483,201084.50885639005,218288.10292205992,219471.94543312333,203784.37604334817,223984.6691983301,1154154.35302796,182814.28341721094,250497.62664468563
2021-08-31,217520.46030649162,222663.02942450787,200500.94185667371,217666.15469720223,218884.13150078067,203263.9794331104,223360.6078344569,1141632.698724492,182643.08098037928,250126.47384872616
2021-09-01,218749.83147398717,224011.5441765158,201826.2603015915,219060.3920047942,220175.36334316066,204554.64515000398,224702.15223645102,1145116.621372222,183042.6714577101,250259.42761331357
2021-09-02,220360.79082978104,225704.32790019092,203423.8813881817,220736.66892589646,221823.46483134473,206126.9380596119,226393.54873616208,1145045.4875254803,183690.65409093595,251029.4055300616
2021-09-03,220072.85437034405,225356.27590442548,202901.1238230971,220347.06067928663,221504.07379377657,205803.5037438962,226111.7505063119,1162649.3972645781,183642.19818672244,250968.39981002986
2021-09-07,217737.29066617874,222969.7623237133,201006.63838109485,218027.51471970853,219130.68814602797,203546.18931076638,223580.8382636744,1153310.7840041723,182700.92626472306,250071.0749396075
2021-09-08,217649.62667684932,222728.98724602457,200947.9891990971,217898.19076745183,219100.4784735783,203475.2744974923,223456.5667531193,1140903.684960953,182762.96836543336,249766.4623286456
2021-09-09,214802.33741629287,219469.13062844085,198305.15239707328,214963.09327173713,215646.5803854907,200332.0786849326,220653.19786987035,1132777.9863879883,182068.5704796017,248697.37009292783
2021-09-10,214104.6598990466,218766.6773890277,197700.8227130354,214306.971127754,214754.7585822192,199462.30522495374,219994.04257788035,1143301.049470087,181571.67004733853,246736.52362472715
2021-09-13,212721.99045088244,217301.13493926,196444.34612312712,212912.43233194092,213278.06192931952,198135.6072681263,218588.1905975206,1129987.8639913553,181430.28563596826,247367.9409659747
2021-09-14,212299.77409762068,216726.27559032594,196028.433999284,212447.76758336872,212640.08891936965,197552.10567512846,218197.8563635735,1132248.3387709314,180933.8030641186,246033.01354702938
2021-09-15,212865.13331749188,217261.79688847152,196514.5778893044,213013.11536994443,213199.26561815193,198063.19853185915,218756.22949644187,1136943.245830988,181182.71219194197,248088.0363520831
2021-09-16,212337.44639375148,216745.42641408034,196017.8746744324,212511.4032030629,212700.97162632225,197543.98943821393,218211.37777161383,1132364.970193284,181040.22526542982,247694.79995572078
2021-09-17,210438.40266610868,214956.76759839398,194232.48529249887,210726.80942046293,210950.89312468213,195658.65712613496,216256.43532154436,1115778.383804611,180178.68308624666,245281.9721819781
2021-09-20,207969.71480145646,212728.77937131902,192054.37057075812,208252.75815668917,208588.84008884418,193435.7536997833,213766.02969821432,1080726.1461624056,179011.35181973033,241192.1110911578
2021-09-21,208538.67511654895,213408.82269856017,192592.36559179355,208837.65995435536,209213.65219440963,193958.60612473375,214361.5363691799,1086676.5138973566,179247.2384504188,240964.2575302447
2021-09-22,210135.63732944382,214950.43144551344,193447.24419617694,210415.75239640093,210759.87046776316,195046.13529166966,215990.5581060114,1116279.9924172682,179700.30853039317,243314.77735690487
2021-09-23,212571.56648307462,217457.1421201732,195533.62431949348,212900.650359843,213202.20909350953,197135.4407272148,218524.8967469284,1140340.9959746145,180696.9993489082,246271.08597299375
2021-09-24,211726.98788716822,216574.2434271852,195114.72685283882,212071.7541511439,212401.64319948768,196497.745714608,217667.78431661133,1123973.0274946913,180498.30096878848,246676.78395877255
2021-09-27,210374.23001145184,215179.90350542363,194193.2616126635,210767.38458236918,211098.36512893368,195302.32750149912,216311.04256834887,1105841.6761469713,179766.31658692544,245971.0673296832
2021-09-28,207245.03785269835,211961.73357695463,191926.78558864963,207673.77242518737,208023.22814544238,192737.46242639102,213098.0942706895,1063896.2021000888,178177.92556501576,241014.26666629207
2021-09-29,208261.09557639915,212853.5418820759,192952.07027061397,208575.63626566884,209075.0751752004,193513.7683206238,214103.87082522892,1057551.5694372149,178547.17327040737,241419.9646520709
2021-09-30,207017.05095247627,211896.50490887425,192426.41991738556,207496.59601921117,207782.2033152993,192918.9952724022,212700.49601715145,1064188.0428607885,177948.8488957923,238469.2447604083
2021-10-01,209047.6069816425,213082.2525945087,193788.1197737965,209470.99871922558,209735.95639975267,194260.99926836244,214667.59853568627,1066336.512701988,177727.46630713815,241303.2525526446
2021-10-04,208681.3592349152,211682.30947499507,193232.85075810226,208928.75630358825,209351.65282883914,193322.04285551733,214157.67524871486,1024020.8750830197,176996.35726928376,238191.41823642148
2021-10-05,210316.0951860012,213424.48196898127,194370.40510986463,210632.46028707898,210945.34980992018,194783.9029990922,215877.47119871652,1055214.2405365142,177642.48169418954,240669.75526541317
2021-10-06,212021.94381275726,215347.78939083993,196045.8179151082,212359.8111012315,212667.53491832098,196304.62076113856,217674.37451086688,1067507.902855164,178481.0623136859,241669.97415933406
2021-10-07,212466.34217639445,215801.05735370802,196274.12975134945,212745.76464674954,213113.36720230742,196615.09582805552,218111.1403476607,1083954.8344958602,179286.53174119408,243759.4155487994
2021-10-08,211771.2142521747,214921.95987391923,195568.31336338058,212030.00471321834,212414.93350252332,195941.2971529751,217384.34532481636,1073308.5565009962,179079.0024553464,243314.77735690487
2021-10-11,208497.54492747335,211665.53320710998,192158.11142909023,208627.44068667124,209131.598838777,192696.5283813976,213985.00608443958,1063982.985841832,178080.9711818662,241553.29823288144
2021-10-12,208852.43285746852,212250.92174888644,192712.48132700758,209055.02915844557,209489.04517418254,193144.08877896133,214381.87632406544,1062794.2859318296,177729.6653626836,240958.7230652789
2021-10-13,208560.13997210277,212520.63929546397,192651.98747602777,209105.86618522537,209115.76229488844,193057.84492540936,214177.76164777428,1073428.0101945102,177796.89350861835,241825.59029190242
2021-10-14,210797.6132843866,214875.23978955057,194732.32619259477,211411.9129622546,211344.03150700685,195132.09233520893,216480.23134278497,1109482.876153316,178764.86507549533,245893.2230904254
2021-10-15,212167.88998083916,216068.79952165467,195859.24307173694,212566.6595296405,212747.92592675085,196264.49778235558,217835.5848268051,1116140.409529871,179296.5603495977,247765.9160218829
2021-10-18,211792.98816348528,215696.23926457338,195410.97482228116,212172.63036782606,212374.874155919,195808.54361347266,217423.4757508194,1130421.3386309003,179315.44893145692,248499.44966769588
2021-10-19,214070.18009395438,217999.15726198995,197605.69215022575,214506.0057350505,214653.69944196375,197944.66287940738,219770.81685602752,1136621.763051542,180623.51905053193,250416.59918374813
2021-10-20,215892.65011834362,219933.04086959688,199394.55071159752,216475.008733027,216514.18595143384,199684.25015183174,221728.58377485123,1131797.5985740395,181263.99266906013,251400.1604233111
2021-10-21,215750.9123033586,219836.86131347512,199298.07729257608,216306.96770234863,216378.34035756424,199512.5866888527,221585.858297978,1155650.327701528,181434.17825131357,252055.8679163531
2021-10-22,217026.89873164752,221138.49750655907,200501.25606956292,217593.6509396631,217673.62556873978,200676.564644352,222897.55377103365,1158973.3797314528,182029.9982793699,251794.6990467242
2021-10-25,217351.7290469422,221485.18990391615,200788.66520714402,217893.35356858015,217999.91230293823,200910.86200560883,223216.72548688733,1177262.497819727,182428.70214336776,253145.07232541073
2021-10-26,218577.66319025922,222801.058878741,201935.23066919143,219104.53384057232,219202.69567227684,202114.71628985606,224486.98818841152,1242612.478016951,183322.11691669695,253372.87162686337
2021-10-27,216511.06096511957,220747.81448567714,199996.69860771677,217080.1497340238,217137.25846246775,200122.00025612983,222399.36240927418,1229032.1384485683,182372.5429283009,252250.36999557674
2021-10-28,218214.2372376141,222359.4438228699,201519.63978457032,218690.44749288066,218829.9515063555,201628.59012377757,224146.9946862773,1251565.411073448,183039.41721250804,254684.322785921
2021-10-29,217987.72456012564,222277.28902917914,201255.1313207,218458.12733136257,218601.4878454375,201342.28624277218,223902.84041815763,1276547.3799817602,183130.8747228211,255201.05371426573
2021-11-01,218340.6119429323,222643.64856040472,201583.5385427384,218821.75487004215,218954.67166171648,201666.3964832605,224266.09644664,1287620.9107764915,183331.07145664105,255640.1212682208
2021-11-02,219092.9963311641,223663.68638570863,202301.15087009763,219708.79447863955,219723.42916556503,202411.07253786636,225047.75924429795,1312019.385530759,183924.02361051715,256673.6373843707
2021-11-03,219216.63306991025,223788.30767969307,202345.0512141816,219844.2838468642,219846.40279012662,202430.35764059558,225179.50194166336,1320025.256827268,183978.72827011114,258240.70486160458
2021-11-04,219903.850910804,224973.10654275343,202758.89104887357,220679.82914776512,220555.24383769947,203177.07021172592,225945.00239433727,1451273.9741329914,185117.56072341884,259457.63604055965
2021-11-05,219457.37159287446,224468.61584311826,202345.07999911642,220222.43565331533,220106.67377964826,202754.97049327084,225484.77678218466,1449289.8171833502,184851.73511582532,260357.9090083331
2021-11-08,219188.16861306503,224719.07797234217,202081.07447485658,220130.38000552054,219859.6098982889,202585.7755244571,225229.74840579293,1491923.8443639674,185032.69828243263,260580.19193130673
2021-11-09,219076.80217815767,224367.34669262698,201968.13074630167,219935.49849562408,219740.24978889275,202453.81042608456,225115.549271024,1485723.5831151644,184912.8118389569,259718.8229966754
2021-11-10,218303.06174652622,223477.30191118806,201244.03834525452,219107.5449428448,218909.93889094837,201699.78674841122,224299.57341152625,1436428.4357408164,184387.98012739862,257629.4177801837
2021-11-11,218590.38096657497,223803.2596490456,201391.53287021763,219574.78328020568,219222.1337645249,201902.20023755188,224646.45394110685,1474785.1996782694,184490.54906538365,257712.79648440733
2021-11-12,219048.28353741695,224339.94566155894,201774.40898968177,220014.56546002853,219680.19815733534,202355.63264012482,225141.30930350925,1475580.5734906178,184738.86841385625,259657.70875772275
2021-11-15,219016.15633754074,224152.08749528736,201562.11634330568,219918.39111268622,219710.48772352617,202224.09572206202,225088.4041430975,1460728.4587373452,184576.31210058532,259746.6219269122
2021-11-16,216388.3697359991,221715.65192329846,199207.1547321757,217516.4783799778,216966.69477641667,199916.59578097617,222428.31411656947,1466086.4510887468,183657.65467897884,260774.6216645831
2021-11-17,216008.11921263122,220982.33104761565,199060.15505884038,217227.12084623324,216540.38613804296,199804.7186135456,222103.86940705898,1427336.5680086454,183451.04864279227,260141.1605503253
2021-11-18,217240.88352917135,222297.80625753332,199238.9563071287,218577.9883714234,217791.81262765283,200376.51445126318,223376.50544644782,1526504.3288292096,183735.3921669439,261024.73969076716
2021-11-19,218161.2786521432,222895.73516411125,199587.69598162558,219669.11612716148,218596.0166090193,201115.27104304812,224352.79365710454,1580346.8867154843,183856.7815390203,260557.94555252255
2021-11-22,217588.40168482153,222803.0812054235,199341.7005343871,218870.35780500932,218258.3523723458,200360.73719248184,223743.99735291995,1538465.5352144404,183856.0880394262,259824.41190670957
2021-11-23,218553.22546090643,224066.15175519875,200766.61993861903,219672.55372108737,219235.72321256576,201381.2787779212,224684.3519966646,1531776.9537314198,184552.4044632627,260168.92330758847
2021-11-24,218608.74764253938,224111.7095258656,200795.44184603138,219693.63217274187,219329.03170455634,201284.81612478543,224786.26475571393,1569960.8947149005,184648.13081881334,260863.57100674618
2021-11-26,215402.8730677241,220894.04952021502,198014.13880154197,216478.95938982497,216104.4052709748,198367.70051717636,221542.24627991547,1517931.2377571573,183088.88844413892,255045.50992764463
2021-11-29,216904.50736398264,222123.26004130565,199437.5174670631,217967.3789554542,217724.53939871592,199715.40112109052,223183.1418332337,1596871.1931862894,183629.83082201958,258174.03807119932
2021-11-30,213155.9674943605,218295.2867146214,195770.58442838083,214155.3352223159,213954.0136149049,196155.21841820766,219291.51384300194,1563902.7446539605,181738.57166669884,253150.57061740293
2021-12-01,212771.24865782223,218450.25752470215,195210.06148579915,213840.6057015608,213418.91616023303,195717.62161397544,218778.38018463683,1512917.5841092812,181726.54137697964,250338.7368580035
2021-12-02,213165.36381185305,219040.32301068175,195430.95379777648,214040.61440529962,213670.83169879182,195963.96922304522,219067.90012150473,1542780.172707858,181912.25370198383,254173.0178036212
2021-12-03,213007.64433985524,218761.5695091263,195664.77781394214,214192.75382446335,213604.7871276411,196162.67489937847,219004.40327793878,1482979.575351155,181861.08383803617,251961.40219571104
2021-12-06,214782.4123020318,220748.81391758518,197742.15830418965,216208.75644562245,215278.80628411082,198233.98943507383,220792.18597740232,1458826.7304130062,182603.00339083004,254945.45548257625
2021-12-07,216691.51911526866,222846.8435509419,199219.47919909618,217902.67691569644,217164.0354612497,199713.06039405303,222692.64287942936,1559637.6524348755,183267.76206750888,260218.98670309628
2021-12-08,215807.5275809973,222107.89822193832,198301.763440699,216970.81631949125,216183.22608785104,198807.6748259542,221709.6844861748,1533844.8605305196,182923.95079662307,260908.0275913409
2021-12-09,215921.32231986933,222005.83082116238,198551.06167181206,217059.09015365556,216222.6463569672,199018.11513481825,221790.7661330762,1479045.8151788402,182961.8598418301,259146.49420785703
2021-12-10,216159.7121450457,222193.24003200108,198842.05171472306,217337.76856462978,216461.41574996623,199320.8033372542,222072.03517704603,1467656.1348972265,183150.30998325828,261585.92720370664
2021-12-13,216727.7746679069,222581.04577459776,199446.36560218243,217905.38744774935,216992.08706428093,199897.44686095472,222637.60514595354,1385421.9592051911,183551.46269516926,259268.74077224912
2021-12-14,217159.1986059025,222885.38093637768,200001.93117902862,218253.50287134777,217298.60009393346,200385.74427668034,223002.72210264896,1392430.1284854545,183671.73504044022,257484.99718295468
2021-12-15,218354.7641487023,224256.67458469706,200999.40772310278,219219.3059690848,218551.13413266419,201244.2410324599,224030.8279188226,1481853.1544729637,184410.30937294388,261508.15531039608
2021-12-16,218143.15669094678,223729.7290771759,200924.64274931623,219272.18970911033,218245.99734676094,201106.86721246754,224122.48617430212,1397159.142375023,184295.85712144186,259202.07398184383
2021-12-17,214717.88728039252,220477.4583452675,197931.29125490025,215571.87136992766,214874.38374519596,197937.9608957121,220461.89644467988,1368012.6000930502,182607.51355957528,256443.3421477374
2021-12-20,213795.06888488628,219589.61716158307,196920.53737840592,214617.03927473366,213970.36070565088,197028.55830938282,219411.86209868203,1362644.588373709,182183.38131225397,253716.5148763751
2021-12-21,214794.49090928544,220801.8813987029,197962.28949349586,215492.1459451594,214999.85240638582,198013.0883245447,220375.5663444947,1419965.0693075862,182650.81326350593,258222.23855856503
2021-12-22,215170.48728755786,221257.3336523096,198202.54169000697,215909.06174241734,215403.79981958773,198287.91168649326,220783.75379046015,1434162.1210853255,182869.44636075792,260804.12072458066
2021-12-23,215280.3715919624,221426.5769658133,198304.06556526647,216025.54658251084,215529.48982578036,198397.71036312633,220912.60571474495,1444197.7397718045,182924.8949052436,262426.89458120905
2021-12-27,216553.88192065526,222836.35724011483,199387.254204839,217202.03577500224,216806.15407973062,199471.46438006358,222214.55253545233,1499708.8936531607,183524.43141225917,266140.82804355037
2021-12-28,217243.01035259623,223235.23764217872,200123.99997004622,217976.7080965342,217441.33978716913,200212.4054584266,222880.9366221372,1475358.3384005877,183815.70736304997,265923.28378012264
2021-12-29,217194.7795743742,223188.04114272934,200015.80453455404,217965.66335079912,217410.12658141376,200157.5217302454,222848.88356211438,1462418.3332499054,183901.74439506428,266263.4905971392
2021-12-30,217578.13468177608,223590.72890658243,200372.48455483138,218387.80102367466,217810.21516928653,200542.32620629057,223254.10341345175,1446237.131953662,184118.63408946182,265527.3886701983
2021-12-31,218064.3742098044,224113.7518338211,200780.44573309162,218901.06040925084,218320.88265249287,201020.6511959355,223764.3418724998,1439610.9216237077,184228.73377590993,264858.20674447814
2022-01-03,218375.8109381129,224299.559561126,201201.20744178785,219119.40823799372,218570.92808541624,201265.8492789985,224021.26408117046,1468826.4007978467,184366.88832930254,266391.7418751544
2022-01-04,218505.8891440927,224170.50336102868,201667.9402374733,219164.17470806566,218583.88700760706,201328.44107696705,224036.44038650385,1435155.65392861,184355.05060062802,266302.52123568906
2022-01-05,216598.52237234713,222571.47876520018,199731.29682636994,217156.7781818727,216720.9699690647,199602.89292957785,221957.8881260516,1364222.6419494112,183991.9677539987,261188.9288180865
2022-01-06,216347.37131824144,221922.62964560385,199121.78932150805,216961.93374971728,216194.7939451266,199068.90775367554,221833.53481474082,1384826.8965188034,183387.04754344228,260943.56753793516
2022-01-07,217447.16506613657,222936.8400035725,199848.28397187972,218054.59039918063,217251.02825661848,199963.11894229223,222727.46001219834,1348475.564360187,183917.52445394336,259911.95050290096
2022-01-10,216880.53661667937,222207.1372036262,199146.88740511873,217512.75628072786,216552.6023885284,199302.14822571998,222219.71336270287,1352684.9965246841,183440.24154675344,259588.47368618954
2022-01-11,216992.46230731803,222283.694668321,199436.69135689526,217664.47677028333,216688.70234994186,199462.02459062554,222396.75202366392,1369895.7010103425,183367.42034360822,261952.8839347247
2022-01-12,217124.57638200923,222230.61997191832,199660.05965240934,217907.27072971145,216751.865472799,199562.868056543,222604.59896505423,1377512.3490276427,183267.48151027487,262661.09649899474
2022-01-13,216762.70514570424,221354.7496270312,199522.0260201493,217573.70717420365,216342.9980330816,199266.12715676415,222157.26152192755,1318725.3792742374,183080.91246250726,259042.04474649226
2022-01-14,213155.92235249965,218478.14008452152,195951.44823289098,213873.5691835881,212837.67967610044,195905.0668899079,218583.02859579778,1328006.8132824483,181829.37472493591,259147.97729977596
2022-01-18,209457.02826177055,214982.90177284842,192479.40750695922,210141.20231066894,209191.78701792337,192516.60782851942,214838.0458683521,1279871.8234106423,180423.47235983468,254558.58552957332
2022-01-19,209518.98270278168,214699.8112278007,193337.30385835105,210345.51741481642,208833.6926193367,193142.60518883995,214586.3156670535,1245877.2178715484,180479.04563971653,251915.35400027645
2022-01-20,208186.92874066604,213131.52504857923,192741.32037345791,209321.5666583407,207411.87272922136,192253.71797645575,213398.6431601354,1207261.3142907547,179883.852223353,249127.08693319882
2022-01-21,206645.93759961677,211526.9793227078,191465.52555086574,207809.62733692562,205813.7527763786,190960.7823801484,211850.2622795653,1172999.8227514268,179418.63500199185,244236.59133047666
2022-01-24,205723.17221225772,210825.94217808134,190302.88650038908,206931.07186158822,204997.5105425073,189870.32914651456,211000.6270056801,1171820.0700367491,179049.43303671665,245273.7790034503
2022-01-25,202226.01545986085,208110.64941316078,186294.97738033097,203534.7977443637,201770.92242367557,186587.78488513335,208660.77793640248,1123257.2024881106,178595.16835649262,242279.25364071835
2022-01-26,202999.50241804073,208751.9277088642,187053.02948311227,204448.97644649976,202719.54255239377,187172.0050892024,209569.28302777855,1139900.52005001,178585.65557648704,241671.4391647662
2022-01-27,202283.2371675172,208206.51449439945,187685.4131606577,204382.70797766678,202021.14276683473,187449.39794031758,209162.75370853036,1105081.7981172856,178619.4158727271,240478.0746781329
2022-01-28,204218.68643747637,209913.4524721242,189127.00395333787,206000.16855044803,203939.0927948312,189186.89471814802,210872.84671304157,1143344.4651184888,179170.13924033346,246450.43157626523
2022-01-31,207069.81519357854,212732.02143139843,190921.62323098336,208258.01776340895,206751.47145458186,191474.84943630203,213180.27798448954,1217924.549571915,180136.59586016776,250889.23525723445
2022-02-01,207378.20788973037,212949.23571299785,190736.86646224314,208331.83068038442,207008.64138409385,191350.262190983,213509.6258091429,1224377.403768551,180145.54565147695,252584.44549356258
2022-02-02,208534.1002777819,213613.63131345963,190755.2196412143,208667.33507721615,208115.71862942673,192003.70848048534,214004.3325355101,1249735.4716488533,180346.84417558077,255038.1125545367
2022-02-03,207427.25618504852,212359.1207673944,189992.14441448398,207667.09002644368,207009.695640961,191331.30713110426,212862.0741727475,1194052.57338247,179952.269502556,249043.43693167294
2022-02-04,207287.27716431807,212431.87311123876,189471.6887981494,207379.03437603218,206872.04677814138,190828.18924753374,212744.9256124428,1210393.5447404163,179905.5080157541,250214.50078006161
2022-02-07,207030.02256412018,212275.1434369369,189041.12972033425,207026.32095846834,206615.00218541798,190336.8249174882,212509.134421915,1226694.3519902572,179751.5099787485,249411.51502487363
2022-02-08,207612.2677844018,212923.25737254243,189528.59668669596,207592.72317354445,207201.44930381022,190821.76026202942,213158.4588509609,1243437.7841050506,180016.47359898966,251463.6620785235
2022-02-09,208587.55415407085,214007.8971520352,190067.73235128977,208447.44768575687,208066.60798553872,191343.28350369964,214147.01829448482,1310680.314865965,180369.37503081956,255144.09936728084
2022-02-10,206903.66807938978,212284.1878379033,188376.97727742192,206692.34625991178,206352.4228775757,189658.29909680484,212359.94230832247,1272015.1040615034,179613.68155964778,250560.24206204404
2022-02-11,204967.67226877104,210194.39130992917,186691.03945167526,204746.42645163802,204466.12125940534,187938.24153450975,210260.963129259,1192695.8297654155,178781.4179254391,245619.50219894588
2022-02-14,204047.53378810064,209290.67040276114,185615.05092047818,203675.16350533115,203431.70902020315,186786.5521483068,209225.33381469565,1204379.6080751948,178310.35884515516,244816.49835727108
2022-02-15,206062.20695003343,211498.12148889582,187306.4890503849,205685.58968886366,205372.7072816498,188527.69123280206,211429.3345876857,1297988.7003992691,179163.64271791614,248764.65182388487
2022-02-16,205812.26985943265,211253.44160785145,186979.75241478876,205414.04023254215,205091.6812494705,188173.20260603717,211127.80418524076,1298632.9074699564,179085.03109773388,249043.43693167294
2022-02-17,206222.95546813568,211282.1222949365,187587.57599887272,205892.82865616697,205555.7830435058,188759.58380937407,211518.8551810081,1215776.1719413146,179068.2449432495,243723.5681319293
2022-02-18,205109.89948862014,210136.42461738488,186535.18525278935,204770.60046568591,204478.48419070692,187646.45777615235,210372.31992393563,1178548.2557146305,178570.74248860226,242145.44981125058
2022-02-22,203720.30736004058,208842.65047175484,185128.91367817862,203335.67708003227,203125.55885064712,186218.46623645333,208978.71547004482,1166760.4052024847,178000.2172705744,239546.80147195613
2022-02-23,202261.56729857135,207313.29705815294,183859.06591207115,202000.07586438407,201737.33688695866,184692.9531315786,207492.7600957442,1122396.160389308,177560.60207890926,235297.58034579648
2022-02-24,201389.86256236784,207259.81872284308,182472.8853008157,201404.08279926333,201078.49590953407,183242.93881582486,207021.38509374508,1178965.0088819333,177314.47373390727,238838.60699417294
2022-02-25,204524.98755436618,210238.41422428735,186219.95862109284,204478.30480521033,204202.37200890871,186550.51115896308,210087.64585999813,1201078.6322763972,178492.46483681406,244108.35813894833
2022-02-28,202964.24854731557,209209.82618023508,184523.79329333137,203219.9542080337,202849.15963739183,184535.021080392,208795.31091587758,1208811.1609725805,177965.6307780027,243483.77748971738
2022-03-01,202329.7947057498,207974.8866236294,183649.3863497126,202744.65675891095,202189.4686896717,183508.27299367098,207968.38857701686,1168542.8781739331,177477.0130630039,239775.46892477598
2022-03-02,203059.99831501508,208923.59391882538,184451.17435465538,203449.80679882324,202950.78345629002,184260.83247183423,208793.8511280506,1201144.379639082,177865.18017610634,244186.3651565875
2022-03-03,205028.9513355792,210693.31235592626,186267.90721053892,205732.13098060415,204852.50942644037,186208.01159755327,210730.56891408173,1182381.7488779298,178491.59076348657,242970.70003170957
2022-03-04,206826.51703333095,212209.7965273924,187849.7822094277,207908.995807115,206571.37188644495,188005.21302216026,212478.15352450125,1151179.9271752024,178971.79709960718,240996.6504281329
2022-03-07,207535.8918813712,212349.18895787973,188471.24202354197,208789.27833904442,207216.7105440235,188875.23138375173,213217.9568618311,1087582.7562990624,179123.48641791695,233892.31457962215
2022-03-08,204996.06786977118,209967.73903082512,186133.452678522,205989.49059761065,204744.36257530423,186404.24542069103,210675.18729513168,1090302.5503412692,178242.08197989434,232118.98880673398
2022-03-09,205829.50384938394,211203.26057749605,186451.28177008836,206629.8376083151,205596.30153281943,186966.2371968596,211314.8553906604,1153185.1837116345,178594.90414834346,238342.2414499835
2022-03-10,206575.1230025658,211727.69209919302,187434.42805595786,207492.93391360092,206373.52601088808,188057.77682969137,212372.72343337798,1138642.447141818,178736.93142633722,237266.0593114337
2022-03-11,205921.99273716088,210943.92359026475,186953.86168699522,206866.03335540445,205732.3580785385,187563.5579533964,211788.18522909368,1113418.6481318104,178420.72817590102,234249.17905099667
2022-03-14,206598.52692657587,211425.26445302228,188119.3457712292,207736.9685780239,206445.1940653934,188645.3212169307,212897.0793813485,1083157.1845667074,178654.2249284975,232537.2569008502
2022-03-15,209330.80982846586,214213.20802399138,190538.99102160076,210450.14094526396,209160.9941125391,190977.7659414233,215618.61066902537,1155912.002018658,179604.50110041694,237650.83123196592
2022-03-16,209443.40240085035,214875.16840022858,190138.59519260045,210455.79748918972,209274.8795202516,190884.07917966653,215558.94236482913,1221158.549809856,179991.0949720904,242920.52811728086
2022-03-17,210189.92691183416,215606.31914181798,190853.23674508889,211228.859117996,210012.54397919207,191587.29807633246,216329.08064643727,1233755.015151355,180336.87989239948,245959.69092947568
2022-03-18,210464.35490237563,216244.55385170766,190699.69690581682,211386.44047331688,210330.83196344454,191746.84679557994,216649.0706736631,1302838.5022146937,180424.66986473318,248653.63696780574
2022-03-21,210373.78765691016,216195.681544522,190515.8423801297,211276.25800282732,210248.01588840008,191640.67319832795,216567.900178867,1313663.3294993297,180324.59411991507,248580.89311783016
2022-03-22,210086.4957047741,216043.16235071892,190284.49535423217,211021.84053827464,209950.82449992886,191425.99399277507,216258.49933967498,1306778.6427808355,180471.8360438523,251489.68853305234
2022-03-23,208782.57051854781,214589.5024785608,189046.4941647554,209718.07112978966,208641.7519375966,190150.76719491975,214910.99410260245,1267970.977449489,179954.11603174164,248250.8689928912
2022-03-24,210633.2491926997,216883.4142853274,190569.83763120353,211620.4276272012,210455.86201563664,191686.05395992906,216849.85246197443,1373790.9612082378,180653.06591356348,251993.08972061338
2022-03-25,211081.51903533522,217137.24525647805,191046.13348636252,212050.1354957192,210918.1114763301,192163.02087628972,217293.65889453347,1356117.2535514755,180825.73768496542,253223.7485430621
2022-03-28,212553.2407903954,218602.47309448756,192440.72119150864,213516.02990222472,212416.48866366036,193568.44217376987,218810.051429187,1378841.2743411728,181200.61727091268,255024.90941916074
2022-03-29,213215.2073451016,219332.56606132755,193052.21601389945,214180.70186830428,213089.1574667419,194185.7702538692,219498.20841802115,1397512.165032108,181414.03715758753,258179.78957400692
2022-03-30,214192.40531306397,220067.29504751763,194019.75484349564,215254.06101122644,214092.73275972102,195276.54980036945,220530.19558258858,1359279.7313090402,181787.22778506996,256585.61045303525
2022-03-31,212649.19357744753,218594.17763008885,192665.61125257303,213755.1657140785,212544.33559112772,193902.88326982007,218957.09542569294,1339411.8015039624,181029.5425320266,252636.40797018612
2022-04-01,213486.16042771627,219344.7110918906,193520.88666360624,214666.02701660906,213398.63436242225,194843.77335037006,219847.4053238668,1316988.6630592423,181356.6377282775,253352.3977237872
2022-04-04,213164.427785717,219264.55664401193,193240.37565142018,214408.85373478127,213062.93174112478,194552.16465692403,219532.47009004693,1343534.0361389262,181340.2165717235,255522.79422824277
2022-04-05,213135.93282595795,219008.39825675573,193246.34523808642,214367.19726022249,213054.63698750976,194624.23022448205,219505.7249305627,1284873.6354559858,181274.06822500145,252295.17022342098
2022-04-06,214918.52699181094,220703.57662204155,194952.28532103868,216189.4299848013,214838.30329488736,196364.0432689215,221331.7809064206,1223335.104183329,181981.6850751591,249772.35852334774
2022-04-07,215313.92778645354,221095.79931034116,195116.2958011118,216621.9906793323,215255.34008417744,196671.04052351924,221789.8137038874,1215799.0232248537,182218.0321736004,251030.97905441464
2022-04-08,214900.02632161143,220878.0135620899,195068.7787513281,216240.24340068822,214800.34506126694,196498.0219571267,221335.4442099723,1171159.3072172394,182166.27224465867,250359.75335568417
2022-04-11,212038.64105473558,217976.0239002603,192669.48172224584,213325.90752782108,211908.44218793622,193958.3880958829,218346.5458628304,1118537.8133877537,180939.9389243168,246080.52674789607
2022-04-12,211196.79213441414,217139.7796319196,192027.6558224041,212473.23128439044,211055.54320516073,193232.8634733306,217451.65768686868,1099994.5843168595,180520.94231917232,245168.7507745074
2022-04-13,212891.52324462202,218209.75068943072,193371.57694232694,214268.4349418276,212695.63949369304,194626.57456331776,219210.7403967118,1128180.7136313447,180806.75181978263,247976.8044581622
2022-04-14,211959.9459809109,216968.58246188448,192613.49957486245,213406.71827448113,211698.23892092783,193794.89339349337,218297.47942585475,1087773.829127916,180342.98285466043,244889.04325589168
2022-04-18,210393.75122024733,215927.77244194417,191145.72250804497,211735.03844352625,210178.93461102495,192296.02461875262,216548.89537977363,1108553.1308760731,179913.1717237705,244989.76690097226
2022-04-19,213538.37059613626,218814.4829579619,194144.71949020433,215055.74243478623,213210.30328187713,195257.95003581748,219870.9484739162,1128606.510201282,180992.05210110548,248944.521935274
2022-04-20,212763.57186553144,218098.19625018717,193377.62943725399,214371.03823097335,212402.6422150027,194398.63422811363,219349.58508451883,1099633.6830916223,180981.69208598026,248759.91316433897
2022-04-21,209009.3447568951,214675.72709419747,189676.96113135968,210552.52788965302,208506.96217082834,190615.51105199565,215170.19847175758,1040675.8857467584,179204.31696189655,245040.06542080868
2022-04-22,206086.33127172597,211932.75700007853,186822.83538494812,207459.2753674817,205566.39997866578,187742.934357,211840.9936326149,1008332.4532661433,177612.88540536122,238316.39586032284
2022-04-25,207236.35850000408,213129.40189530188,187837.34477751554,208626.5020120553,206674.17595430228,188647.7983512561,213076.825784022,1025456.2890418501,178215.69608241046,239698.0225882281
2022-04-26,205087.77587615134,210842.2266442937,185891.61169970364,206488.4332653551,204553.75378008783,186669.008023685,211038.55603683175,976753.6323096787,177199.67841686864,232756.17573727597
2022-04-27,203989.49818023728,209802.39508177937,184824.2188108624,205371.49211706952,203501.14694687672,185660.3306960422,209971.0588188789,959546.1283057219,176756.65317650058,233410.65334921444
2022-04-28,206643.82565139653,213420.7974893454,186687.9028404932,207889.74834708957,206283.47623893069,187799.53694421664,212534.72655972923,1017858.2550051374,177314.23222562243,239306.50440811337
2022-04-29,202783.10138389998,209435.78647460736,183139.41796060288,204039.4294698732,202412.9105614104,184214.47730946768,208557.31156092853,961439.8011643118,176277.1067576102,230462.7549494952
2022-05-02,204231.88854886562,211714.03466483136,184097.18433364207,205282.62942315542,204017.09257473322,185453.84020724555,209910.40578016225,1000886.895271635,176165.88127752653,231850.04274777402
2022-05-03,205706.82151750836,212446.8010285739,186110.3177573543,206781.47166697186,205431.18976717757,187301.63014363215,211596.11824906984,1005619.396075704,176388.6020323027,232912.84088607968
2022-05-04,207944.23428335015,215096.51937773894,188158.90797399543,209223.22493401796,207833.84334174235,189548.8296011932,213789.96775471937,1040572.269037186,177390.4632666601,240005.7099019488
2022-05-05,204938.10168961564,211854.23899988527,185662.61495550277,206262.6718639874,204871.86936115424,187065.85096477665,210666.3551387429,975470.938264504,176360.0151598795,231475.200308504
2022-05-06,204806.499489039,211656.4697755007,185698.3944112549,206152.95895761866,204788.57856551436,187119.3716690308,210539.19197227937,968011.3950901419,176042.31147060986,230093.5554941119
2022-05-09,201786.56953336654,208324.17060180893,183360.6519711652,203304.4368837682,201843.9578603904,184826.70282578876,207352.71442911908,895095.7132998392,175608.63769055653,222726.5857705401
2022-05-10,201577.95563960107,208376.99572335873,182420.93967685674,202776.8979348141,201424.22168787086,183775.0545195546,207187.3862317425,919298.1824068045,175196.31222081013,223241.21866641415
2022-05-11,200125.4900941685,206919.62033412288,181402.72354026802,201743.38511941425,199906.28052911363,182689.15037816673,206051.4721893499,878653.5321704207,174816.0007273281,219694.74798550594
2022-05-12,199607.7404376295,206192.2399325646,181580.7094899104,201105.58097787024,199340.79241294347,182649.2542895923,205313.76262233153,858650.1711952478,174716.55676326674,219465.44750564755
2022-05-13,201574.3535574801,208380.81671759597,182099.1989762859,202702.89336145902,201532.20118424768,183567.82557143446,207111.860299361,923427.6420550147,175089.61836238555,224712.39159054746
2022-05-16,201101.75157744013,207965.40974487184,182091.04764691752,202514.76563733962,200923.79145065922,183390.02921591117,206825.93261365936,905450.2514171734,175112.30974288785,223800.6156171588
2022-05-17,201233.25787847367,207716.0436251042,179566.63011922067,202101.79479579176,201662.33505334487,181720.67714695964,207375.85991781604,941988.0542116717,174134.1473731613,228404.25953897275
2022-05-18,198481.7741735038,204763.01739612958,176797.2308808724,199274.93009510875,198945.4229768602,178918.71451652073,204735.68972462392,885812.6111747923,172895.2398575564,219196.89934939754
2022-05-19,197582.79046565495,203985.00894700567,175647.08365754355,198275.06300038882,198012.37256193763,177814.72522624535,203842.72490598337,891028.4639470829,172477.254361583,217854.42986544978
2022-05-20,197938.62530674873,204372.0485241058,176159.68395112926,198767.02712098235,198291.4311125422,178395.31595454444,204102.33221746277,874301.976510592,172773.54749665895,217949.52861313045
2022-05-23,201250.27251956036,207195.54730521725,180029.31909119803,202292.58786991725,201752.4254211149,182158.4785790572,207509.0891058011,888562.8374395722,173978.7102042607,222027.38027670467
2022-05-24,202260.76829436424,208004.84386849025,181350.53337748063,203377.448220584,202763.77164535446,183405.4489843613,208459.0959367096,861293.1884948545,174474.35044426218,220332.4594241656
2022-05-25,202228.4879858324,207906.56486735042,181021.60721702827,203156.1809047197,202779.6961937708,183081.97188113735,208316.70716650225,895057.0344821949,174290.54409735557,222279.07182724177
2022-05-26,203119.55662597466,208812.00120375643,181713.48292400342,203977.13392391527,203704.7448429151,183786.81770682908,209150.09395468648,933040.727622986,174550.35248580924,226720.53422177304
2022-05-27,205098.71507146553,210749.64264968206,183108.98797115343,205932.70220905982,205486.45373740658,185582.04481654035,211159.43304137042,977056.2003325255,175287.36190138693,232286.32498275937
2022-05-31,204405.4531163106,210087.84135104288,182697.92368632797,205234.117662389,204960.00601359637,184895.22503686365,210428.7100170991,969786.1145536252,174978.20182051763,230982.9765697955
2022-06-01,203212.83192887847,208775.08399759035,181564.37484458665,203994.49313042747,203741.5773694962,183844.53652925868,209215.84671860473,953460.415803465,174530.3163811657,229114.66056814755
2022-06-02,204739.46013014036,210044.9751467849,182904.55809163844,205442.0243894959,205332.09278834672,185138.69197235,210836.8674229718,1009424.3515579487,175101.19290631678,233477.7542153033
2022-06-03,203651.74641828475,208967.17966140277,181987.0970166786,204333.7242765937,204250.33465927583,184285.29264706778,209741.44337456854,972039.5219978648,174734.42078260917,229646.0777237872
2022-06-06,203772.6851873792,209032.17201433392,182141.84336221704,204411.14806957022,204385.89120822353,184497.11833309144,209896.61813945876,975830.6085139158,174845.6037736252,230345.30130410945
2022-06-07,203997.4466510044,209400.26631414064,182428.11720685783,204673.8664241885,204582.25265248463,184777.9304357962,210090.34769462576,981422.063592654,174963.2479296284,232554.83696603574
2022-06-08,202815.10903843452,208268.54696063756,181238.00373959716,203493.51498000504,203360.60236526892,183590.60502101234,208860.2082495222,967568.2072091072,174470.08660128672,230026.4365415362
2022-06-09,200613.50444729792,206125.17836825125,179020.56455191298,201198.49463301626,201184.70462866029,181331.9170405005,206624.46958376412,939474.3551287506,173554.40453280337,224555.72644174375
2022-06-10,198471.24530016776,204010.7720605799,177153.8202001594,199019.19620626926,199016.16776285067,179469.11938521857,204507.94969988608,891425.258883482,172630.7846848751,218044.62736081114
2022-06-13,195815.13474526044,201408.04403383372,174863.34523758828,196379.819534398,196331.38429604092,177155.94730161902,201812.11199899708,830953.3288244883,171441.59822872543,209765.80931790342
2022-06-14,194611.67011734983,200292.31854004212,173485.63574487652,195087.03986503632,195156.8998571628,175793.14225653087,200587.62643478776,836564.6383953315,170914.2491926508,209133.7770361041
2022-06-15,196008.50022455002,201786.62557754852,174737.37616397167,196373.2386704898,196605.11881145387,177220.0609059713,201978.17483296187,868520.5364942162,171556.33430919796,212115.24395535458
2022-06-16,195232.52704892328,200614.89488192956,174346.15954049103,195986.4166140317,195673.7489457709,176469.68701524002,201359.77908111538,826809.2584868891,171143.24974673346,205095.0826164874
2022-06-17,194909.56794029172,200336.24566437854,173975.43965690015,195477.61959449068,195397.57310394355,176212.78744565163,200953.09258826709,837347.441104171,171054.09380276717,205537.1706137408
2022-06-21,197073.39761643932,202492.3834615518,176211.64766335936,197798.52632477882,197526.96314320038,178403.72339398589,203422.7358294293,870447.1420109634,171767.9778439621,210711.31658920468
2022-06-22,196928.7370022145,202474.38029863714,175811.27921829274,197602.7943353844,197339.0842111432,177971.9034583058,203106.62728137887,863685.6787683377,172161.3213647638,210329.31190115536
2022-06-23,198363.29475928535,203677.0498642498,177921.1079226855,199139.3796440857,198757.31729608396,179520.35452654448,204593.476347492,861607.4839634985,173051.17608641717,212391.0809657916
2022-06-24,199821.71653816378,205288.31401732742,178814.8609739949,200545.77162939688,200212.9233127875,180596.90551884234,206087.0128589017,901581.3469527018,173838.0114044187,219143.77933761777
2022-06-27,199621.67290405376,205004.97354964758,178859.3732018398,200378.8497517617,200012.9877091299,180522.6262553737,205891.39753852822,890538.6804820995,173734.13963888452,218306.75481424129
2022-06-28,197639.48944295867,203084.8466236581,176935.35296026265,198381.12951509582,198039.61358315064,178817.94432808162,203814.7825953404,850639.0285556612,172608.0823814012,213846.12074368465
2022-06-29,197093.3030528864,202521.63368515598,176571.38287520682,197887.2288954427,197481.17078363773,178451.5379619443,203274.67755546366,831732.9743493766,172444.40535914723,213671.94787564265
2022-06-30,196797.4514210376,202411.27442284394,176203.7139231908,197606.83241171594,197113.02697926463,178200.57978681996,202903.07489270405,816193.17937645,172349.14979332246,211936.02495749082
2022-07-01,197521.5398987006,203557.2649816766,177204.09241583315,198707.07613669062,197896.38004250027,179275.74304933642,204052.6271817377,794035.9195837924,172816.27659960155,214177.57370108212
2022-07-05,197787.74065867564,203504.7532237204,177300.6119185561,198846.25875172316,198145.99936392187,179263.7712502851,204159.22977273093,810903.879294343,172762.379268702,214582.05989224423
2022-07-06,198217.08189686964,203886.89134916727,177477.77673469955,199217.89285383033,198565.75425940336,179513.0512200038,204531.44171009754,818173.2968554109,172886.37423690426,215306.74924600398
2022-07-07,199313.80918948096,205159.98588899896,178487.0981468208,200171.8768100185,199649.97021826316,180487.50057782955,205541.518165317,850227.1248460829,173297.58015695726,218531.44323996152
2022-07-08,199253.8275723623,205076.59358556388,178393.36772178204,200104.47655195725,199597.0014164333,180405.39256308987,205481.57464733513,849109.9361451088,173258.34181167014,218351.68164749324
2022-07-11,198716.7400075185,204409.15899116267,178018.12113040677,199809.03900079188,199067.8332752174,180019.76559283602,205092.68510846572,820573.7430668381,173068.78509907753,215857.28381820858
2022-07-12,198215.29505380653,203890.07323273754,177563.66283842197,199306.97702289195,198594.476545404,179623.51045143916,204571.1214150166,816371.5379485419,172777.5916444485,213947.24229147518
2022-07-13,198209.95608821095,203795.26861914244,177216.16352236446,199259.8502563758,198567.75362342512,179450.8334086636,204479.20264184853,819608.5455960112,172721.30011966504,212823.65547097957
2022-07-14,197371.84767809045,203124.83453679745,175500.1679645559,198423.3021740022,197759.40443176863,178216.8711687016,203340.04041661753,827267.175128694,172613.53702927008,212306.79793722715
2022-07-15,199042.08646229253,205215.95547657306,177777.80460946457,200292.5541759524,199318.69958211613,180018.14898545214,205117.05698915923,845007.4088771873,173307.01997259998,216362.9819895953
2022-07-18,198485.18306748572,204583.60828740642,176754.1405189655,199510.31100354955,198708.09983970603,179248.62729939356,204301.52196948565,856454.6581563569,172900.60988607034,214576.45308133113
2022-07-19,200593.88850978905,206566.7407833713,178554.6994503998,201410.5576893278,200738.10202221264,181005.4377785634,206390.89440252417,895299.9091351663,173346.8849447318,220374.13068979062
2022-07-20,200904.22081121505,206978.2987548566,178428.63417837356,201720.40724134888,200993.18920785532,180964.80091653537,206660.46836332342,928499.857645042,173539.91689085527,221778.61873703182
2022-07-21,202007.4209750377,208065.8628743546,179428.2329091991,202840.77387228148,202069.87712304722,181906.3644761686,207835.7555278875,940018.9998781242,174074.96358076466,224036.9879133624
2022-07-22,201747.29728854555,207831.59584414435,179364.6077382542,202640.11340991402,201832.13643568868,181844.1625940682,207597.77625939294,910923.2614384344,173991.45038936049,221958.3803295001
2022-07-25,201828.22953095552,207903.88427640905,179504.89894649197,202735.94700434187,201921.46305619634,181977.87103725094,207682.01806187577,899599.1590101285,174034.35458782755,222228.0317614459
2022-07-26,197956.65809447068,204308.61332805947,175949.5970425491,198784.82095972696,198247.67088667356,178720.53720225368,203439.4864218678,875145.6539561935,172228.9887600474,219598.87151889218
2022-07-27,199394.8145861492,206050.55396354973,176954.5990994081,200102.36584419647,199591.6123635527,179680.37238996918,204859.55165649496,929414.4003831586,172903.23672144735,225301.0163039874
2022-07-28,201106.71855721634,207899.1044381727,178513.80752259676,201708.25156084757,201314.87312836805,181508.30229607224,206681.19931831156,942138.2490222129,173701.8624557579,228126.88517715633
2022-07-29,201488.15635621754,208412.23901355144,178872.9494951625,202088.1120386339,201685.0387441542,181819.10988528252,207084.9556883328,950417.6692815941,173922.8137380104,231452.68263241756
2022-08-01,201568.0208181934,208485.936265575,178887.83377341862,202101.5865440717,201744.73437510227,181905.1804686265,207148.64577796,962189.814362695,173965.81619109306,230767.27712802304
2022-08-02,201069.4974878326,207994.55225808392,178400.86793929138,201556.79076634123,201225.93257491483,181508.8996537575,206621.87341866654,965130.8355149165,173806.6035385168,229244.81092727842
2022-08-03,202348.86776502745,209219.3002096981,179481.76034654828,202851.80632314,202650.31302341502,182515.4571448647,207885.8633968176,981281.0255695083,174205.26670037798,232834.65300357234
2022-08-04,201515.37686985667,208393.79319038865,178596.5489585015,202024.9378511436,201717.8064942701,181458.20524107406,207070.0158833104,993466.7609195614,173817.30398750148,232677.42717367734
2022-08-05,201726.14430836396,208710.11386782414,178905.7997203137,201987.6225173726,201732.75827396795,181628.41817796504,207357.91466586725,985590.3006991287,173938.76338071248,232284.13651785458
2022-08-08,199945.77297591997,207058.629477197,177552.8428594325,200266.14170910258,200013.50485064375,180463.41450727585,205577.80099393218,935237.571004313,173356.3623077457,232014.44891293516
2022-08-09,199799.21254927324,207164.88209624012,177699.72710262868,200134.50390519813,199906.14668255197,180674.01200046472,205483.94677830322,908027.7111836922,173478.22239170148,231093.1051880206
2022-08-10,201401.6669172753,208918.2878118517,178976.72201247473,201655.23890112183,201441.88503661295,181893.18928024144,207192.95703941467,951988.1093367152,174173.34543651636,235947.01182791317
2022-08-11,200655.89079349017,208659.19017373765,177930.69381884712,200909.84391071825,200555.145537657,181192.4025688447,206561.24844724016,945472.1394129196,173965.43202423496,235947.01182791317
2022-08-12,201229.6276556301,209815.45768499197,178179.24703064968,201518.0092836714,201040.09453102743,181692.57816859675,207322.88625321444,979145.0282545862,174453.8301985998,239941.37626834286
2022-08-15,201838.4712480305,210424.01330712967,178767.1888770761,202133.6472011449,201670.75446035105,182234.55897952986,207951.38114464266,993400.0172689554,174745.1351527723,240930.09215664852
2022-08-16,203240.98716955123,211810.89436664557,180049.35955373582,203518.78057603363,203046.9931410644,183411.6192934956,209330.25133108115,989325.4559506769,175354.3754352537,241402.02285714902
2022-08-17,202559.3516564386,211278.06963362172,179527.4867098821,202895.47485938467,202359.43485045704,182891.2085996187,208679.86651444645,966166.8762088291,175144.18797421237,239688.49100967587
2022-08-18,202281.44542481273,210842.25506140728,179112.26052736072,202553.01237891708,202040.18696191258,182601.033499575,208315.84479562865,983620.642054252,174979.03527941945,240385.1463088702
2022-08-19,201542.69158618143,210090.01750702393,178837.29828783177,201940.53848765153,201340.68786483986,182320.6772427467,207585.12956591815,943774.8781667684,174627.17872762805,237154.8455039996
2022-08-22,199848.48346403005,208335.35570045182,177406.59851038796,200256.48890383437,199643.4288322395,180903.48583711832,205831.85845418696,907427.6394719956,173826.54492724276,232216.710095003
2022-08-23,198996.79532684007,207306.29935682518,176455.55493006503,199317.94392340822,198742.70644180948,180058.74299719214,204867.2478222998,912039.3961008243,173383.40447570238,231654.92572799863
2022-08-24,199115.91298191866,207667.83810249716,176444.62250690185,199380.5037178457,198737.28307153095,180034.40624581798,204874.98632161366,914645.3082018086,173520.1244173686,232396.4716874713
2022-08-25,200831.01193783412,209422.37650922252,177921.47785170603,201002.93047691562,200455.60107406502,181507.31166736974,206695.0151712908,945534.3074478694,174271.2290639861,235677.34230948056
2022-08-26,196935.28118076615,205461.3794900444,174734.51793393114,197147.50520645495,196466.54651581054,178222.09499465922,202674.60313280782,872597.9076896291,172710.5246203574,227699.91748288143
2022-08-29,196336.4370538365,204719.47527129977,174286.79706477845,196537.25666202832,195830.13591769995,177637.33051833734,202131.56334684938,853003.449103065,172404.74340381153,226194.3078878497
2022-08-30,195660.46151234987,203792.57135877886,173727.41040769662,195830.1406166954,195219.50809553207,177048.47045337388,201573.9590917866,837796.8426334498,172057.0741096862,223711.21411282528
2022-08-31,194653.46353734442,202812.30347121152,172936.24170983263,194972.05042031468,194328.1608236614,176262.83514808252,200666.9918524969,821243.9531156454,171710.853476937,222008.93206015194
2022-09-01,197078.38849997765,204190.7780930608,174991.24594571567,197093.1089669005,196710.59638017399,178243.93644701625,203076.7825744312,776288.7734376958,172322.37838166847,222705.55118637264
2022-09-02,195133.89122523105,202459.73024795728,173353.2582993757,195301.73424075352,194831.24772466673,176602.83330149302,201131.6503766355,761913.014091869,171652.62272199622,220357.2559975909
2022-09-06,196790.8926114479,203769.86351754452,174689.30575223963,196850.63425301798,196193.4587363092,177954.5999691876,202775.61744441066,756381.8167672694,172048.93697522307,219525.82019864072
2022-09-07,199661.1437165946,206809.80928763107,177099.77469561406,199792.48519238646,199033.50190388327,180431.75713412315,205833.9712770808,771463.9310411398,173258.43163239057,223469.5786489581
2022-09-08,200553.10701023688,207767.28912238166,177940.8992446859,200782.48221593368,199957.60201292616,181290.36872010998,206757.91645231805,784477.9386119135,173785.23542835424,224930.26141073788
2022-09-09,200748.99128958763,207974.05460145487,178029.90153195197,200921.1065804675,200148.87882180553,181438.15338681402,206893.10618351278,800973.3674315402,173904.15314578588,228424.62492312802
2022-09-12,201772.8251937825,209075.28305081098,178900.60615697663,201943.76375901425,201152.36682817707,182329.7306441342,207955.054767206,807564.5149009532,174347.44886010778,230879.63038412656
2022-09-13,197831.95004738975,205116.92620222564,175634.72423039647,197981.1303349689,197155.9574469321,179004.85622449877,203929.43788711604,745501.5200417017,172570.7893411831,220840.40031991756
2022-09-14,198075.25780084447,205466.28335162412,175977.5948041643,198617.6172747665,197506.45968993305,179526.49206716506,204333.11623706692,745991.1078249288,172787.84074610384,221683.06782718076
2022-09-15,198116.0638531952,204280.17973180517,175848.43930607408,197816.16937088553,197680.32883180407,179189.0974237699,204467.64821848826,735539.8022770644,172513.3269514711,219166.2970137042
2022-09-16,198371.72504531182,204112.2660787086,176004.41570226842,197916.26629168977,198118.80382519853,179494.137712749,204932.6642175051,745756.1520690006,172459.87430503557,217494.2736534747
2022-09-19,198838.94867823675,205300.3621318568,176504.74510868677,198704.86645314324,198414.2457070273,179924.06429042047,205240.57665914443,755665.0510572109,172777.33371876617,219180.9651545123
2022-09-20,197421.8638773133,203829.740340879,175212.23889512458,197232.95429198642,197017.24267552217,178685.36720073395,203793.61641423544,744649.5943251651,172308.12615343262,216665.0624924029
2022-09-21,196507.55421723082,202424.92856927437,173796.90678242836,196242.73693122825,196138.2618643762,177442.70112581184,202796.48739336853,745209.9530423839,171817.0781831201,212885.58360183897
2022-09-22,195541.90742621908,201692.2302861798,173374.17466994628,195277.59768403153,195121.98853745594,176910.53006378663,201739.87330723577,715665.290678251,171578.80830064157,211097.3907367877
2022-09-23,194432.9036536026,200479.44618951558,172074.45533198302,194318.3787300936,194150.27095126855,175653.0086953106,200578.00529442955,711262.9660257734,171058.24997645675,207560.50589389217
2022-09-26,193295.34264382327,199252.2315936834,171138.98558182127,193103.13303710514,192935.7755990715,174791.0935562824,199391.77458944902,697275.9174303345,170680.19472722942,205507.14704562558
2022-09-27,193187.23297819385,198966.22764825256,170804.94710236,193090.86440849383,192919.34981700106,174494.1551170394,199296.20623991135,704211.3432804778,170563.60176710485,204982.54849551572
2022-09-28,195067.03768810275,200888.1740118374,172558.95521732734,194978.13147481982,195002.4477186212,176146.72857133322,201204.7767881229,720523.8871940571,171234.63494788672,209015.87122854794
2022-09-29,192953.32343201776,198888.01714509254,170839.6190050023,192997.10656692157,192839.03981181388,174410.27326939895,199111.3326810408,695603.0555958279,170561.64874873968,204649.7209651202
2022-09-30,191635.3438287253,197417.8814987729,169138.85745316115,191567.156703467,191658.10277092832,172838.00881541497,197641.000058121,689194.2002861185,169991.14063849673,201485.1283668536
2022-10-03,193925.948764455,199667.21569931493,171747.19956375536,193690.3780605584,194046.06853809618,175220.40538634217,199966.26850912318,709176.8549349768,170777.21123357912,206804.58117740048
2022-10-04,197043.86362091708,202716.10103100524,174378.26138278804,196627.37075394447,197161.5775829762,177892.3135750362,203078.27774165914,740794.2832169102,171763.71154962585,213212.76814834774
2022-10-05,195777.08621974784,201737.98308459442,173183.68570753429,195544.6436574899,195875.5075070631,176733.11812906296,201867.66880444429,740534.9682789779,171461.8198292373,212716.38451767148
2022-10-06,194019.69210577468,200072.58677887853,171517.93580754806,193714.33971387357,194069.39076615922,175095.73759347605,199993.2745220094,732664.7388448422,170477.95930189238,210522.0595911578
2022-10-07,191345.30230927665,197097.3913976545,169388.4925409359,191084.23817253078,191420.76310653315,172891.38538078585,197255.85993297052,684962.1478211884,169137.61895622435,204649.7209651202
2022-10-10,191166.57206717192,196703.77256859856,169298.6460253496,190856.1089084653,191257.02494166623,172791.192785578,197053.88521037935,668043.8025717903,169008.46426069003,203087.17510959043
2022-10-11,191632.90943742252,197117.00138011656,169687.03709053277,191203.38408396722,191699.43710399102,173231.24939768598,197536.49527694547,664180.5595503248,169273.08459355804,201800.97268612852
2022-10-12,190577.45555120328,196060.24695700716,168851.72151081686,190095.60060482094,190662.59760110974,172298.68032993865,196345.39267385236,657872.7276095682,168902.58274766052,201135.40805777156
2022-10-13,192530.85366491624,198061.16444565397,170474.07912672622,191979.2723618569,192567.37250137786,173955.99500171567,198269.17469280705,680397.792171952,169690.21743202503,206443.574900545
2022-10-14,191309.47689644375,196468.65474366365,169853.1242228004,190837.50786400543,191237.49246154557,173141.83802945405,196958.3091370765,648937.6979114985,169192.61934698944,201738.99029580868
2022-10-17,193283.29162235814,198622.23711551662,171473.5401626455,192671.0382151132,193158.50827192,174855.10165730267,198937.3754832508,680617.2882900737,170052.2450868303,206923.06575253475
2022-10-18,195004.41353714524,200179.14148458646,172802.5316598549,194349.0397637522,194665.99048810435,176188.42004009924,200695.41509700558,686989.0107589018,170535.0175501621,209354.3779158038
2022-10-19,194295.1767491543,199443.0240467301,172025.60714854882,193640.47375005062,194002.82093938155,175385.70144733702,199903.8555336939,687820.1375425665,170152.30143239003,207870.7614887408
2022-10-20,193754.24450486962,199015.04064642586,171254.2526169389,192951.19051425537,193412.98637284606,174745.43727441685,199248.93674323164,691037.9311935803,169965.67479663715,206127.65823532283
2022-10-21,195976.40961280835,201390.42123036445,173030.8643885493,195173.24328749435,195622.46177508886,176653.11883770878,201569.70345013333,707244.7835510152,171135.57113963223,211136.8735375079
2022-10-24,197576.9255517731,202870.00653922296,174412.65801660036,196789.37673975303,197228.38433407017,178017.99955515593,203301.07263075808,715545.1335021433,171807.4604018776,213720.4739197711
2022-10-25,198909.3795469576,204205.1231007278,175538.35538084077,198159.10963998392,198571.4185222493,179061.80828514078,204636.7932647957,745519.3727799194,172318.77744358958,217133.2492901324
2022-10-26,199184.9240346056,204441.3363313366,175736.08846054762,198429.89876103136,198807.583158874,179353.8792317947,204967.3837764671,731401.0646161229,172506.7607560043,215497.38081704892
2022-10-27,199296.41414918602,204624.70707862047,175796.99768878447,198563.244903196,198868.3071145355,179413.22771293754,205050.48411063338,742968.6822789074,172593.2943643401,214346.6461798419
2022-10-28,201491.55184432783,206898.68349848798,177717.45890229556,200794.18761209666,201157.44178919512,181238.8695816532,207336.73731905286,775111.0403751883,173646.20408791158,219446.07687826717
2022-10-31,200738.31182198733,206089.80380055337,177022.01813072103,200006.4575408927,200359.6903875334,180616.0314370648,206556.10820403503,759438.3119544105,173277.40768720387,217860.9410007037
2022-11-01,200729.96918937203,206078.83065937876,177030.3377432882,200024.0350874119,200360.70304274134,180594.2250657566,206539.2609614671,762056.8734664832,173308.48319611815,216907.63845358457
2022-11-02,199388.804728711,204653.1059036111,175871.4757095292,198709.95035222854,199073.6848561397,179526.7606967812,205135.00022302096,746907.3568847497,172746.3509478363,211464.0580840167
2022-11-03,199877.2489743477,205119.0724758936,176284.73544194514,199170.2319086461,199539.5433381789,179905.10707197693,205609.60814853714,756233.3135729559,172939.7007267048,209286.62593618955
2022-11-04,201499.5408040316,206610.09087203286,177582.87868424616,200668.77799267968,201103.01716393404,181175.7749249081,207157.69663379842,788835.2889282961,173582.58755140105,212298.89414248837
2022-11-07,201822.01480640005,207114.33243661997,177852.34232973744,201097.00913493178,201439.17736300844,181448.01925329273,207594.70958974195,794493.7700979596,173811.1158883103,214329.64488223445
2022-11-08,202535.06941817666,207862.44025112333,178467.35952498033,201810.669254721,202123.65417497436,182002.95970677835,208328.6155907644,808163.1295911567,174121.92261379946,215486.09484927548
2022-11-09,200028.33785485092,205476.25082558597,176319.6713196524,199357.3971466674,199662.31733080983,179905.36587196565,205722.10271561306,772012.7531023588,172975.7324968117,211046.5857953204
2022-11-10,204653.8355090471,210402.11859075804,179988.6696986054,203910.0494824913,204266.2962901765,183524.7865461498,210319.23684263244,861614.218320218,175406.20591559898,222644.5454663409
2022-11-11,203449.86922362234,209336.4130529952,178860.97898176505,202530.78414962944,203089.84042028192,182446.99747602706,208742.41506300605,884494.0554677221,175009.79436751205,224799.38759213436
2022-11-14,202824.08574314677,208663.54784220512,178460.26738218724,202049.77749269086,202432.36857054336,181796.08601878383,208267.7398488566,880582.9768246575,174480.24292886708,222887.0852545489
2022-11-15,205743.95258009073,211629.59537662612,180820.99723437597,204906.51158578714,205326.77033772966,184369.7696317528,211349.38279858595,899284.2576185375,176047.69840179913,224788.0835378741
2022-11-16,205886.85328431748,211745.35274684033,180891.956882226,205092.68428684637,205496.63555304153,184532.57309030165,211588.0501343577,869921.2919151529,176164.92736216294,223073.23137686338
2022-11-17,205684.22278847726,211462.73804700002,180795.36651386504,204917.1696569201,205239.64974044956,184408.28892038934,211513.38404702628,858450.5355743713,175963.67312211375,222390.66545089902
2022-11-18,206432.79089122554,212234.2975444997,181418.77490244134,205660.5711684982,205984.65946704545,185053.46680046097,212336.30016434303,849593.1976565825,176363.90217895142,223400.3797503985
2022-11-21,206599.7414315773,212484.6417438901,181588.4270762689,205873.99854423976,206126.1584880436,185178.1961057295,212597.75803815355,846303.9904852065,176486.92217865615,222588.07945450008
2022-11-22,207801.48398554302,213631.70860508052,182531.31964542269,207039.64760022634,207332.34802140194,186167.84638371275,213768.2158260194,877732.8565896767,177007.54798776278,225583.49105508602
2022-11-23,208794.65548761803,214664.78118822328,183249.2042604111,208005.50966404082,208339.4191441051,186929.11716850442,214775.13468814277,899578.233781593,177530.60046350834,227004.99848642148
2022-11-25,208912.29687989762,214746.19310910426,183365.20323998385,208109.72810596923,208458.9107199735,187044.31964244467,214911.99659151575,890003.5199807527,177616.60330159846,226954.211631441
2022-11-28,207713.33445349958,213573.7368251584,182505.0003465545,207012.36134177115,207229.53721764422,186097.36937817006,213680.56607471508,869394.6010638337,177084.0757471118,223332.71820321836
2022-11-29,207676.5222045087,213255.24131961825,182336.45296143153,206795.61886050136,207245.2135605749,186033.0501445691,213700.56878460702,860925.8085385801,176947.39140716734,222949.1219043292
2022-11-30,210476.55787395942,215556.07638142543,184399.34800549498,209397.61390732307,210063.47280195617,188143.68707316648,216581.5730538556,917178.7833876564,177731.91052246268,229972.177081087
2022-12-01,210174.27042062528,215507.75327053052,184224.0787350663,209259.3043527909,209755.78653958914,188033.00614893378,216250.50085535776,925728.3340719441,177692.7023186451,229802.94182394588
2022-12-02,209744.13278291989,215209.27114842826,183911.06079384434,208912.74577270192,209345.45330497067,187747.8914671891,215826.49920811452,914912.8904460047,177558.15504203265,229537.79392721737
2022-12-05,208290.30908525788,213954.05077563977,182793.71132865135,207641.22678938365,207917.6799849613,186707.9870055621,214333.4541197922,901890.3445871699,176994.2973836012,225408.55855459775
2022-12-06,207668.3880532201,212686.66940781157,182133.6286672513,206711.18142545113,207346.63337291664,186012.99669071718,213730.2174449623,875113.8438033065,176568.15946351434,222159.37545749082
2022-12-07,207634.0013863076,213028.15237441513,182176.41153875587,206903.20006217828,207310.7947073284,185979.42376246557,213749.31382371127,880719.2920847168,176644.32381660683,221781.458315462
2022-12-08,208920.13200135832,214239.7475778615,183246.51443749364,208145.2065935363,208595.69717892547,186854.6617170324,215133.32220190353,925165.1144849665,177085.25947107538,223518.846239046
2022-12-09,207876.6857102819,213019.1304735615,182396.29760481516,207056.18239680614,207572.7539507303,185888.97235858993,214096.91612313484,915475.9868859996,176499.56559672806,221849.13794912898
2022-12-12,210008.9963362317,215142.40708782958,184061.21395459652,209137.81230423335,209710.47764638407,187663.95440718517,216270.49581818408,941502.3828446518,177413.26120249685,225047.60653720272
2022-12-13,210562.09803819546,216047.65826331748,184579.3746920507,209911.53294430146,210241.88397342927,188100.56354856954,216881.23793999935,964391.9186721733,177680.96789429334,226751.15464395322
2022-12-14,210788.10163490352,215788.5541180123,184513.6088993291,209912.6140060529,210473.80720376963,188120.8187864809,217068.0866002514,947472.2771462147,177558.12528272643,225301.39612021053
2022-12-15,207929.56767496516,212959.54909846574,182314.92267837812,207073.0977469937,207589.27294907288,185809.04823998705,214084.18751560486,914244.1871197678,176227.24698793158,219790.19037643613
2022-12-16,205575.944228568,210739.4414396164,180489.64707175113,204777.6515902586,205242.75427631332,183961.33696371823,211679.75541298106,895476.2816156215,175211.511653795,217195.3040263995
2022-12-19,205054.67982664917,210245.8212760337,180112.13908272216,204295.55504307876,204741.46553098792,183637.9944462952,211177.58596428816,882072.4013463804,175057.6855318002,215353.53898739803
2022-12-20,205194.01346077112,210401.31048185175,180269.2724076748,204464.84958206213,204894.13995998257,183828.07883428698,211346.0168881158,875724.8918466439,175193.27750314688,215648.22211709776
2022-12-21,206988.71135936954,212285.8320874506,181586.40054228358,206197.03856562934,206652.00386840556,185294.9086815569,213180.29760871283,895345.8637571449,176104.90687105586,218872.7171597003
2022-12-22,204910.58886135826,210100.1731172065,179836.54643520468,204052.36562227405,204596.40678673395,183534.785699679,210970.7714935559,844854.449985472,175107.9524249587,215750.22990274229
2022-12-23,205434.01665195968,210645.71641888208,180324.3021073767,204661.9039002407,205135.58976272814,183986.94902211247,211527.09462064953,840548.1922394714,175374.48021053954,216991.28845511045
2022-12-27,205109.44098127383,210000.15272937348,180058.63091196417,204305.1835075745,204851.45208419533,183708.13696812643,211129.29834912778,795694.3607489358,175136.89657460316,216135.59867733944
2022-12-28,203276.1134636751,208815.62291341912,178563.58576978027,202540.41465002493,202984.09065352412,182194.92255628324,209294.15974032012,790817.1406346445,174594.2958859864,213449.48408780087
2022-12-29,204447.4644471617,210172.22060268093,179512.72018549388,203702.67826622038,204138.5732997518,183168.7479543092,210493.87114033886,815869.8340863951,175179.8802359739,217291.63265518367
2022-12-30,204310.9887447637,210007.8937730655,179393.34162026728,203528.9752797031,204036.16842277575,183042.3750979319,210353.29893988016,815922.0069746765,175052.59992341534,216719.26769339168
2023-01-03,206180.78450126198,211302.9671746112,180845.4680485562,205418.43525125412,205953.11961869145,184496.62270459434,212279.96239765975,805038.8684701257,175630.16269003606,215806.93103891172
2023-01-04,207124.50314740604,212638.28843397676,181544.18731927846,206402.20271291977,206831.39476281195,185230.2822095934,213280.99466936468,824605.1141490983,176292.18619595177,217472.96777200498
2023-01-05,205716.12997081547,211099.9440658891,180375.50966893922,204964.78242005728,205370.3747782057,184070.24163538875,211880.09861931516,802417.3608979455,175499.91592141736,214990.85066726865
2023-01-06,208909.3739882994,214178.66689297598,183023.74784513004,208133.71206751658,208594.71726180954,186736.7612035339,215213.04011454285,830282.4678545689,176917.7829573517,219921.06419503965
2023-01-09,207668.8214495838,212888.3931134048,181576.93144964107,206678.51718339106,207311.66715345636,185569.26495908928,213808.98915486102,860632.6245482933,176103.45585961934,219796.41212790096
2023-01-10,208125.10625113733,213419.39488438418,181838.36764382658,207107.9311032269,207708.915241004,185918.10951370228,214253.18281480204,873058.389241459,176361.7475821352,221337.81488034237
2023-01-11,208997.13913263957,214279.35128630712,182499.40643215197,208037.799840249,208599.10787348423,186619.63994899933,215189.56553468612,877985.4781687555,176797.7603511943,224137.24130978572
2023-01-12,208960.96402107397,214341.8389382555,182399.9678676581,207889.5115219278,208539.61411828274,186515.22619375616,215170.3652348741,898515.4550923987,176753.33783478738,224953.26742196834
2023-01-13,210056.69229017873,215518.7605356598,183257.80585188494,208996.5126205523,209628.89635592268,187374.6902560406,216363.06327462327,915625.1925109028,177369.5949077719,225825.97658383357
2023-01-17,210166.9475023456,215847.38304363852,183178.6826505182,208961.1474076105,209669.47414239618,187339.85188437958,216417.4132096544,948423.8426541984,177320.25212679768,225412.30245736873
2023-01-18,206683.04175899766,212145.07427590754,180153.4537307474,205205.9913434526,206110.0265457605,184173.1145650503,212613.23346986258,929892.5140490971,175544.2682363427,221853.4606194781
2023-01-19,204734.87792996073,209981.89593784636,178713.53685612138,203288.64236667778,204176.32668401982,182611.83556416788,210554.81201622286,902123.747545889,174614.83309435204,220238.42777920712
2023-01-20,205629.6256813423,211243.73407540246,179221.90649278558,204034.38863211568,204985.30302523024,182968.9038076656,211421.35555235296,946264.0326556935,174915.14268120966,224341.27496756162
2023-01-23,208102.469944431,213984.37967049587,180880.85758320388,206236.9725232301,207379.40415121758,184709.60049716488,213931.731144129,1004413.578831708,175987.98393672414,227033.01445450008
2023-01-24,209069.03609613326,214899.7637174062,181585.19721913588,207151.0510732843,208359.3416832618,185595.46792386254,214969.0285146623,1009099.2754207423,176482.96701889276,226789.35330410945
2023-01-25,205554.0736620159,212171.92866756133,178674.53197342617,203831.60745536754,204791.84567050482,182352.52911725658,211360.4060193649,1005170.2917989078,175009.44007180116,226874.35979214657
2023-01-26,205688.23255780173,212327.20912310499,178702.2074985293,203925.16536938518,204882.4723873125,182364.9133191678,211433.87746205,1024973.9819633828,175115.32606548938,229367.8171241168
2023-01-27,205895.07080459368,212543.31304119318,178758.71288506224,204073.37608667344,205054.8726148339,182435.336203105,211530.1109035678,1047793.835541034,175188.09170420852,229894.83926346005
2023-01-30,202953.8606162683,209323.21075613532,176304.90837244014,201084.3391577361,202047.76866631553,179916.2126535398,208210.25916247413,995269.2823040313,173679.09619683167,227010.38825949276
2023-01-31,204037.79212347354,210466.11400056785,177167.72411769556,202164.21080149853,203145.99287637527,180822.66637633592,209334.6555160053,1011544.3086643314,174188.13102128007,230348.14088253965
2023-02-01,205044.5295046609,211758.84011937078,177750.93629127968,203143.59228622576,204126.0219860435,181513.41797786267,210279.41508936867,1069775.050277344,174725.0315651919,232796.29156503474
2023-02-02,205270.15193377243,212092.60809855317,177850.7038320069,203318.5483235991,204364.29430885465,181731.84842344144,210524.9378734332,1102300.9811108278,174877.4652090647,236185.04808090389
2023-02-03,204606.390484513,211389.21783177013,177211.90825973515,202461.92218395392,203647.68840886137,181058.80314614758,209800.46135041714,1076375.5411888384,174552.41607006287,233674.6437107867
2023-02-06,204428.99381006908,211144.87492087102,176987.80255794615,202168.9553592453,203453.3998645114,180872.10830925766,209613.41554589738,1076443.1912509855,174438.29357067513,232246.5708847369
2023-02-07,205606.07334953191,212499.48075747894,177737.3224348281,203256.30514173832,204588.38844855863,181739.07172759014,210779.03940897336,1122595.4077684795,175021.49948600528,235284.0516536578
2023-02-08,204862.98438456494,211839.13323851294,177098.23549449543,202530.56233868416,203846.7099317959,181136.67411725168,210025.62409375273,1122389.7078301196,174748.01858596166,232711.24890402402
2023-02-09,204136.95965514221,211113.754375469,176719.0541332922,201821.9917029644,203145.84538182995,180645.3717545992,209323.68921846387,1125177.882949513,174253.1143456937,230693.88216452207
2023-02-10,204995.0844983948,211627.47870620334,177663.61677517253,202788.5406915384,204149.25768978946,181429.15031435207,210289.99186342783,1083217.1424293846,174574.7563746873,231232.2264446124
2023-02-13,206574.32672779178,213222.83074322453,179047.1553885283,204386.6322782407,205755.24183611118,182766.00757124968,211951.1094260235,1107022.7500949565,175342.07436116575,233946.64638601863
2023-02-14,207051.80234301655,213910.80288571544,179256.5883985149,204797.15503762133,206158.10698574357,183100.20047433942,212407.5167895908,1156302.9067569508,175619.06108786594,233838.9956164874
2023-02-15,206928.7838883772,214043.76025968292,179157.9457092429,204950.67236036682,206045.89288636507,183002.82307981644,212345.51610285434,1148480.7933368692,175602.862121597,234598.35676547422
2023-02-16,205240.45825286538,212121.79852498608,177734.58277019067,203150.1750626504,204361.965868102,181577.8461958716,210588.37166073726,1114112.5122394925,174708.31374947785,231368.20065249814
2023-02-17,205893.88704093013,212687.60065034637,178516.33117247364,203927.49717470963,205071.49677591515,182259.0850486896,211232.69178081592,1090615.8920399728,175161.51957592744,230790.21079330624
2023-02-21,203746.52251871652,210910.16880400883,176945.99967009824,202053.79571096197,202895.19961976274,180632.4632648741,208889.42140402837,1056710.300773986,174287.25508313492,226160.34146560848
2023-02-22,201611.26386791375,209175.61290738915,175633.81266014982,199771.45952429407,200555.73466990536,179149.9196471747,206541.4018438253,1059484.5326310578,173751.24094782444,225848.65703830135
2023-02-23,200474.11227500066,210009.7776829269,175995.47528483073,199034.37223188492,199128.90400805738,179297.14946813422,205677.413665627,1178957.0743409465,174058.43673353802,227050.07001156796
2023-02-24,200510.52363098308,210149.20618096707,176167.0023779127,199345.4164984746,199426.80142644528,179549.43985716597,205932.41621675956,1163559.3210191466,174080.69817274244,224624.61787002743
2023-02-27,199668.11959887348,209897.43360363127,175927.42423982738,198713.68940697465,198650.10475156753,179353.42360572855,205142.05444127636,1172036.8012225397,174069.64267106622,225389.62200290096
2023-02-28,199697.60154272887,210092.93110648348,176079.33971207836,199144.35492065005,199020.91366927157,179652.81371790625,205511.83474178624,1159586.8623470773,174050.36247927241,224556.59459311093
2023-03-01,197994.69636637307,208394.67372657455,174697.0935444993,197363.87679881253,197165.3490266684,178042.71617574253,203656.80278700445,1136054.933065463,173454.99976646443,223695.22565847958
2023-03-02,198438.44687898492,208772.87738458393,175084.76608652552,197531.93001759748,197469.44262356233,178581.83215703815,204085.0951904833,1163164.4150213173,173592.17714001372,225434.96482534969
2023-03-03,200286.03910581116,210818.3116262307,176412.70824979895,199198.0131949892,199180.4631899648,180054.17378077455,205974.8735203295,1189951.0525428473,174405.2013737036,229050.4354534625
2023-03-06,200134.9356185105,210767.23161522587,176373.52137778612,198955.40490820087,198944.08409635272,180091.3712240151,205780.33133969692,1176601.489731637,174410.47468009056,229209.10820230283
2023-03-07,197690.64407348924,208019.08960918518,174540.7650439656,196457.48448776518,196476.33014427472,178199.8869581191,203229.5455630047,1162730.1038511826,173359.63078482667,225695.66344632138
2023-03-08,197601.80953846133,207700.6031265605,174184.66700961388,196251.25976385258,196283.04327005416,177887.25576725247,202968.12561962949,1199217.7075612058,173195.51910526544,226064.03092331113
2023-03-09,195445.2597637746,204447.67843666425,172258.7955390358,193739.47505549414,193925.15032156694,175498.15778064137,200459.81149148504,1164266.5551781817,172106.00595291273,221893.14237155332
2023-03-10,195354.3293772685,204984.53333685696,172408.02991778118,193898.75418273496,193991.03796356195,175842.9256790446,200586.5288697071,1145456.64479253,172271.49154705124,218691.34586990537
2023-03-13,195421.8617572536,204695.31363761684,172399.40831085294,193838.94659803467,194005.09025089498,175647.1725716108,200582.70426204684,1145245.5054851486,172258.6972852728,218379.6252696246
2023-03-14,197335.3921175977,206970.44126169712,173862.15702319972,195814.78848588985,195936.03312283757,177340.16001314716,202567.76148531208,1193559.2464459164,173014.18829294777,221989.52525979793
2023-03-15,197373.1883728628,206560.7300529753,173623.322500334,195610.2040926814,195922.40755615412,177003.69126767994,202363.43059967877,1199243.9793527047,173104.6840791356,220601.0980128497
2023-03-16,198248.16955817392,207506.37913989133,174211.04729600513,196364.96496018732,196730.30446768607,177498.32493544038,203196.0919296126,1254928.7218389718,173510.76379099546,224471.5881050738
2023-03-17,197232.0530684927,206630.01204041767,173426.13823725178,195425.21252563817,195729.18961225782,176707.8127529452,202221.52444556367,1259949.7225765511,173026.65218658073,221846.91331125057
2023-03-20,198299.03341205642,207783.5858006614,174325.5902682579,196487.63029327296,196813.9683644698,177656.2680476142,203297.42426767893,1268780.2978746146,173654.61848872382,223980.1059123248
2023-03-21,198416.4370142702,208013.80932289496,174532.5680213709,196627.1365824336,196885.9311221079,177784.5929374443,203442.32112772687,1281830.2929409784,173797.70169034734,226921.09527408017
2023-03-22,196393.0764099241,206146.46108128212,172854.7117508356,194688.60552410962,194815.54242728357,176059.54229341337,201427.41976899398,1289537.8270822302,172977.32629015617,223052.88407919492
2023-03-23,196669.75544912327,206609.25672763013,173053.5943754426,195024.41812037086,195026.56165795345,176170.68528409852,201663.7454213837,1319351.1884771844,173218.05484331914,223655.86946316707
2023-03-24,197718.59357357826,207613.00746323416,173848.18189377623,196026.99211907058,196184.48684958147,177078.23352962965,202785.91674325758,1303943.0052807538,173692.74721033097,225123.49743588438
2023-03-27,198390.54033581595,208347.77645007658,174623.07261493005,196843.1466476505,196809.86739318544,177655.3008275929,203437.6511831598,1295709.8309615569,174171.25961118052,225544.47850302304
2023-03-28,197749.2549603083,207697.53278308135,174126.59577883032,196197.60175733207,196168.8307505881,177164.4599057394,202810.8253196676,1290167.4133251722,173855.8073060337,225038.16539108456
2023-03-29,198515.43195417585,208862.78845644195,174849.6785698631,196982.7274443642,196806.908006839,177864.89683771037,203512.06951866933,1315350.2084482722,174373.0238412355,228309.070358858
2023-03-30,199091.03836546506,209571.84587511566,175261.5593838595,197510.42686835577,197350.0851497509,178316.1622835515,204102.54553773883,1332571.9479892408,174734.24422613884,229645.89685891903
2023-03-31,200459.4346435637,210974.29531316055,176250.57387856054,198685.60916315892,198666.23122137162,179397.84280914086,205445.0360421897,1350823.2921123533,175401.81989325464,232882.67262606992
2023-04-03,201178.23366860556,211504.46699699742,176691.3076950671,199111.79264816962,199274.28822714792,179949.31994079947,206118.99655221234,1358949.6716202723,175762.6254955278,233770.04992874325
2023-04-04,200417.27390662197,211275.43446415485,176410.59428703127,198477.7818838421,198387.43551042926,179653.56571533828,205282.84420188772,1337503.1471912235,175597.95748901155,232473.06795913877
2023-04-05,201508.79575864962,213177.67703123693,177643.79536616016,199388.71312857704,199199.51800097924,181054.4514825991,206206.03980067463,1317373.710660395,176826.8252705162,231864.43959127986
2023-04-06,202070.42993883416,213902.90151914913,178151.6067783648,200065.03355525437,199806.00868553802,181569.1403160615,206846.03039286108,1324564.8165738755,177110.4305150356,232768.92671048152
2023-04-10,202315.2385974011,213758.38712368207,178051.25387003215,200037.22339918904,199911.93886966162,181494.969390428,206908.90603262724,1346382.8943506298,176973.66353793407,233007.7949418658
2023-04-11,201689.9824873588,213351.2016233265,177718.08362163007,199536.5940756932,199340.37938315942,181143.5282346048,206373.67522005335,1329458.8357394517,176810.19972118986,233070.3922727374
2023-04-12,200624.35439332988,212847.60813899565,177020.46527802426,198666.77960642567,198369.50731468108,180604.2198840337,205332.60100081243,1301509.5735979544,176514.84598650684,232120.363379732
2023-04-13,200810.37355060288,213336.08183974604,177226.6975577278,198933.0003238272,198584.36635154072,180830.46991087458,205534.33931107118,1301189.7108437545,176771.51309551904,235203.5667873248
2023-04-14,202903.86612410482,214864.075114806,178910.43137705914,200619.77725403674,200727.56538962031,182670.09245861988,207570.07102473843,1316243.0647211117,177273.05950517653,234629.013360628
2023-04-17,203964.7545588186,215885.85643152863,179693.17626761994,201555.29675711138,201764.11674657353,183495.4051327548,208583.36653934888,1327512.684565448,177653.51740575407,235470.95740841856
2023-04-18,205251.147416395,216264.9103993495,180482.52157807874,202475.99585515415,202943.1899280102,184233.36854632798,209797.1114861328,1354420.2525046852,177615.52330858383,235624.51168148982
2023-04-19,206091.96119446913,217474.1713234422,180938.28690112606,203371.43294253745,203988.18410692835,185153.53587776617,210658.1595073502,1366266.9788747958,178028.12412890565,235584.70332400693
2023-04-20,204624.13622658167,216154.24701219244,180239.01714569647,201988.29271717614,202303.93577933958,183992.64941209933,209219.27047126024,1332227.9842197837,177787.07155772034,234299.09775460995
2023-04-21,204720.13982307614,216388.82412188276,180320.5650684834,202152.65870101907,202383.81143157432,184097.08920138242,209337.31566056758,1332958.247933238,177897.8491219072,234481.1563309039
2023-04-24,204924.41439989116,216574.24279794525,180602.20956498844,202306.1069434797,202478.3979379574,184215.4553463619,209511.9502041321,1330418.9680337522,178123.37178337114,234725.72180563534
2023-04-25,202484.86207318367,213825.18194241697,179029.18205960086,199831.46971142173,199873.7619883391,182215.3175063533,207026.60325097706,1294939.0049209497,177144.48316212633,230999.7427430743
2023-04-26,200858.25186023954,210158.78633922114,176305.87481193722,198042.5801639696,196327.40373481417,179918.2434686148,204902.5984455502,1319276.5015004107,176062.81418634573,230021.29997928036
2023-04-27,203011.37859071596,212940.4023681485,178573.36724563272,199991.39148369484,199651.86782211377,182052.36316084984,207262.5855596464,1333049.201372862,176839.17925400016,234600.59948983946
2023-04-28,203811.30958272706,214236.36432920946,179833.4159880823,201022.74677565863,201384.58765806598,183158.55772974677,208454.38243817585,1355943.13438083,177271.71988438498,236602.9906182574
2023-05-01,204921.01014403958,215629.7357084482,181109.68919510854,202427.64379696554,202661.98590515813,184332.99185198155,209893.19663029895,1405484.6150134047,177902.48466122826,236364.05004092588
2023-05-02,203654.58905045709,213957.8587771167,179635.40735603374,201180.0234227414,200768.06576595863,182991.31524625854,208404.0531676969,1375032.3504576243,177418.97238110282,233707.45259787166
2023-05-03,202086.84305857486,212472.44453819832,178332.48322315363,199638.33398627542,199210.3847957615,181660.03753063115,206707.29527808802,1355778.3891783066,176786.1417694561,232103.32590915097
2023-05-04,202181.65060694973,212193.37796010627,178315.7886802665,199507.18603741273,199355.95506762018,181622.32312467517,206740.60393398762,1345143.899225307,176633.0020705549,230459.39086294736
2023-05-05,203535.74986996752,213843.42937926934,179320.30582215023,200869.03391075693,200619.29342963648,182643.7047043439,208106.60071076546,1392957.4465498263,177369.49809144647,234725.72180563534
2023-05-08,204356.03965252585,214655.98954351922,179992.29052408927,201552.80765208363,201461.6000085834,183254.9077954312,208845.4245825831,1413261.4537634456,177723.99818511354,234788.2648770465
2023-05-09,203992.42948355092,213897.0433839072,179560.7308094823,200925.46248988874,201137.79707380204,182858.2831091098,208455.42699907022,1388326.096534855,177385.87778388994,233758.69161502254
2023-05-10,203547.12655125736,213682.25073102186,179431.7971160782,200535.6212184244,200646.11218498694,182666.07166184025,207971.6782912623,1402576.4372195501,177500.48949378222,234850.86220791805
2023-05-11,203913.00559138687,213703.99729533927,179492.5559309002,200754.03678140236,201029.14618180486,182697.5398597705,208330.48964479653,1388973.2359392748,177398.26003858127,234441.31180044735
2023-05-12,203897.7670187204,213407.35836965908,179476.41498644592,200612.9202881902,200900.0021753598,182562.12393787285,208283.3311704342,1379984.4743964619,177442.43752820452,234134.14899484432
2023-05-15,202550.13477953128,212572.89648516974,178583.8646306417,199592.8491905444,199633.58030010352,181786.82624988622,207011.06609094056,1404792.0296899185,177121.80533706682,234941.90958255186
2023-05-16,200035.155729047,210528.30680394996,176904.3956029724,197496.23269802512,197185.25086779153,180166.7576636933,204610.60513075255,1412976.219322649,176274.73511799335,233371.89400796688
2023-05-17,201060.01309151534,211977.4724209886,178114.60305997674,198860.40296320934,198432.22335111685,181422.38675024675,205693.30309218884,1453965.1247477022,176860.80111924233,236204.74426504696
2023-05-18,203334.75533917392,214618.1702122699,179842.39473807902,201162.093360829,200920.0014849549,182683.1470717103,207997.22317844906,1516648.5579603817,177662.90225658822,238480.1689984454
2023-05-19,201908.59230635347,213210.28628674787,178979.4871231731,199947.17524604837,199435.83208567213,182100.17858599895,206600.2914272921,1498486.4187448532,177222.46176318952,238133.16166238583
2023-05-22,200412.49234415582,211800.65479808286,178001.7008903125,198703.43312422626,197935.39781757203,181169.69918289545,205137.8242962438,1493897.638233295,176741.84281882615,238229.88819387998
2023-05-23,199591.90265058004,210785.32718305476,177215.1797814802,197818.72917397117,197030.34081686096,180459.98175910237,204303.1350840224,1472642.8549702405,176348.84262366395,235556.27136673153
2023-05-24,198804.63926446618,209655.53996334338,176349.52588736286,196862.60701221676,196212.07643572494,179692.77132768178,203532.38535154547,1465776.7992647474,175990.7722090375,233849.7028166827
2023-05-25,202912.40742868622,211737.48518527215,178978.6992386066,199441.83704821684,200525.40751541933,181623.6215933379,208101.7835475384,1772069.7017624537,176841.0689341859,235874.8467455157
2023-05-26,204124.77683970204,212813.81093880307,179809.23989697307,200443.64169055907,201728.15793337097,182485.52144525212,209365.14802016172,1813535.6895248948,177315.17838020032,238929.56393637264
2023-05-30,204849.1207199093,213130.46168429925,180345.650615706,200968.479488784,202515.63873964446,182920.61504969434,210129.24173133099,1860709.2995562316,177402.34778996746,239020.557051546
2023-05-31,203671.27999943835,212266.1509420111,180091.61462818435,200481.8055286202,201598.57358732325,182505.0781837494,209189.14722329943,1766899.3330317126,177298.61559473834,237695.1612111529
2023-06-01,204320.18563586107,213194.22494587844,180422.93011059138,201040.10065744177,202198.5744251233,182899.6928993746,209812.8730760503,1847318.2971348856,177585.80960307003,239953.49421450985
2023-06-02,207329.25740812038,215912.49282497898,182648.86063937837,203671.1035423154,205119.10807671995,185152.4508245382,212631.44359770388,1831968.690627845,178882.285164672,243423.5133156451
2023-06-05,207699.74726163715,216337.48112423805,183231.21688509584,204279.82977536967,205620.0081072809,185680.58280258568,213150.42687487332,1825311.1638312284,179122.87368425477,242957.04473416318
2023-06-06,207570.02853266825,216193.63231031146,183139.56727137562,204159.87540244852,205493.03436950734,185575.10874344787,213020.39908444072,1803789.0926030707,179029.57490424265,243486.09256002988
2023-06-07,208200.0008488057,216830.59826025134,183342.7320304282,204668.40973178623,205981.7410586187,185979.4591703759,213465.77816133216,1756595.9404925597,179364.8822078652,242644.18468521297
2023-06-08,210335.19362539653,219134.90857826624,184636.34895650847,206756.16869398966,207933.64353866113,187540.9073080758,215426.28732602677,1801138.8608092181,180248.23595017474,244111.81265793028
2023-06-09,210266.06547948765,219187.8425336224,184363.5581999953,206814.62683549963,207775.04758426297,187426.84402460358,215388.88273800546,1811436.7018713444,180263.44309632952,244549.81310916317
2023-06-12,210770.30040378013,219733.89830678655,184579.77218040026,207340.43698649856,208179.92697558313,187740.7394845399,215871.15648843977,1841064.8037220153,180450.76315208513,246768.3377550372
2023-06-13,212238.80940396525,221257.15395033965,185592.40701549657,208761.3319252595,209576.62888544807,188824.6258813898,217307.73865029067,1906080.0415344855,181116.26145971302,248395.2895901202
2023-06-14,212978.75316503653,222138.01495155352,185943.3373347135,209495.6572687522,210349.18200533433,189225.46848361348,217981.68484657918,1987337.653703717,181275.83479992143,248691.09408200253
2023-06-15,215097.0693096939,224309.83716142102,187688.7472642791,211464.6809745024,212478.65588405292,190874.30909585077,220076.7766710796,1975407.6014184386,182413.93075802922,251774.2794031085
2023-06-16,214926.73331150218,224188.35246621864,187728.24336624835,211261.37053558422,212242.72795865842,190900.38000115845,219885.75010549594,1977738.079083945,182514.0824027237,250916.67245773494
2023-06-20,214043.2837694895,223365.3964772178,187096.09326051845,210459.92979049333,211402.30185392307,190197.22348666991,219029.57228529672,2022441.5588498826,181988.0672647652,249614.8613961505
2023-06-21,213819.88099516084,223118.74529836926,186846.95456182724,210281.60279726246,211206.41773744338,189986.32280043312,218784.17214245885,1991755.4507833815,182038.76694780623,248335.8573944415
2023-06-22,215436.4754183633,223627.3198527062,187890.7348189034,211350.5034783294,212781.09449597556,190917.1449800882,220202.02066450118,1989990.1399586273,181988.94781898393,249232.31411349666
2023-06-23,214924.60540041636,222834.40744979813,187505.0331121018,210777.72216239834,212292.3302134298,190468.1031238205,219675.23695671334,1954924.5590969129,181557.54259683387,247348.15434939755
2023-06-26,212863.49759704043,221253.91116644637,186092.99132157673,209023.42815856801,210288.55938185076,189049.44401331127,217688.1177291202,1889363.2102805886,181145.8172634667,246337.53572555722
2023-06-27,212627.7140586602,221219.8030965776,185886.3826285791,208835.811818502,210046.0332263777,188883.60583505695,217491.41888130535,1940249.238118294,181045.8021563767,249038.209936983
2023-06-28,212272.64845629176,220668.82679409263,185435.85802619334,208322.33258787417,209704.73091398488,188445.46261467476,217056.8911623126,1908315.3139241175,180890.82590794406,249163.82058792294
2023-06-29,214135.87309047542,222324.02557422133,186645.50325953492,210043.9409554898,211383.8329462018,190110.86175805278,218843.12539894663,1897473.6598065407,181565.34302464937,250145.86256259336
2023-06-30,217217.41186056993,225607.19711716977,189058.6461476564,213014.94938077877,214464.07300620066,192588.04534252294,221957.24652018407,1961968.400789271,183064.38682480963,253097.7399894122
2023-07-03,216907.6335560518,225548.6788308196,188867.65250529032,212997.29400725925,214148.2087679649,192582.41865448857,221770.65659904154,1966965.3762580736,183139.6663053928,253388.93242715634
2023-07-05,216250.09104801243,225088.3622891807,188530.073673516,212554.79365144874,213554.96455924152,192122.12305813425,221203.63178978293,1962970.3332878281,182968.94191267586,253012.11856082332
2023-07-06,213767.43477612673,222738.85534755007,186667.4847004256,210244.23896180396,211216.42396672064,190002.94096967654,218791.60013847664,1951169.5631302225,181867.19079387514,251030.87053549374
2023-07-07,210752.84181069845,220808.38833669975,184867.0123539506,207958.60561759723,208306.25638887243,187812.17883384065,216068.62575308039,1965707.338202889,180949.13195390167,250397.08386447324
2023-07-10,211107.2550982067,221228.2612704945,185251.13394718338,208344.78612355853,208715.2021399259,188152.7598888066,216464.04978976477,1952809.4186848192,181109.72195023578,251030.87053549374
2023-07-11,210928.5975204633,221786.35561968843,185477.56423051885,208574.45145525085,208571.00040921473,188171.36925335508,216488.16350064045,1963216.818414857,181357.1080055817,252629.57127816952
2023-07-12,212230.76754621472,223057.68314201184,186396.48173880964,209843.72729547188,209732.35093118978,189069.0821651976,217791.19815738327,2026620.606802139,182003.30159386294,254662.20301254452
2023-07-13,213284.9707057622,224351.6520909955,187088.32808425665,210858.30167022726,210782.94876315296,189606.98464355053,218895.0172798961,2112916.906673329,182488.75139653904,256683.44026022518
2023-07-14,213477.6933814018,224675.48951333747,187272.34168721086,211203.91238586983,211164.49979721004,189783.8696562093,219210.6578091168,2092195.7888531517,182586.6109144563,256523.55571676817
2023-07-17,214671.73376067053,225892.4821291152,188210.89893737846,212383.1983193007,212130.4458477595,190936.8217048529,220397.96385936308,2134077.923524497,183048.0455705499,257414.27901950254
2023-07-18,214893.53567059152,226238.25181409443,188332.05404378002,212593.18705357076,212310.37839840073,191040.376905558,220631.29936075833,2176288.2864517015,183109.15314849102,259326.99734628477
2023-07-19,214845.80974341417,226123.3487622159,188327.74244106148,212565.65942352233,212233.69615580622,191097.82198072918,220582.2565269519,2159259.149004139,183077.59850283863,259903.68497842588
2023-07-20,219183.79810109112,230341.58528549992,191880.90111632505,216913.59675502777,216829.56055336058,194297.97160689515,224729.7918332796,2100587.464058716,185324.18798140922,258179.35549832333
2023-07-21,220112.76141897193,230627.41162727663,192757.94753180133,217778.1894661169,217675.99383857814,195032.86005757473,225470.07451810347,2052343.1175363942,185860.27520739037,258179.35549832333
2023-07-24,221356.54282959265,232323.42656298113,193682.2668381032,218980.80830387227,218911.7112751029,196091.3217185502,226694.57472215383,2066231.0335687078,186434.07084297383,259332.71267611874
2023-07-25,221872.7152969747,232755.94180005975,194093.15194486425,219461.26478050285,219384.59743097617,196351.73232085354,227206.42518223653,2110121.1382055036,186625.9108667997,260040.72628903377
2023-07-26,221786.49079062114,232996.88894125083,194043.4821447138,219454.21339703602,219328.09122059596,196366.74502469704,227179.2178988107,2100358.754101045,186565.81678148857,260080.67933841122
2023-07-27,220929.3248151076,232326.5590283514,193337.9322284208,218826.85687943865,218551.0417863378,195600.08233821584,226555.58760242126,2117235.13283647,186157.1035192901,258356.33177182186
2023-07-28,221916.11716219634,233349.70806820906,194087.40836602479,219763.98099568655,219526.29284893395,196366.54987908466,227542.2960743176,2152779.0832383493,186513.284508942,260885.7631260699
2023-07-31,221021.26592921242,232284.9234976601,193282.69675305052,218602.51437127628,218604.76875610248,195678.29002710656,226482.00999988383,2151069.8045711396,186097.03321508708,261382.50848648252
2023-08-01,220503.3286146407,231800.5731658389,192924.56304018077,218233.7015146058,218094.32634502504,195273.07248225537,226035.80565229198,2140635.1375420033,185771.03896937173,260634.52373770322
2023-08-02,219113.6906930875,230388.364568936,191967.38028820584,217093.26700870748,216767.31548391242,194213.26143316302,224712.35780702872,2047340.5005349298,185261.74275844378,257008.8885039996
2023-08-03,218973.53600310915,230721.77781936649,192069.1245413997,217126.13005079847,216631.38023650955,194144.4608710558,224675.94104088098,2056415.9307052626,185167.04420071776,256272.31632840144
2023-08-04,217992.54923256044,230072.1629559497,191519.13068295948,216291.5304524669,215703.92534297216,193462.39042420062,223877.08855943926,2061603.2590759462,184751.2167640345,255113.2619072589
2023-08-07,220419.61478621204,232102.91251568645,192901.63261662243,218370.2258473849,218126.6917040118,195011.85849594657,226038.75542786237,2093486.5891499019,185531.86257971483,257340.0339911212
2023-08-08,220206.828155023,231398.24689050432,192424.00379232588,218019.06878044116,217889.2260545825,194698.11235857388,225636.92942754593,2062098.353148415,185369.07075553574,256220.95070584287
2023-08-09,219435.47184757964,229413.80083245263,191090.33299914887,216941.14842190026,217043.17261266583,193766.96905628988,224376.4438710517,1974178.7285091344,184897.5294478434,254508.0518854083
2023-08-10,218458.85512755098,228540.03825060642,190152.886305565,216019.625828144,216050.2756126524,193006.337349981,223333.76431668704,1966392.8247384322,184600.1876957633,254599.40673031795
2023-08-11,219384.11035899544,228879.8821693588,191026.3672126375,216953.0901766206,216918.51871856683,193730.69897628628,224189.4565925851,1904578.3313349169,184958.0918666934,254450.91667355527
2023-08-14,219222.46571911048,229872.7154234806,190853.7559208027,216867.49226446525,216861.2183593702,193776.3617579805,224235.43596591108,2023850.3032282935,184950.60841534223,255855.56749917782
2023-08-15,217562.4036680358,227625.9384102134,188757.68306571833,214529.5447348848,215106.24147912627,191808.96942920558,222190.65799396142,2028503.4576584566,184081.21646406624,252875.09533670224
2023-08-16,217432.44927357315,227219.34222376504,188559.87372341866,214296.77982585365,214939.5059859634,191584.05608811215,221950.74258369632,2009540.895309568,183990.4681067729,251019.4760487994
2023-08-17,216193.66421110075,225936.47485084616,187576.8459612592,213325.29804730875,213756.66459633555,190697.4558706006,220852.58090444803,2002371.6240256054,183167.29486958933,249106.72154904355
2023-08-18,216931.49033122376,226629.6268013735,188070.35698070872,213959.76060448246,214507.24421618012,191198.6422843035,221618.75675830944,2001206.4471938226,183648.358881104,249226.58069717587
2023-08-21,218199.2379407463,227666.9957106112,188812.43685858833,214917.24731110636,215708.86555846705,192010.90068458434,223042.43733132948,2151134.1768296803,183641.68276788836,250848.12467270077
2023-08-22,216497.05130307112,225986.87148543974,187432.38780506997,213409.97584003332,214119.0186967384,190634.54583832,221607.73341392825,2096064.8949570716,183047.3507491231,250168.7238819293
2023-08-23,218005.60185617645,227385.83138708962,188484.25018047137,214712.11234851196,215592.98730519618,191732.45002088678,223150.02158503962,2156673.6624692813,183556.08848067257,252955.01952194393
2023-08-24,217502.13175081369,226897.1882411857,188063.07572828204,214317.9199345569,215181.32745352032,191393.29105920802,223022.3127778576,2157735.289710638,183144.28965374414,249449.27960934627
2023-08-25,218239.18621077613,227556.3541218412,188539.05175102063,215121.27950002113,215992.56048044394,192003.0845857293,223785.3790469834,2111802.094272558,183510.92993680536,251207.86489547908
2023-08-28,218837.59646445102,228180.45028705493,188898.25986665656,215581.85321185892,216492.3499710244,192344.62520651272,224272.52948217644,2145647.699207735,183751.24516247294,252800.8503083209
2023-08-29,220070.33836349417,229609.22299861722,189847.1143132468,216676.31706406837,217606.78892796062,193222.0901746646,225471.59753039744,2227119.63543583,184427.17437663843,256455.0260182208
2023-08-30,219768.33861859763,229480.54032278954,189586.3441405726,216393.42202841458,217214.23528114666,192902.7927014672,225211.18776305922,2246524.021692989,184445.28974305422,257511.34919424617
2023-08-31,219338.34605106674,229296.9337977203,188955.40995422428,216280.85883033197,216995.7800786066,192412.7169806068,225044.7684872145,2249167.0401461488,184226.26430136742,257134.51724142637
2023-09-01,218734.5925419081,228410.5288445116,188535.0340162826,215543.89376311906,216338.6545164443,191941.84778501434,224263.51951163425,2213845.797103373,183908.11928997329,257614.08043936337
2023-09-05,217425.99858563728,227328.509876704,187527.42193075438,214419.19446792098,215048.47248669397,190935.08239113353,223127.97372080927,2213855.6832008935,183338.3552766745,256500.6943974322
2023-09-06,216441.580848327,226320.0623969999,186668.00437193544,213662.11077114628,214203.5010901969,190162.17687552323,222250.6834751498,2151601.8516900614,182950.68885035842,254776.40109030332
2023-09-07,217299.26567323314,227214.2721557638,187367.31723208414,214385.89719806513,215034.05161180306,190842.6545744686,223099.8780877449,2118735.808301033,183313.78329996922,253994.16053549375
2023-09-08,217659.2511575696,227585.0014449652,187877.23986761106,214820.5826716576,215344.72029253267,191195.4614219239,223329.60905937097,2091851.4475394103,183523.24122362188,254376.74399112118
2023-09-11,218560.50823053793,228492.8722453251,188818.54185644814,215762.17919620182,216192.98496433318,191957.78753166882,224097.69466796718,2077128.5367084877,184051.64943659143,256049.6716756915
2023-09-12,219173.13438187697,229037.01502769487,189346.1930120402,216373.38369601397,216774.28167673288,192502.9605386322,224587.27381937733,2065613.0213292912,184437.2323455842,254645.0751095294
2023-09-13,220002.84573795059,229705.29479651907,190122.31129560032,217129.70090677217,217561.0145571384,193165.8622501148,225313.7139103335,2091855.166224883,184751.66563150682,254942.01905008114
2023-09-14,221653.22127897874,231134.98391805458,191212.80477757606,218692.81597899552,219117.79301465192,194344.86756264576,226807.87667646943,2097916.51637273,185539.22583547301,257140.1963982867
2023-09-15,219609.95664135795,229046.54033132183,189553.32101057775,216803.57100970624,217032.38246747587,192708.56869497098,224757.3616727561,2026852.3806224037,184524.84164292045,254042.0716390704
2023-09-18,218760.78247438525,228230.14338269486,188929.65837810707,215981.44515450456,216163.66638956298,192106.95936109647,223937.71070563636,2029242.4308926528,184350.0154619497,254191.08620395078
2023-09-19,217636.02338962822,227182.65793904787,188073.5274749489,214943.25913869747,215012.66977067376,191273.90948787332,222820.1777540034,2010025.3320558504,183913.17437354103,253663.919372713
2023-09-20,216928.11187429162,226527.65503337298,187434.1589252767,214337.40671653618,214300.60269060414,190632.51379203846,222094.555983325,1956856.0374796793,183638.59436759923,251331.902022066
2023-09-21,213877.24729453787,223591.55758101726,185179.220867605,211512.16868504128,211128.96956045093,188411.96164503423,218789.19792498153,1904543.5912443146,182417.77965944394,247177.79773007383
2023-09-22,214994.29580341367,224788.39562013428,186195.9201589224,212567.12140633762,212130.56223113573,189392.88312491163,219758.65591677665,1929081.9584211449,182435.31037633392,246621.99999020566
2023-09-25,215710.9475459048,225441.058019033,186657.64256327192,213265.159365247,212876.5288124111,189835.60625188105,220672.75842403327,1954629.473461749,182684.73367460433,247659.09723074522
2023-09-26,213304.6359948945,222498.23313899408,184463.79352690047,210931.26934263794,210781.03109442833,187555.518251697,218947.3986499904,1938688.3139461935,181459.52009510985,244020.6929373492
2023-09-27,208737.90494671307,216771.55361359497,180009.44759880562,206600.05871870957,206857.31559495672,182942.5751628431,216182.84015015623,1956377.2911859408,179598.63340732834,244118.08866885555
2023-09-28,210461.5702376875,217846.65018423676,181360.67323874982,208152.05832218437,208527.15613306122,184299.81538347615,217803.9306606378,1980298.484082249,180073.035690404,245533.3020027789
2023-09-29,208104.55668406896,215630.09365461586,179844.58597423352,206014.07151875063,206255.52919472096,182651.90374982855,215433.82183252988,1995404.527269292,179206.4897630118,244937.4426946124
2023-10-02,208808.8850848964,215177.03703899664,180402.84746801376,206454.1405602121,206918.92819015187,183118.2371807941,215937.57420250616,2043084.2480772748,178944.64215346135,244840.02887661924
2023-10-03,206699.8328164576,213364.18331428416,178746.60581047056,204543.6623962527,204821.18466982894,181515.56066498478,213937.60361981794,1990656.373169433,178344.93316519496,241562.55851413144
2023-10-04,208622.6951632207,214739.91203665273,180001.78298767027,206171.79812998447,206641.27123183437,182800.5896258091,215715.63207965676,2011162.21690835,178775.50106872813,243321.6502218951
2023-10-05,208271.86655384832,213956.3968056072,180100.47578409652,205805.9622385557,206635.93523073278,182612.8033704552,215489.66633927095,2036945.2162128177,178801.97293959773,243229.9517337359
2023-10-06,208418.9444534759,213577.32464093258,180843.6629111222,205849.5700292404,207274.6066810081,182853.2794554134,215820.17859016,2082406.2691458943,178994.1967819676,246117.7849107379
2023-10-09,208138.96097579697,213068.87197269074,180714.91863354438,205550.77371776837,207045.62118655618,182637.29508274322,215499.93915559686,2061234.6458360476,178826.11194134413,247693.44346920957
2023-10-10,209689.67864392587,214817.21932310835,181720.06582772842,207035.4397060618,208466.72952687374,183804.24585739695,217047.97302208724,2085882.2352897853,179518.24000304608,248982.68442245663
2023-10-11,209841.8804920169,215385.856966219,181720.70910071937,207236.65809501463,208566.3963416138,183934.67828568787,217303.44664225038,2129277.978290419,179678.89289292492,250002.58141403378
2023-10-12,209756.05395524,215477.00100993467,181668.34918058742,207183.9894399703,208446.2638228375,183921.59165080465,217226.23555394541,2134623.22874407,179754.51579794232,248478.46934298886
2023-10-13,210416.95460164634,216255.50597904815,182193.82300622127,207956.08180546804,208977.2294405578,184386.7892240574,217788.05171493636,2075881.890724086,180104.3624124744,247240.829136629
2023-10-16,211329.83914009557,217236.84606479254,183031.4067850437,208817.8172195917,209949.1602240365,185159.77463770815,218710.6678887214,2102503.8814540803,180543.58002116584,249842.19044894588
2023-10-17,209634.23386153314,215706.64240272986,181866.132772924,207427.50045771533,208317.0735387692,183854.19662730614,216974.7693619093,2012628.2765888488,179808.03158189962,249830.70552981747
2023-10-18,207012.30956386204,213236.07558132958,179974.26277115516,205220.86594365048,205945.5557899623,181799.7589394687,214402.6944862356,1938225.3044983267,178620.3082215244,246501.6525069293
2023-10-19,206255.3946814592,212390.96255412692,179388.90324272923,204451.82988780245,205296.28757162753,181086.56378280133,213705.74809374334,1932929.9892186024,178330.90434011893,244335.77762417783
2023-10-20,204218.65552835754,210180.5030588656,178000.46895440898,202463.2604178042,203056.02608487714,179393.2992600937,211608.54030926718,1901620.4601486488,177694.73945791982,241333.40272616758
2023-10-23,205089.882006471,210677.3551542678,178045.96987546358,203329.7440103973,203668.91732285445,179818.6248612104,212348.51388247721,1966356.354430963,177785.22757222378,240915.11654556455
2023-10-24,207136.08524445933,212483.45508658988,178996.99605217233,205243.48598921104,205551.34086459066,181070.30526111458,214340.76702713058,1998847.1272091907,178467.131926711,242731.47007058896
2023-10-25,206613.62186397877,211618.86696908917,178321.44512060058,204569.49112576697,204844.79073780327,180319.56752358036,213780.69180542542,1921766.7264109028,178209.54015198414,239247.74141244686
2023-10-26,204578.0967499408,209517.48026140803,176552.7775884634,202499.77932579367,202678.27757311767,178478.6277758575,211696.91468297798,1861925.7793246624,177614.12051569496,236382.84190072812
2023-10-27,201614.1042411514,206050.91755174586,173856.4551592933,199516.97525943266,199756.4732014472,175657.59897762566,208574.4383350442,1864800.4895236231,176348.8587922094,235311.3803352374
2023-10-30,203650.73333923708,208112.70606348355,175438.64160538063,201441.37353854332,201767.3849468978,177288.68009274954,210633.24457432702,1894627.8437922716,177112.633073974,238124.73335952937
2023-10-31,204900.29137419074,209523.83262617013,176501.0387450062,202660.7513696828,203002.21225108177,178384.72592533065,211931.5363041711,1880992.3968175498,177603.2109385362,239620.21452194394
2023-11-01,205878.97667759162,210379.10943759177,177133.33375171415,203566.15674589243,203974.4609399171,179019.8493477293,212870.74396795547,1945490.5612074295,177962.87300803507,242175.65424423397
2023-11-02,207169.74183740586,211766.90595337158,178038.5849186505,204835.432227056,205229.55030477454,179906.07082122378,214090.7833148242,1997323.0031249444,178752.37212601083,246816.8457126788
2023-11-03,207528.6257036252,212443.77124194504,178470.19056930547,205215.49600257113,205581.04225064052,180373.50070228882,214469.3892226983,2059534.4944961295,179076.88375898125,249068.649494295
2023-11-06,207918.60040649754,212928.56814881577,178834.2356996334,205581.25871116616,205962.96076490523,180771.85132547654,214864.9431935122,2090680.7740492313,179331.5311684524,249641.5932236651
2023-11-07,207851.61635413655,212777.98310072246,178757.89001229304,205481.7152086472,205893.4198352482,180734.55532296546,214799.65784751755,2098573.120867774,179305.65115689463,250352.10277176084
2023-11-08,207055.9456971805,212220.29799556936,178279.18983904278,204756.33197515417,205097.75696527405,180275.05036611337,214054.64000627017,2123072.0237222165,179087.98493014977,250535.4997480792
2023-11-09,205129.04469854926,210498.80929377332,176872.6960461198,203052.7787320184,203174.47854216982,178909.11600963323,212200.14765112623,2135039.7349430886,178436.43743415375,248581.59849081602
2023-11-10,206814.11645426453,212267.16903540987,178202.78113990035,204762.77814193972,204825.71502365245,180261.58414936293,213926.65710413587,2194220.0625277865,179232.16135602153,252460.64349130428
2023-11-13,207061.49032197086,212532.49287017272,178555.92025211843,205108.15658002655,205053.4904866707,180609.21695101913,214257.82580210775,2205656.3258838854,179381.6204664425,252220.02087069882
2023-11-14,208956.21429157833,214354.25854548448,179714.6997022623,206785.7980322254,206942.3368256734,181764.35873866215,216054.4382182741,2252471.3744360716,180148.9360509388,257113.3017923907
2023-11-15,209955.02069421826,215310.6268405902,180630.1249250381,207846.44164400583,207940.3624795462,182788.33429821813,217095.3800746239,2221586.015368673,180546.6862005398,257657.56035367
2023-11-16,206159.75477373725,212000.91974362958,176991.7026365737,203666.8525476752,204105.14736947799,179079.9652473309,212888.3585059797,2242884.4066732745,178961.83999169088,257972.73547293272
2023-11-17,206106.10978786388,211954.8413955844,176848.85104766354,203605.54795204155,204008.3334831795,178989.69831898547,212861.77146780895,2236368.7047572886,178994.61446302533,258293.60783554256
2023-11-20,206859.2907390755,212827.9581158276,177497.23308011377,204385.17248658137,204722.09178514156,179608.34090895293,213603.72661254866,2282814.40955748,179394.0066963757,260281.87341775693
2023-11-21,207492.03130723393,213499.6127504251,177992.851410757,204978.30101602004,205373.31172128947,180130.5213219524,214164.14804078304,2264490.804937924,179616.38358677295,259714.57267227353
2023-11-22,206640.74518445198,212658.29142890888,177303.94611687917,204184.20414348695,204485.55390532914,179483.7265193384,213304.7439398809,2213378.612174585,179217.8268400887,260717.32367434874
2023-11-24,207146.59490287158,213003.7691238715,177474.63590989128,204528.76235752227,205028.06380335527,179694.84653122895,213786.30501959534,2175443.171713394,179397.45358208552,260877.7146394366
2023-11-27,206923.16672019713,212834.57504548304,177506.71268734877,204445.09415950644,204792.15763112454,179649.57623500723,213570.877504014,2194510.4716035733,179347.62001227046,260407.88197140684
2023-11-28,207240.18082663513,213175.27186784302,177779.4558167869,204808.91362763627,205121.81344366662,179888.02957891804,213880.79941400915,2178388.8534389404,179517.422177781,260665.72292746152
2023-11-29,207606.5023699733,213583.36987182597,177884.5521427928,205078.62734385932,205486.4428596354,180048.2984532089,214239.2852660256,2191499.918356975,179615.36566571664,260482.38021060362
2023-11-30,208390.904748092,214220.8094772508,178511.42810735473,205909.98701487432,206402.45212860947,180671.0162646693,215018.78902762296,2136190.5060613686,180071.429582416,261508.01061850155
2023-12-01,210471.24408953567,216334.29510488483,180215.35579164838,208082.60471316142,208654.75941035565,182283.51382078702,217097.38236981598,2137450.3363147895,180983.23690444778,263055.0925278033
2023-12-04,210161.45898144372,215800.69122766796,179960.701078587,207749.34114596708,208428.977655455,182078.53669050912,216792.88172527868,2085632.0211276335,180929.70273317854,261674.20734585752
2023-12-05,210455.1995122204,216315.18291831,180152.0179023259,208044.6845137356,208634.9072980686,182252.59255136998,217063.17387392442,2129396.180259906,181080.52681232052,261622.62468545712
2023-12-06,209310.1516773214,214829.43412141214,179305.42319634717,206814.0414529484,207499.56158024463,181458.44728656585,215971.3816979705,2085630.899912795,180446.7704138594,260568.345282442
2023-12-07,209228.06757483576,214877.41267906845,179549.44247882284,206719.1860418508,207372.69239851646,181638.4480776766,215840.00674307634,2130149.818901838,180508.55749101564,262556.5746916827
2023-12-08,209984.46243794606,215495.73223630275,180120.19000119442,207181.86914607362,208103.3146971175,182218.5817350288,216467.9594415123,2167691.8554945583,180746.86830922245,263685.3704203814
2023-12-11,210107.14526068332,215363.15175146476,179772.82817039036,207146.227497281,208220.62361041873,181963.20644095933,216587.33395940103,2131827.32585909,180755.13297624554,264710.98274179257
2023-12-12,210871.67546120478,216207.26215052643,180580.59461139556,207764.43415195664,208914.20931016287,182693.4868350149,217268.63654379072,2174895.4439683896,181129.049334684,265919.97395303525
2023-12-13,213866.28245956558,218847.95844767112,182170.78901663102,210494.87958195695,212083.19582437578,184573.67318638694,220252.69162403274,2196702.0688321977,181995.2976624947,269587.0272415484
2023-12-14,215449.3446358223,220355.49709003526,183255.5039986921,211995.664490326,213683.83008080669,185619.68539613413,221823.44308044817,2208742.336339606,182679.51007033445,270452.23051138484
2023-12-15,215283.74630538755,220120.55294182207,183321.6236422093,211910.0569404941,213522.8817787238,185614.893891362,221576.22689910777,2230137.281437545,182556.3937845503,270006.9050329913
2023-12-18,216454.03828850738,221279.69706731284,184319.46198670162,213046.61191210352,214655.98616637575,186566.65917336784,222637.60735968658,2279896.3782337266,183149.0027021849,271525.75393637264
2023-12-19,217585.19298028992,222561.97567089103,185311.7164424642,214183.81810032373,215811.43002139934,187446.23091036934,223898.05949716317,2262180.567046932,183919.0439903494,273176.8874043292
2023-12-20,214095.95132291797,218941.3840443028,182676.20813349023,210922.33357896507,212359.23967713257,184859.41722347052,220379.15340233984,2196690.791879133,182045.28136556837,269391.421886629
2023-12-21,215397.3861991199,220204.4396354688,183511.77240166353,212345.83721185257,213782.38501168316,185751.99409808734,221730.3015586587,2233923.1202893835,182652.87582758555,271945.7221602496
2023-12-22,215769.66327941458,220650.0990397755,183729.97228050028,212805.727970766,214196.09958756837,185993.53133740107,222064.71156430952,2228072.9693528507,182889.42603846468,272492.27770535456
2023-12-26,216701.6413128872,221565.20367046102,184479.68677325567,213662.2879594289,215122.79304546257,186764.48488220264,223030.2088454565,2247594.2104867515,183208.11602356524,273642.8676506671
2023-12-27,217845.22405509115,222592.930457322,185208.50173155562,214780.79184386678,216301.8656902737,187603.55583252426,224125.1048748774,2254534.683776601,183606.14135164063,274137.6415840167
2023-12-28,218309.4699847889,223116.75902906572,185550.98614744493,215253.9891799263,216710.580351275,187886.6493780713,224602.33789876342,2259634.330768594,183895.3467557174,274241.1686345538
2023-12-29,218235.8393853708,222975.3294985054,185465.35262116388,215162.16018115001,216639.31125084875,187815.8537692212,224512.05766170734,2259349.797296854,183835.51002274698,273447.2803822345
2024-01-02,220369.07810538658,224925.9029460343,186924.3884556494,217174.1045192963,218779.3087440313,189371.83932842198,226628.53380448185,2206164.3871467514,184758.02226350852,271916.9284732379
2024-01-03,220530.51186014913,224984.42272556113,187032.24037682966,217376.51409055377,218962.56283169086,189529.4074746655,226831.90046607197,2181709.251008778,184719.0344528724,269696.28770840634
2024-01-04,220136.3493584021,224446.06945651985,186804.57730276824,216910.8034247298,218575.39834366512,189217.48978016747,226388.13272564844,2199237.231853611,184638.16887514468,268827.5394871539
2024-01-05,220922.00465478384,225206.58235332038,187511.11252085038,217545.92620431856,219329.36583087905,189787.36647801238,227127.03111070627,2245165.473018882,184942.90981041803,269195.78035873594
2024-01-08,222569.18133533787,226991.68042116164,188965.55460240802,218888.76145310793,220699.68105549994,190953.23526269803,228599.775462327,2376990.8668235946,185985.3599511552,273038.81516397273
2024-01-09,222277.24926555474,226849.38826595494,188796.97853819357,218609.10428856156,220165.27108678463,190701.98409231316,228243.44961891515,2412599.396073569,185969.07456199464,272624.5803564166
2024-01-10,223217.5561144589,227866.11157749192,189566.79273994954,219454.87133173706,220992.764374603,191413.01790704313,229114.43895022044,2463692.2666399623,186640.96842433442,274166.36292508116
2024-01-11,222012.48017308852,226732.20062831062,188669.44494795433,218367.03760529537,219823.5925945246,190442.52008545652,227939.05432025963,2481230.835884834,186137.9972792887,274045.5813661212
2024-01-12,222443.47642577632,227138.56757192608,188951.3956361902,218767.23453809935,219985.69650113437,190659.6877934669,228300.30835004518,2476740.9037407585,186212.3630578585,274235.4171317462
2024-01-16,221323.85605804552,225972.36147421817,187976.71591608072,217764.8555824024,219136.21765332512,189807.8581346593,227289.69658299614,2544531.3199122255,185973.74554712698,273228.65092959773
2024-01-17,219935.01917910593,224568.60980620034,186968.9525851907,216561.10583639084,217713.45245627966,188691.99926740097,225958.76627106965,2528348.633251567,185158.74387682785,271709.8562856768
2024-01-18,221131.1754678407,225532.19012702178,187697.82480008897,217531.98054551738,219062.4496000039,189488.72088547033,227142.05719673663,2572320.2659990513,185701.57837337628,274126.1204919146
2024-01-19,222830.92814209784,227455.46525598606,188699.3296338766,219080.8430932662,220464.59827505835,190535.2015252263,228742.7132590293,2671684.265333657,186349.696253187,277543.41748398007
2024-01-22,223149.98355040728,227712.4435041355,188949.90183841827,219269.0278607308,220865.83675833023,190760.2872627556,229032.51876916955,2678156.8030165927,186382.58912663057,278130.23354873835
2024-01-23,221499.16342387782,225972.23766626843,187605.08289090483,217872.02143154712,218946.70903537804,189505.11116382328,227443.77583123132,2686719.1876721177,186029.9552828985,278941.39439596736
2024-01-24,221310.62271743052,226043.2061345988,187287.69647550324,217744.6695952843,218537.7742716784,189211.04557992326,227215.79714279654,2747763.684939585,185967.63343130553,279246.332563692
2024-01-25,223116.0093672669,228239.18582964054,188669.58283794904,219812.80402996525,220388.4391650754,190677.84177331216,229160.30787272908,2761046.2137508662,186893.38493466354,280765.0910346393
2024-01-26,222880.24834745223,228092.9552096604,188763.94224478706,219633.07173682045,220394.01615190654,190751.26371958558,229031.6396747372,2737379.234218728,186960.3264329736,280408.4074281329
2024-01-29,223892.81934174342,228983.1835617526,189475.79882942562,220561.31543170224,221282.35930446498,191437.74861801087,230023.3956954736,2798118.7944956766,187610.69136450972,282629.0843659381
2024-01-30,226214.5204887595,230849.40796775123,190632.43992980986,222638.92380310845,223146.64594136676,192698.36208328087,232095.44155250862,2812111.9652251,188301.36905739113,282410.49108627497
2024-01-31,224442.66944050454,229356.46610874595,189628.8318767866,221045.13009772118,221704.92081796494,191667.76768080797,230465.07290023676,2759038.440677998,187542.51639271714,277802.27128329646
2024-02-01,226119.08604096356,230410.76612774073,190973.1829551494,222539.3346443327,223644.2268006283,192871.16991099023,232263.4429987405,2822634.9675523075,188203.8274786753,281438.23390097223
2024-02-02,226434.29495799541,230146.23711040994,191199.33448022828,223044.09271421965,224106.62114074235,193037.46615022846,232807.44567483207,2951124.273365679,188173.61818139287,284401.0174793414
2024-02-05,225860.58977880952,229389.84574702018,190509.52332964196,222551.64810433402,223405.55238879396,192342.001120059,232274.15463591734,3079791.803466174,187808.7925764582,283365.47567666805
2024-02-06,227356.98017485178,231193.5929582463,191578.54313545083,223871.68984617153,224879.05310957396,193471.86843651495,233666.48279570305,3035266.542764712,188449.54784029868,284188.17570248595
2024-02-07,227879.89663064008,231579.08459723773,191851.39259370632,224319.8773616373,225253.4071391654,193700.65553194543,234143.54898369746,3113040.1417131536,188697.797239905,286558.37362680235
2024-02-08,226926.99893033443,230414.29413805692,191084.05480664785,223408.90406101296,224425.29326819204,192956.41400970166,233213.7824523361,3093350.619072942,188222.82055641245,286684.997121004
2024-02-09,227870.73119629273,231687.16212860588,191764.10824635366,224387.85545346775,225223.59561370197,193526.0098933897,234182.45292552625,3196903.382045725,188750.8877504211,288341.86400528136
2024-02-12,229254.5929725789,232968.93323148444,192820.74856977395,225670.31898296028,226614.09918862535,194625.66384445876,235568.77685504704,3203452.4623950557,189363.99598335032,288215.29477054015
2024-02-13,227055.6649990403,230868.09171195707,191109.81675111034,223583.64607478384,224456.61355823348,192877.31028393257,233362.682333413,3195022.7017207625,188328.82938724666,284245.6907305621
2024-02-14,227924.98504473237,232079.2623135989,191729.25581895123,224515.10865810257,225173.99102088917,193326.83690668858,234202.26880723663,3269474.7279830463,188841.29377245554,286828.80277768127
2024-02-15,229915.5817049456,233691.9076516498,193073.8306869165,226349.7767727399,227079.2280751131,194740.28244319488,236129.9663760595,3221581.5683956817,189895.11944347408,288807.84425161924
2024-02-16,230005.56385087795,233780.99227244314,193180.51210496767,226318.35171760703,227318.39740955402,194881.84301304404,236207.71473655588,3219400.989431013,189820.441181787,287369.6249064654
2024-02-20,231856.03457972134,235099.3242103309,194750.89602036198,227314.24659563988,229836.29350820096,196676.90314197965,237856.0266673076,3090349.4518407756,190288.4486669604,285787.5094722003
2024-02-21,230960.42969351268,234035.01539660216,194110.97483323992,226550.54369367607,228704.36807683264,195985.0469939715,236925.8653892805,3008951.5315010236,190118.8849508677,286046.38135800353
2024-02-22,234488.72875526763,238791.15455585936,196928.619056988,230664.37194301334,231909.39280717922,198330.65043669075,240936.97352517123,3468317.2557217814,192264.71164294297,291966.2512713946
2024-02-23,235584.2339108978,239619.67007469182,197620.12087508437,231548.2965081539,233040.14710003656,199046.88598139185,241975.19954445848,3480733.408313571,192753.31920640162,292167.6262156085
2024-02-26,233628.6242662387,238790.58645364805,196776.4775110923,230611.7694578132,231188.76849677647,197843.07737657317,240388.17191465842,3491444.197696302,192535.96809531955,291097.57539608947
2024-02-27,234222.89709514185,239136.68377537368,197058.09831108205,231011.55837589284,231772.97189460153,198223.87352256538,240867.80459027598,3475727.9169888715,192637.396095915,291638.32517892634
2024-02-28,234092.15559294488,238832.5925658045,196880.79563785472,230875.9776523177,231714.3331268003,198030.09320710652,240712.7433942955,3432829.218697541,192713.8556821413,291252.9202313556
2024-02-29,233743.37659996335,238410.58123153742,196679.27366921311,230487.3014202007,231491.1363191121,197725.64312015587,240377.31469942853,3492740.0306827626,192746.10285352907,292299.9288666705
2024-03-01,234308.4151028067,239029.96065100055,197087.0547703789,231172.0184246914,232065.92035063193,198140.20338174803,241033.94683512542,3623810.797592256,192962.06792915697,295044.10107888974
2024-03-04,234689.08068128474,239342.5738607053,197195.61372250956,231511.43996131592,232249.40569748537,198357.7472327128,241452.48434030026,3746466.6192368716,193077.1320153268,294727.6960785235
2024-03-05,236319.9696046332,240935.60476275376,198287.43518845167,232940.04043413312,233769.35634327462,199528.14312355174,243029.67556768662,3778559.5911147185,193809.7996502053,291782.1489220904
2024-03-06,237293.5359430001,241888.81896083948,198902.69995219345,233863.59638246841,234622.04512503385,200211.69167799523,244028.15602849587,3892612.3859944963,194209.34238862543,293260.70113284484
2024-03-07,237570.20407561405,242239.5238132077,198844.09802444602,234124.18048918882,234771.42670682952,200367.49502356854,244358.94965604367,4056575.409968936,194156.1348560963,296171.7211859454
2024-03-08,238581.58622054354,242637.83927372022,199658.88092810553,234929.64051933266,235968.7720216271,201347.26457439427,245371.1905760065,3845397.1196387564,194343.53956613317,294394.0546562213
2024-03-11,239159.55813814755,243286.8973766664,200216.69078823755,235386.19052790562,236626.50970753064,201779.2883084028,245877.6530698359,3773768.957201181,194725.78597634472,294140.88001376524
2024-03-12,240450.21963272896,245104.59263714676,201242.3309033609,236685.74772383916,237863.54362204619,202572.78232448193,247114.9202102328,4028799.0323957293,195685.51807686465,297305.1108822955
2024-03-13,242779.9495235199,246612.73217626885,202752.6384759203,238888.74124882458,240120.6811369618,204536.26212334185,249540.16522146348,3988774.73026217,196247.47213920864,296839.07637649716
2024-03-14,240559.38763812958,244679.3052395465,200980.6702223352,236770.83782464213,237876.7405917663,202667.79518085925,247504.88368789,3865011.0055520884,195193.629669015,296252.2603117389
2024-03-15,241539.08454139702,245389.9379520645,201687.47019962774,237595.18742700858,239018.3558141734,203412.36643222597,248497.07410691553,3861521.281977358,195520.60438526486,294218.0188800372
2024-03-18,242187.484637055,246011.21736008202,202146.32041534552,238159.67534012077,239628.20160311312,203922.0405972002,249137.34375028414,3887964.9457241073,195831.06788111824,295966.5661659869
2024-03-19,243573.98756407286,247304.50676898117,203139.41934442878,239372.23862060663,241157.435465936,204901.015187046,250603.02309602592,3928378.3701450955,196297.76142912812,297611.3331905841
2024-03-20,245507.75678667883,249179.85373679473,204517.86457092874,241104.67080452573,243161.68087665862,206303.58939499292,252546.2768015686,3970835.814151448,197087.02808858972,300364.02413809387
2024-03-21,246104.46872768094,249714.2334242914,205056.40375320258,241768.7124608097,243727.9162524607,206806.9135698906,253113.85729812234,4015329.3911983077,197393.457110085,301356.6647940387
2024-03-22,245036.8906174036,248810.38721160372,204066.19283903652,240674.48655574737,242568.31953383744,205900.96935184154,252141.40300760613,4132212.7736686263,196911.29380082904,300785.3307619952
2024-03-25,244687.78643078363,248500.7200182629,203645.93155887263,240242.88784814355,242171.46336022718,205560.73404765176,251844.55308933477,4161506.8837027163,196739.00881764345,299954.31095224177
2024-03-26,243911.67045490508,247768.78184539927,203286.65899982574,239630.21505188575,241409.4633592743,205104.4205733351,251028.6377872008,4059825.027476105,196491.09692127045,299400.3218610553
2024-03-27,247442.81050567687,250899.21859595767,205784.6645637463,242752.51512108254,244898.9661761637,207784.72185148994,254490.83133288566,3968715.273129938,197968.62987890746,301916.4053880328
2024-03-28,246874.72574215446,250357.3429657143,205386.03389261555,242234.81025573914,244151.34217663988,207372.7452544687,253944.13537154128,3973130.809062886,197822.95415267505,301858.7094950885
2024-04-01,245928.65481304433,249428.77890022175,204713.62316292876,241331.7927519988,243248.88220236363,206677.07208121187,253050.21499947883,3972107.949842461,197352.08361909768,301333.5502638873
2024-04-02,244392.17438316284,247848.47650086778,203645.88555938317,239882.10159822824,241509.94635337446,205584.96280664598,251563.80789915117,3933175.2412549676,196702.91353680321,299417.6487154254
2024-04-03,243647.084866877,247223.56485099898,203027.2204990352,239150.0787458694,240928.74937040536,204941.95938152782,250841.64481483726,3911806.0066373665,195907.28113119182,299746.5153052081
2024-04-04,242658.36186169027,246333.90779419476,202104.38283249966,238186.16574998648,239955.33295341008,204014.32873610797,249753.4027975265,3785327.322539652,195752.1678483982,296087.8179736041
2024-04-05,244188.93612349677,248070.27458703617,203228.65552424526,239740.41423978718,241519.4774514806,205177.54198210314,251335.0803313647,3873810.324604676,196332.962345335,299180.96894894587
2024-04-08,243718.53896746296,247846.9868018378,202988.22630021634,239496.77115488262,241126.4438423863,204860.50407704903,250896.18274374492,3838416.459414041,196328.74478562013,299348.3412979449
2024-04-09,243329.87565051173,247327.27085470656,202677.72148442088,238988.18203122512,240698.11907433826,204519.23960166774,250408.2098890529,3764911.4544261247,196237.95523946837,299694.66134750546
2024-04-10,244713.89011863485,248668.81364501143,203287.40912991288,240075.7440212001,242026.4255730323,205320.1590666217,251683.7051086858,3832830.8619480585,196241.06169729386,296693.7514549273
2024-04-11,244823.6023432238,248908.72080570404,203644.9900142187,240064.26407659,242325.09304411284,205539.81082488992,251879.71148457663,3979988.808724796,196141.04434706966,298932.8404363116
2024-04-12,243062.28905187693,245334.70783190746,201028.14806220387,237322.8923327493,240111.45924251527,203456.74216187344,249557.63482007547,3873059.976426924,194454.12856613475,294806.6797664508
2024-04-15,241332.3727601907,243793.62436600198,199879.6389140472,235910.628572371,238440.9746574536,202250.74110776477,247910.11167069065,3782199.719307938,193978.58187855198,291113.32872610656
2024-04-16,241104.71683594925,243339.5319716787,199389.8172384622,235329.80360695743,238056.12992273812,201968.8095438587,247500.82022080943,3837999.38656549,193383.83687241335,290582.3818191241
2024-04-17,239799.9991572646,241936.2998131598,198318.54605818828,234067.84023829852,236992.5069500973,201021.67768944666,246390.48611058638,3699719.4983024234,193097.688841694,288862.6282201861
2024-04-18,240580.85399580823,242784.69523956283,198714.8789269567,234733.6296120765,237712.39209352076,201578.63168503626,247284.4081095083,3726647.3453699416,193334.19527766888,288268.23391745175
2024-04-19,240866.07103973502,242596.83077746644,199079.67245289095,235526.93756094846,238634.07118821275,201451.68498971176,247787.74886594992,3379005.658070592,193443.36821089836,285752.09613101376
2024-04-22,243570.46399035648,245320.782518882,201076.7826985881,238032.23565481123,241279.75700856853,203483.69018039017,250418.47913282612,3519603.424896881,194505.02166337293,288383.64378982724
2024-04-23,244401.65026334277,246302.32670162222,201261.58563051172,238449.7693358112,241799.85330976098,204211.83728475697,251477.7974279142,3641034.3184366203,194625.38895804534,291805.7879603595
2024-04-24,244353.51282997322,246181.4589937442,201448.43421974475,238656.93860191182,242024.21850090995,204080.50868863106,251321.79753687326,3528529.3866486996,194744.7610458528,291667.29973080626
2024-04-25,244501.7779106376,246500.39040386915,201615.8668123346,238937.88857657788,242231.64994913695,204192.97382921696,251512.25762733622,3651134.756878919,194944.0782043882,290559.2853754596
2024-04-26,244271.97381641512,246486.01175305038,201371.62261771958,238695.32512778003,242019.6961903947,203968.8456713164,251244.56893702937,3861301.8369145477,194880.23545617427,293312.01249594294
2024-04-29,244937.5827413182,247296.13529377073,201935.90680323562,239422.3750363951,242650.87841835432,204564.29821301758,251997.34490070274,3863719.02203086,195313.4666283197,294350.7556067828
2024-04-30,242756.32677625594,245222.25011215583,200324.1645905761,237469.33951759507,240494.51898307638,202962.664930351,249840.26903360445,3805269.0012182267,194333.7301839594,289687.8784406451
2024-05-01,243999.6877008608,246424.41905247985,201404.36875651992,238904.73606283256,241723.85180392762,203951.28271686588,251121.59372751685,3668980.2845975524,195120.96368597812,288747.23643429746
2024-05-02,244309.20402237034,246910.70929414948,201765.3942464575,239221.78384454775,242063.8468771957,204225.8162740719,251527.3765075237,3784428.8330947026,195454.77124957205,291447.9649051837
2024-05-03,245327.53405447415,247736.55946895992,202588.64515356926,240274.17610063692,242993.83682928997,205053.54272669627,252573.16436714446,3908106.682358049,195772.60481769187,295060.5778683795
2024-05-06,246715.21507245442,248966.49676192916,203671.23623746572,241612.475455055,244336.8263389647,206170.58438489307,253986.43630877882,4048338.7732364326,196229.35630891885,298107.62638882623
2024-05-07,247406.63525952835,249831.60420676245,204205.64324905374,242347.7075432077,245098.3130376941,206673.39493614127,254747.22528883358,3983930.9235402592,196576.99935641486,298436.6014975299
2024-05-08,248868.15153746036,251184.63650723835,205215.5162604908,243741.68863327993,246591.90507772085,207798.28900221738,256196.9090909288,3980323.0429794197,196982.68159006967,298465.4313575152
2024-05-09,250572.60877191546,253092.92076592162,206393.43369459134,245427.78624256182,248143.3478894735,209030.7140461037,257732.78467741195,3914348.7125693746,197654.31719874637,300185.1487834796
2024-05-10,250333.06175957937,252772.17433661284,206145.02005886333,245149.20709701875,247944.0204234447,208835.26468841886,257550.13447833853,3960983.721392002,197629.8682563712,300571.7836121539
2024-05-13,251054.32702829764,253648.2718445783,206687.7623668552,245848.32291331672,248610.87768835077,209314.34624546533,258245.50140438168,3983543.313555029,197950.6744166526,300612.1526507281
2024-05-14,251394.08436020967,254326.76450277894,206803.45238351013,246115.9441727184,248819.22967889896,209414.2406563848,258530.24904581104,4024680.314676073,198200.99576932285,301991.44622183405
2024-05-15,252986.71360228522,256118.98257904276,208044.75091613148,247632.03793287705,250360.32650690753,210521.29447892844,260110.92496640616,4162268.6989701143,198901.24310537023,305731.04440896783
2024-05-16,257779.49907146892,259351.13383227587,212196.1497015115,252599.76422875086,255623.1979901335,215041.47294230372,264887.6309714202,4154539.06332413,200438.11991044873,305101.92405154597
2024-05-17,259026.13081108156,260564.46795026516,213221.96082882932,253757.478647834,256976.13278643176,216145.74671473578,266044.38857770944,4078029.299680977,200803.7871801181,305540.5213568438
2024-05-20,254949.77328192606,256295.82002097293,210134.23725986556,249672.65645316133,252988.08250006032,212910.06000369956,262241.54868346493,4168278.561723726,199216.43038096034,305892.592909212
2024-05-21,258199.99143044715,259537.48561637168,212525.0075102027,252613.08977728555,256221.44905282167,215345.97479458275,265323.47982550564,4196843.754018262,200414.93544375105,306642.8203823565
2024-05-22,257838.15441099615,259140.3770615743,212362.34308682606,252371.90193236605,255985.81506724205,215199.98228615994,265072.3915432075,4178342.0438303673,200367.2758194888,305759.8380959796
2024-05-23,255964.00025018692,257163.6986854305,210822.0402596124,250257.62338536466,254014.18681997707,213729.41712173462,263207.7582954137,4541743.899831405,199985.12666457758,303526.51870388974
2024-05-24,256440.35141383353,257408.02888599387,211184.97044791357,250223.60693713563,254508.87541176513,214209.0435447616,263876.75235812884,4654830.46098141,200409.4935610589,305534.7698540362
2024-05-28,256878.09230994905,256806.1238171265,210739.19122377355,249452.15345279025,254824.26625147834,214050.10914092054,264184.283483838,4961847.131129811,200582.71282569662,305748.26274441706
2024-05-29,256412.78085114062,256389.69805856136,210339.90813128068,249054.40578549434,254299.831447727,213584.39012708777,263593.64611919713,4998612.8457927415,200378.4010097886,303607.2567810382
2024-05-30,257059.2229246599,256856.38761749872,210784.29658205234,249580.0167992027,255121.94374609148,214288.25772791734,264410.4015358199,4821747.232341405,200503.5758654949,301593.23604159727
2024-05-31,259231.64923646976,258877.75679945116,212335.90624601403,251498.94643589162,257404.25702643543,216075.48901445995,266679.13666998997,4790064.621485943,201240.23941884306,304340.19357278623
2024-06-03,259105.7932898241,259019.3747769088,212329.92070309032,251528.42815673375,257019.37919494216,215705.89551672168,266334.57829762937,5010444.132463817,201345.38246924666,304588.34017190733
2024-06-04,258956.4768890068,258807.5907106754,212163.69809729792,251591.1381215006,256998.90710536865,215420.457299666,266274.75891210034,5068946.763899986,201326.43564525526,304928.836372713
2024-06-05,258797.27031247976,258638.20731105082,211923.94483797182,251604.0401302346,256942.41598582926,215090.87719296874,266195.59266255784,5316458.812064078,201518.24343998486,308552.9342550372
2024-06-06,258337.64350857236,258074.31218680594,211645.91057444928,251184.0469133004,256381.09499234366,214704.1869649263,265526.32048571267,5256462.153766336,201420.14967634573,308547.2189252032
2024-06-07,257690.61073565815,257258.49279580652,211408.0824924005,250735.65519414778,255934.2550337715,214226.59834809665,265215.06420640415,5251011.650379371,201159.55554994193,308172.0690156573
2024-06-10,258989.43255504454,258658.37893317555,212223.25837293454,251846.07715343064,256955.08848426474,215156.59715586324,266246.9076540532,5290639.679990912,201705.09575198966,309124.25020059384
2024-06-11,256454.16720136968,256093.27694812944,210343.5357068223,249545.56706195703,255596.46081887936,213503.5778995584,264098.28549555794,5248107.5789790815,200518.8723506568,309868.7623439044
2024-06-12,255915.78204296256,255738.00413630382,209751.90205749247,249028.03860903298,255331.33425470497,213126.31356566824,263900.78073824896,5423335.6874914365,200305.41255857918,312413.7119038409
2024-06-13,257135.92211305996,256992.7331335567,210537.77170617078,250162.2740280195,256645.96631241794,214011.53100339993,265337.0367994446,5607970.753154378,200875.3167568994,313042.7237423419
2024-06-14,257578.30600751145,257633.2296672747,210835.76313809078,250620.10138455482,257084.2440707869,214302.44159601498,265819.66906900593,5702154.030022578,201050.93053344666,313233.17444851866
2024-06-17,257532.65337137994,257453.45560846018,210843.29647067646,250530.98134796222,256993.10662461273,214289.46925925463,265710.66161815956,5665127.891469471,201068.22353749635,315726.17961831845
2024-06-18,257807.55191887225,258319.87048130325,211058.98815794237,250855.78598020892,257159.01902105001,214418.15346517198,266041.8777253592,5854650.09154367,201190.80625948426,316528.2791356524
2024-06-20,258983.71423173128,258508.99858647422,211969.98662923998,251785.83533338975,258388.97647481173,215419.75329468065,267032.16176172707,5659488.655714486,201537.87823415693,315668.4837253741
2024-06-21,258371.91075826678,257491.02146654663,211436.40668987003,251260.34592231488,257876.75437641685,214957.1964677709,266436.2585345195,5484741.954547159,201199.46705991647,315245.2237608966
2024-06-24,258082.17181304726,257968.5962845615,211406.43272487487,251082.7799514633,257727.4848961113,215008.79159051753,265977.2551274129,5137592.531170164,201789.06636948982,314220.4795908526
2024-06-25,258135.828980507,257162.41007683898,211174.59391949192,250866.20133758616,257600.63948983612,214699.89050292195,266051.25039238716,5464973.320370272,200931.40504004038,315430.5740777911
2024-06-26,258052.93464677493,257081.54774371386,211152.1973210213,250772.66118009863,257510.42042944737,214662.9234324738,265978.36284707795,5478555.867704023,201266.9841268232,315824.244549837
2024-06-27,257770.15587650068,256918.81153606466,210930.0261903894,250412.01912647655,257233.65821554867,214462.04115521946,265554.73990900046,5379268.003050886,201063.7196247419,316322.0570129718
2024-06-28,257651.99535308173,256384.0686308068,210688.11187328855,250213.80311384928,257017.8790544824,214290.9482324264,265447.1250495427,5359093.895598904,200917.33826374233,315077.38116324035
2024-07-01,258732.78367517484,257110.26069207228,211350.7499642857,251249.15782595257,258033.6347897045,214969.1517053141,266524.24922216835,5390884.3227490205,201130.4842680911,315725.8178885821
2024-07-02,259791.17977237492,257612.1676926436,211804.36915457403,252554.7063385307,259071.2251024705,215307.87982980753,267532.20344648586,5325774.106678624,201638.49068286616,317850.5821867999
2024-07-03,261031.9909420424,258923.65467754533,212722.85100420812,253515.12038173317,260108.0297150255,216170.72626274917,268643.51264070405,5559269.338203902,202050.22966265056,319268.99682888977
2024-07-05,259965.2642094929,258328.50238574558,212168.09796498303,252542.1832590992,259280.96025518817,215704.5248015931,267706.9158914397,5458684.405366157,202302.9953315814,321110.0564949054
2024-07-08,259409.54990714282,257849.92828196968,211554.3505982402,251847.51961592608,258358.88511074413,215189.3552465019,267087.97119082377,5556400.998686847,202059.3377374974,321480.64860977355
2024-07-09,261668.02874152316,260111.00651953858,213278.690969734,254019.24659223706,260675.09433649218,216856.5695361134,269411.8479271755,5689637.743582468,202874.57844447755,321793.2554479083
2024-07-10,264607.3229965786,262834.05051238387,215747.65561644975,256927.40605144372,264207.75207704597,219005.68397390802,272487.25576092646,5837583.19357993,203961.98200889252,324977.52614383114
2024-07-11,263926.57604689384,261913.187721036,215385.7089237767,256190.71188396332,263531.4555120695,218705.17628050767,271614.88597268984,5527874.4967686515,203695.96951053437,322175.31439541804
2024-07-12,263917.7582250455,261715.74454310196,215533.49478496247,256205.73813763246,263956.0161386728,218589.5464343611,271671.08331884193,5603791.2770304615,203653.22669116943,324207.47588113585
2024-07-15,260908.42659868835,260542.5837063523,213820.2648127328,254843.63511886966,260847.6353771986,216923.83272942776,269231.78193657263,5568166.5815205695,203144.93292033498,325099.0673352374
2024-07-16,262830.4518185155,262322.3029121703,215262.50496396172,256642.07032908517,262960.2742575312,218418.21891753835,271217.22466369934,5485226.508624231,204059.33595663027,327026.94213797175
2024-07-17,264567.9550313246,263956.4012588812,216638.78481096975,258407.52515335125,265112.0750189445,220038.9308563143,272850.9155929646,5141471.498888756,205296.04668436619,322441.65600027645
2024-07-18,264253.49696002045,262863.88918741944,215913.6667937662,257283.4825966283,264430.718707078,219421.10695432866,272062.3087914246,5267157.672611141,204618.58015235246,319963.6987875079
2024-07-19,263646.24636912334,262206.2216933501,215405.08804843668,256692.60089301673,263848.4501356788,218984.89576961094,271480.0948204967,5136359.229879141,204321.23241362566,317838.97066226375
2024-07-22,264454.07386352314,263061.74435172457,216061.5096355409,257485.37179538497,264530.0733268404,219473.41209772663,272118.7025243087,5369197.723983395,204635.26885219873,321115.88034366025
2024-07-23,264486.8069530934,262923.8798643067,215936.8191703183,257423.09536237424,264674.79633233557,219475.41074225516,272226.55948683084,5328902.54345341,204342.26830001903,320612.17168582336
2024-07-24,263730.76491295506,262378.18766251905,215647.9362295089,256585.6437170955,263596.5552075131,219072.5327633238,271567.1008233825,4987077.558459159,204819.8304800773,313346.28733706847
2024-07-25,262690.25804924814,261066.47814412118,214872.11041897646,255591.4746373846,262691.7451173311,218216.64366391185,270484.6181855523,4904031.522012768,204743.17155551066,311713.6563451251
2024-07-26,264141.2644512556,262284.6586064816,216142.36072169253,256968.57319271247,264148.1181444587,219216.31939540873,271808.3829152314,4938642.224870924,205158.60822919,315204.71003042784
2024-07-29,263101.63935846946,261312.5311131444,215389.94773107528,256028.901711267,263051.8292524259,218479.61540511585,270737.5341242132,4876641.067242776,204655.61360667282,315389.9880013751
2024-07-30,262786.03656423773,260417.3826175242,216052.22930527874,255919.03672806677,262966.93948063964,218700.6789408049,271354.9696796308,4553408.857798083,204872.3709671991,313792.0830641192
2024-07-31,264435.17116855516,262688.0907979731,215917.74900773293,257092.50518128555,264286.447952396,219266.16996879145,272033.0714894184,5103155.049023131,204926.49834886033,318892.6893841876
2024-08-01,262514.49693106563,260922.14534166982,215079.678909584,255603.18529889095,262270.35837841255,218336.76087986902,270135.84048197744,4781486.932767971,205151.5151871721,314376.81918289367
2024-08-02,258238.64327323544,257150.95071090083,211341.84552352814,251495.50654759543,257671.55631562724,215057.7354974864,265366.46865452704,4697977.456697964,204393.54634766938,308523.67031936825
2024-08-05,252029.69120519044,252124.89219474333,207878.43829614628,245758.02593306024,251566.92703472203,211330.1098405336,259624.4421195501,4410057.738453238,202655.83915534304,299538.33984195127
2024-08-06,253888.78069347795,253760.77928751585,209418.4276791049,247212.92422867846,253474.14639887726,212823.52036855486,261338.48946653228,4569457.852317735,202881.22138588657,302299.9112544879
2024-08-07,253346.0366036746,252666.8772033236,208878.05072520563,246159.47397049368,252808.3346144653,212149.32905684103,260525.2792751111,4348307.12366106,202523.46389516545,300279.3251203326
2024-08-08,255146.7740364087,254636.8489905962,210401.38979842112,248060.02983446987,254724.9475923371,213736.81021175222,262429.1699180729,4601606.032644584,203235.96607593936,307221.04536587704
2024-08-09,255904.4266597457,255025.60414094463,211031.41716657876,248835.9202708893,255534.0707843133,214360.3018302254,263218.7505482099,4593499.427325669,203434.40377884463,308575.7232284259
2024-08-12,256888.03728025238,256008.76203021043,211668.22474393318,249946.00411650786,256595.40408271327,215142.86264793033,264272.74956587004,4770962.381376028,203760.621921978,308737.88666922174
2024-08-13,257234.629297462,256647.16275724862,211425.25145627285,250126.7916455294,256936.40505163986,215161.18030579708,264372.878898187,5066050.276473457,203729.1369350357,313815.2337672442
2024-08-14,258292.03248400605,257662.39555252675,212282.21721941567,251176.40267152977,258031.1979138556,216034.49771411897,265432.1016745392,5147677.002657503,204119.3165975685,314805.25188260066
2024-08-15,263515.9683473045,261970.4456254865,216892.93237111118,256332.80274393648,263458.0094320988,220650.50665603863,270900.1295653236,5349480.083549986,206050.5481477547,320201.06584048644
2024-08-16,264793.2650467503,263178.20999052224,217951.7064563722,257582.7763663617,264744.69997602166,221652.66468144386,272231.30084186397,5423275.277480019,206562.81663373185,320919.02702115045
2024-08-19,265796.2369192091,264294.98994394223,218598.62189561277,258538.86832001465,265807.498013501,222345.8139352544,273243.81333044765,5649261.197494963,207052.0521239404,323987.43568252743
2024-08-20,265901.59407026484,264224.07348967355,218716.3078420314,258621.1441775468,265809.82904270274,222425.65598078817,273312.4178560954,5535526.280588171,207047.74489617627,323460.57632156555
2024-08-21,266806.3618947078,265063.50902391155,219398.4118770957,259469.82533213776,266689.51866776566,223105.67421427887,274207.8555070521,5588837.6357112825,207499.15141400386,324572.1718013018
2024-08-22,266675.5125562243,264762.8694293659,219439.55781722913,259356.32543687025,266498.539402249,223074.61888839668,274033.19427772873,5392506.604853357,207503.42336527648,322024.7986521319
2024-08-23,267880.8857081117,266083.0635485489,220280.0099255817,260486.08962312122,267774.5393588173,223953.93381295944,275265.2502261492,5627484.162628132,208165.19388210692,325446.4002280597
2024-08-26,268445.17064652365,266619.70452352805,220681.2878848472,261086.31095115974,268348.43749232235,224355.93603097723,275803.7198003131,5508740.8219656935,208462.26886491224,324670.63463553035
2024-08-27,268135.1740877413,266359.809330641,220470.79433334438,260765.42369086324,268050.4417136836,224123.7964374071,275477.5791194738,5584315.20087106,208311.54855248705,325116.3941896075
2024-08-28,268151.6006346062,266402.89193111623,220523.05329643632,260833.80646423966,268064.9544647114,224140.09915847634,275484.6920163609,5473453.074496606,208364.38638751282,323229.0692903155
2024-08-29,268273.6208065346,266553.83461577765,220676.63752351972,261035.68208619734,268139.18621033477,224216.14694338193,275532.29911859793,5142857.060681294,208404.30756847822,323257.97149624815
2024-08-30,270014.85865813715,268280.88308367255,221971.89540717495,262701.34909958666,269867.45687996486,225514.92087984364,277255.28126695025,5219672.03629418,209248.1740467276,326343.77935794246
2024-09-03,268796.00549997116,266540.9086124352,221030.35722575322,261451.2017009928,268724.8649310667,224592.51601088484,276057.46217208006,4746904.922756631,208492.62693458688,319627.94124624814
2024-09-04,269339.6077179577,266990.6812744468,221385.34890664392,262049.50813835487,269224.2048456395,225065.15705023566,276617.95525773836,4673628.660359371,208674.53966239525,318973.7168451251
2024-09-05,267246.10953202326,265060.87136331934,219723.77533916623,260035.14958958077,267141.7883801196,223384.46541569056,274557.0572755623,4712751.123350095,207748.2720179159,318197.9150796222
2024-09-06,265115.23921171145,262615.8003280722,217984.30532274465,257936.51688222904,265082.8984145178,221756.47187077283,272523.4466606895,4528535.2218286,206639.05976658687,312842.61485220515
2024-09-09,268588.7473311267,266162.4529308522,220627.83482620172,261339.3882888149,268624.5368999871,224375.71660046623,275937.6863157173,4683335.701796836,208107.55926777056,316345.2438890704
2024-09-10,267201.9011134886,265717.63350991043,219226.10557341826,261609.09904044966,269234.2470308914,223276.78537170013,276038.2181148528,4748591.636634971,207769.8608586557,317723.18097366515
2024-09-11,265755.6346980507,265749.96880133025,218516.09134758884,261575.7901838245,267113.06502231874,222604.77350643114,274561.10204065626,5114404.80264183,208057.40415539185,320982.69145474426
2024-09-12,265957.32335603074,266109.8724008949,218564.46692762832,261910.8195702994,267474.72927298973,222764.74617996285,274995.6474808641,5207541.444959541,208171.32399589784,323686.44036892883
2024-09-13,266783.36154512817,267261.061925667,219122.89267003752,263411.1855560436,268920.90840910835,223459.20058459527,276329.99357932556,5207094.553702413,208583.3956090326,325376.94811868464
2024-09-16,267702.6068518438,267883.9731541252,219907.72126168455,264178.2202396284,269978.1605203623,224194.58311922554,277188.096368297,5112873.0020984765,208862.83842363744,325857.46990042296
2024-09-17,266178.1443458489,266248.00139000535,219163.45294568082,263113.60770230915,268946.05382630153,223327.60734672315,275767.6315702555,5062868.7777347155,207936.69047239536,325990.65878933895
2024-09-18,265223.10477735277,265339.2627759353,218312.14299622722,262039.57011512906,267766.09152075363,222511.49932864113,274756.41797725856,4969726.366732255,207606.05200214544,325023.86372305476
2024-09-19,262086.4484807739,262199.37291489216,216308.657946104,259006.37950572098,264786.6245872921,220288.67322180158,271661.4682530515,5154140.5105362,206465.8578320496,330570.157251253
2024-09-20,263096.65034740994,263305.38373299706,216889.36456499054,259903.82094214731,265448.24137536524,220995.9933953885,272684.3840635866,5078147.406172078,207000.79674463352,329998.7327867755
2024-09-23,264797.12923303095,265279.19898360997,218192.65508868676,262070.72307994854,267380.2753952448,222419.69884198788,274762.06500915403,5091884.839798321,207879.99968466136,330823.3318937091
2024-09-24,264653.9970149557,265088.0802002798,218103.00548830917,261839.81357408053,267101.0687246074,222351.67622853286,274520.4407133605,5282437.403806706,207968.73772273053,331769.94244070613
2024-09-25,263954.52632478316,264624.8264091845,217822.03441006402,261481.24939884903,266421.394809378,222101.85505900593,274034.6436768861,5391520.097861295,207957.6045333323,331038.1631841143
2024-09-26,262770.9443679914,263242.5802625338,216844.04681192915,259976.7699708621,265057.6748085643,221056.56181251086,272535.3744793168,5411107.519051294,207293.1179943011,332350.66335940734
2024-09-27,263295.9527033611,263945.1419357173,217336.33924975683,260714.87768084445,265755.1849747299,221533.77300337632,273261.0638976252,5303055.970852597,207468.67411419857,331868.62231277645
2024-09-30,263654.8642041705,264482.82894618565,217536.13966336302,261196.1527942554,266148.1938178372,221800.71286157466,273634.45310279896,5305844.093194864,207858.43323120807,333198.55786136043
2024-10-01,263771.4424700424,265085.88607822626,218101.29384881468,261671.92576862723,266384.421384743,222209.3966317866,273923.5056971659,5121594.798596595,207691.18573501206,330213.56407718075
2024-10-02,263476.49807955883,264504.8141778101,217626.61357070156,261183.44461019634,266020.94989096385,221790.1409646371,273621.2714264792,5197510.276268824,207495.64895716094,330352.9747175616
2024-10-03,263113.1906648505,264088.94312668,217086.90134036687,260743.73958416603,265539.27073846664,221396.27466042098,273179.76164227305,5361683.372398992,207305.48295733647,329748.9945768145
2024-10-04,262157.27233964787,263250.88635635603,216233.0695321708,259853.34557425053,264488.4869592086,220674.33279755438,272081.5073989451,5449648.590504811,207677.19438481447,332745.5275395831
2024-10-07,258854.88111543554,259326.5762767018,213400.90091261323,256584.40994372164,260844.4664599013,217562.9129973515,268799.2315221342,5560242.256670447,206545.02373594968,329737.3830522784
2024-10-08,260192.28842717246,260706.32249897727,214232.28261574294,257801.8733273706,262077.47307801474,218500.94287107192,270106.89575563784,5774927.5820958875,207113.20154496457,332855.8912821368
2024-10-09,261337.99325359374,261765.42462868732,215169.41595444648,259026.78883600203,263265.4568437221,219394.17616055376,271370.5855900125,5767024.828648495,207635.78408530727,335161.33958365046
2024-10-10,261063.4346042139,261528.83344117785,214942.97052214053,258607.42666495423,262958.579945912,219089.75763433953,270968.1777159465,5855827.618442661,207574.2796031654,334574.8309891681
2024-10-11,263260.1028971098,263538.2396619777,216479.12384299602,260605.50280472133,265211.0141373413,220598.79946110156,273128.12757685105,5860943.828746638,208678.26095863798,336578.3796527423
2024-10-14,264194.3187989694,264526.0334938838,217102.44184550433,261484.51948560827,266147.90517180145,221201.58846935112,274085.51952056494,5997163.429650338,209094.13226288714,339330.9620813311
2024-10-15,266653.69555920793,267038.06543627835,218875.03963440895,263929.6302079111,268721.47603534296,223120.206488565,276484.6174856008,5731404.356534969,209901.27405142854,336694.5310710772
2024-10-16,267672.31602536316,267917.9028205417,219717.04458556994,264816.11484320764,269717.41130294325,223800.35145089828,277552.25611926155,5903690.017600303,210485.14012244984,338157.9448923663
2024-10-17,267544.74713678844,267545.08873367327,219518.21720984424,264621.8671211973,269530.51889570395,223620.57108069764,277383.8585907998,5953282.766143056,210461.75633520086,338186.9556172198
2024-10-18,268807.23665788927,268780.898097759,220453.32658206223,265835.47145864926,270810.35577986005,224560.00683628605,278660.66797304497,5999072.216796455,211021.2410073551,339487.808095003
2024-10-21,267299.28305970394,267426.4131735392,219534.7819841595,264567.6223403473,269141.542384818,223572.80635638736,277328.1729448339,6233088.240262508,210362.4519749153,338930.3102253741
2024-10-22,268615.7252884599,268883.14170732495,220508.01358203133,265957.4080162906,270465.57231554424,224711.3593312109,278814.83617779025,6229461.02231299,210910.4783376602,338750.24116263
2024-10-23,270849.9540701967,271076.2064676386,222033.1974340828,268044.083522754,272872.56696241396,226386.6710214071,281049.413947601,6065228.546867079,211878.37129955596,335655.0283277911
2024-10-24,268885.36930180504,269323.4036600922,220710.83295796168,266372.79788986477,270740.33201368613,225097.45485099187,279247.68443656585,6098261.648881571,210944.09615622633,336380.91138968075
2024-10-25,266135.1626593192,266755.77299021493,218914.45714151356,263972.81197270437,267853.7870136279,223297.47192120366,276669.01817310986,6141430.555530168,209593.71261870879,336264.72379837214
2024-10-28,266409.0261281786,267168.4914248676,219257.18348770388,264241.4611458937,268114.4011387123,223674.42392475862,276822.0218284918,6102328.117755062,210167.563308688,337304.29888760555
2024-10-29,265109.9008063705,265566.0406071696,217901.00538965166,262711.04586961697,266738.8592014563,222311.24931580722,275628.06562360213,6126988.324059065,209124.05110977136,337850.1490597247
2024-10-30,264438.6691058679,264947.4110280323,217488.1529026961,262028.74385565892,266050.3846827358,221890.43555149753,274935.60345718096,6047979.7727454435,209005.38229826852,336828.04551675596
2024-10-31,261937.10033600713,262830.79607262777,215722.11466994137,260102.28124509528,263526.3305736017,220446.17261317038,272064.7372612542,5775006.974544524,208490.29126847803,330225.21177469054
2024-11-01,263039.6061971529,263788.12339803565,216169.51998482557,261047.25996639338,264556.12059464713,221046.4233028708,273170.5361412121,5883157.52447681,208526.87517384381,331618.88410281553
2024-11-04,262508.24496971385,263435.77388911444,215737.01704538305,260616.3174705617,264019.52958827396,220641.50766751962,272712.45250324777,5909458.564748,208145.21435035518,330904.612565462
2024-11-05,264673.9539115437,265882.4125471312,217293.55453598086,262808.0671763854,266211.24647698307,222367.59239796392,274950.30818728596,6071300.456880141,208973.99671914335,334905.8136979083
2024-11-06,269929.64598035824,270667.483100511,220009.88152819645,266679.0920484689,271074.71207232407,225527.04548872737,279925.091304407,6313734.659073831,211134.29595879256,343233.4471687335
2024-11-07,268378.3904448726,269728.78956039,219023.26256298987,265764.4050089788,269589.58003089484,224616.34297356816,278583.35847170546,6444738.520958928,210330.99959741635,345887.38589822565
2024-11-08,268849.1885678859,270444.7912538696,219563.52727919133,266307.18563405867,270057.2704278018,225221.15129155334,279045.1351056125,6396030.735023397,210590.14834069562,347385.74281204405
2024-11-11,267929.6292089437,269504.3006014341,218684.01462174888,265361.69093611726,269072.6971907422,224440.20091315894,278079.7817067614,6297248.734901383,210303.1507985078,347716.7616937579
2024-11-12,269173.58076414414,270152.4651820934,219755.87276495536,266443.42527595104,270344.62434605684,225411.06683101528,279331.6300542333,6421257.745711444,210218.00290429927,346636.6005281085
2024-11-13,269923.3799635255,270865.69438948005,220461.9693494804,267235.9580538668,271047.7565379861,225923.44068816217,280045.3724753018,6338885.4884603275,210443.84562843028,346804.9857203692
2024-11-14,268495.632847123,269634.6739372687,219169.10219382402,265836.18726082303,269667.1028439506,224946.1803551498,278623.7900686099,6359249.743168017,210053.90314300853,344574.9942418536
2024-11-15,268258.5456901894,269779.549280087,219005.3157568178,265769.61528191075,269366.25266159524,224700.5212748751,278338.71991655085,6164218.901303109,210285.24213748486,340161.42120999325
2024-11-18,268264.2816562542,269748.96098959155,218946.87658284977,265810.11764916714,268995.7023543314,224580.3289183855,278224.6695064022,6088439.052602862,210380.79755249587,341555.23823001276
2024-11-19,271034.532464292,272712.24176583113,222060.33347789297,268287.2065804231,272364.00681782316,227599.3565931234,280915.45493944234,6373940.844153992,211147.14605421858,342803.7484149493
2024-11-20,271097.7948269583,272814.37901953916,222383.77115990384,268421.882854685,272638.07373185037,227843.32838123082,281014.09406665526,6326934.354761328,211163.07777914612,342919.89983328426
2024-11-21,273285.13684298855,275001.9350341454,224284.09210654823,270597.3571894035,275045.9106601357,229630.1430914898,283270.297649719,6362990.95121109,212155.6209554202,344760.7786344317
2024-11-22,274894.2256428131,276323.77291718975,226077.65768903345,272403.534707717,277477.06032570277,231036.54327332866,285093.3948004928,6170059.636845801,212446.65075407363,345829.36444851867
2024-11-25,273894.5902368727,275318.8659739478,225288.4239498414,271562.51380165236,276587.3282304232,230183.69152585353,284015.9699373731,5925308.408730397,212133.55910619584,347002.4178104571
2024-11-26,275419.35641471285,277002.3189052754,226479.4220279171,272979.32058474014,278031.635212136,231352.85644237534,285510.9152229729,5964785.519860551,212727.13618496474,348814.2858867511
2024-11-27,276078.1459099546,277677.3206436493,227073.54377751728,273637.14435863344,278761.72026213433,231858.8661420769,286103.0437756482,5901013.889306784,213050.2795341278,347757.3115972003
2024-11-29,276801.0349155328,278424.3667879329,227577.99277981248,274291.52767653647,279401.51026673143,232415.48752649088,286861.4907922732,6022012.8627146175,213310.91526478805,349917.67010147276
2024-12-02,275521.96628423285,277489.0822444199,226670.0998674742,273092.18830064137,277926.6768463958,231475.8715941269,285573.26439465175,6034791.7497294955,212956.72948358767,350544.8371183185
2024-12-03,275626.3220051911,278071.8017644199,226926.4235225427,273278.1177424792,277876.43710359227,231590.68341229964,285699.92444606626,6101027.748467478,212722.01956905902,350707.47080777155
2024-12-04,276340.30538443755,279573.44401660666,227670.39994548788,274080.4902490586,278367.7874805985,232203.36619089614,286491.14425325993,6302215.03065491,212860.13764225238,352885.1923393878
2024-12-05,277294.56705391937,280518.34353795985,228420.27282639188,275007.81810067024,279335.90769781976,232889.5898767793,287423.53429591213,6301125.238424394,213037.61487780613,352304.435247713
2024-12-06,276851.8129390155,279907.14400201896,228135.96123804446,274576.646905231,278870.68063041026,232564.14848602057,286920.744535112,6192818.3020061115,212811.27030819477,352972.2968598956
2024-12-09,273692.399037026,276288.6897179007,225891.53445009096,271555.2475314131,275700.8975685488,230121.46537543135,283910.29003466794,6039012.391869404,211652.73723986413,351154.6411078204
2024-12-10,273013.40613599063,275656.7967840334,225206.06800432,270775.77425679035,275001.2257829434,229487.80816685158,282866.4160105684,5883768.64833271,211326.99949034175,350062.86841763486
2024-12-11,274055.4486315938,276706.5715607239,225674.9519334509,271779.48229136824,276009.1341925115,230059.51338200987,284033.5549410228,6059108.967136266,211400.9655256216,352769.07709402643
2024-12-12,272065.12969384267,274675.65810059186,224234.64283471662,269857.4728649334,273968.66576136777,228560.78635936737,282041.846746677,5975137.941343238,210653.59551459865,350951.348996004
2024-12-13,271366.1913769343,274062.0479528225,223898.85857367428,269286.6493585337,273355.82486175466,228084.89835079163,281132.09170937934,5847352.017575768,210469.40886191462,350881.6798487872
2024-12-16,269348.6244080012,272238.3429186385,222461.97559577515,267329.56018738396,271166.9010564644,226697.7318364271,279103.94709249685,5753085.673575101,209684.98289686863,352379.892070711
2024-12-17,270273.52739733295,273092.3386210179,222715.80580117967,268222.2429900827,271934.98848598154,227205.88780511165,280008.39668173215,5686534.503761523,209940.18107218755,350928.1259469317
2024-12-18,265088.1842692621,268688.8983004891,218584.09354811994,263364.24330756103,266774.0983595011,223160.12938220525,274909.0759134013,5618187.873452898,207935.77264823124,340469.2532156085
2024-12-19,264084.46813886147,268162.18688955647,218243.00309621968,262438.1671496652,265549.2585013288,222627.8072970198,273958.328469943,5691399.602231067,207734.7841394544,340364.60480288876
2024-12-20,266382.91140744986,270165.65483889834,220399.7450963132,264668.9240181804,268253.57083940523,224440.7774682953,276263.1540577135,5860845.705076357,208819.4767410123,344452.80193692195
2024-12-23,266889.36144494405,270911.9084942305,220539.69399011057,265431.0550496519,268910.73427491373,224582.17662841914,276943.15586916596,6066300.945102729,209183.78071634303,346515.4934123858
2024-12-24,268812.3517375052,273228.627569328,222167.33886751643,267132.7709613609,270685.8108206283,226237.5970554282,278773.45615359896,6093263.604733485,210210.66715401848,350367.01077993953
2024-12-26,268558.2636186947,272994.7240399151,222002.2648892555,266860.3222286026,270393.2457479487,226069.6086222552,278488.6084212881,6081111.037256284,210099.64997001275,350390.3423479327
2024-12-27,266777.69674521417,271195.9056325595,220675.99169689207,265178.78745554615,268648.4313259359,224734.60868433648,276717.87500984647,5958054.866576473,209350.29669049388,346702.00126443664
2024-12-30,265280.3799788432,269564.2331412597,219242.92359226974,263560.36285074754,267156.0192812267,223418.33738741,275244.87510370143,5975442.804166539,208629.29955253273,342745.54610037414
2024-12-31,265007.4430135382,269308.02159654273,219183.99278901066,263455.3775245003,266951.1459329742,223279.74764526106,274955.62208710803,5843209.9592182515,208595.31817340065,341498.5551803302
2025-01-02,265559.96086250833,269717.193131578,219439.08506320705,263886.146713066,267534.7247245027,223583.57432729882,275551.6771405792,6009213.998438683,208706.24164678395,340659.5592298907
2025-01-03,268068.26198792434,272203.9229828185,221154.63077801335,266163.5258995845,270047.8878649113,225378.61367708902,278103.0783930362,6266673.003565192,209580.24541413854,344918.963048128
2025-01-06,268313.13860180415,272465.2860351705,221256.81852676338,266313.11076396715,270330.9124839277,225559.9344107444,278442.9813481919,6471187.02972382,209608.45621797605,346905.87214383116
2025-01-07,267713.9770214967,271620.58940423594,221180.9441058673,265803.0169782699,269715.5650555433,225486.562697188,277707.797118682,6086941.395132516,209254.35896502424,342984.4324182452
2025-01-08,266575.0918915811,270995.8856527299,220090.22065088013,264676.79570708505,268496.1026334817,224402.8639036824,276681.0824212254,6085751.553144013,208830.41431876947,343485.53662198054
2025-01-10,263471.7550053369,267978.81911912,218299.4887526684,261663.83529527587,265420.01716380694,222514.4508444889,273696.7087770597,5908298.3750216765,207457.77385575068,338241.3959425372
2025-01-13,262657.9277548684,267788.629423752,218182.58142281836,260734.09796836233,264191.2950713012,222261.19187927153,272611.1601551516,5798146.616783843,207367.10717751423,338765.8317142657
2025-01-14,262654.3951450891,268036.6505635724,218701.06079451228,260476.17261168564,263731.53728268086,222602.4380080446,272286.2201555161,5739106.534800447,207507.15828448598,339231.95665249816
2025-01-15,264737.0157507334,270370.4312507472,220450.61413132324,262318.92211190565,265601.50000651425,224305.03639544197,274197.19353597343,5928423.693371311,208339.3182253742,345402.5595326251
2025-01-16,266057.7873478603,271669.8787716953,221966.6104625591,263428.4707814205,266543.3122801205,225690.23486134922,275241.7832897033,5821399.742237117,208905.39638952672,344738.31521780574
2025-01-17,267526.1935815356,273383.0495498325,222922.9053586802,264743.72226556623,268053.22605178214,226644.3262113256,276775.6485475203,5994620.465133552,209418.7088125408,348199.45385391416
2025-01-21,269558.632864157,275464.1881021446,224251.6832350377,266708.18250309944,270185.82632955106,228017.7558750982,278885.8587791817,6126758.344432448,210249.92212695605,351386.72690664855
2025-01-22,268376.29405223415,274943.5305521163,223260.0870651783,265803.87800028827,269106.022062682,227014.2586432593,277867.35582346434,6382101.049074245,209964.09699643846,353362.02447781555
2025-01-23,269969.80271367886,276408.4538066519,224424.41816455498,267276.9977557858,270730.88301557116,228207.66582502215,279471.00848232064,6391186.863359985,210609.40022634645,355290.6589129962
2025-01-24,271599.79416822974,277527.95192255324,225927.25893644826,268753.57641524373,272289.44038341334,229762.43597623095,280779.32730145234,6204640.256655092,211039.9811007704,354253.54358596983
2025-01-27,273270.5766741015,278230.1748527436,227419.6738761872,270324.2546191007,274170.8216794774,231156.3975719264,282126.91809977207,5208048.009085979,211377.5333400413,349242.429202669
2025-01-28,271766.3119073947,277066.2729564337,226437.8398000729,269115.06018565584,272522.78188461065,229945.20498195215,280856.85571459605,5642231.282029965,211077.31999446556,352243.2667492999
2025-01-29,271704.69255371584,276993.3859412671,226376.95026359847,269043.38583186356,272513.99532255915,229929.72161513468,280731.406946933,5423723.591255137,210992.07440123285,350664.1355853595
2025-01-30,273274.989800577,278764.37628822203,227643.60384908086,270658.70008982514,274082.15352921974,231153.36795422406,282303.7422515811,5465561.581220683,211788.18206218333,352546.2515764483
2025-01-31,272474.32955628587,277799.547882276,226919.8156614593,269769.866666599,273334.4448329724,230533.5807470846,281457.2691318587,5275227.594840351,211290.22763778298,350670.0317800616
2025-02-03,271969.1463602785,277717.066164383,226928.27100896696,269701.4790085109,272420.1451480158,230442.49575755134,280312.3546943668,5134473.14004085,211150.9951318395,348310.14315323054
2025-02-04,271959.0629084624,278264.388629669,227488.72823239787,270160.67732039106,272104.8780900825,231008.0506693152,279988.5729752647,5217672.505885139,211509.49869765068,350646.7363850421
2025-02-05,273000.8035084352,279840.87698614714,228684.37281271155,271459.58386268135,272812.9439807279,232225.0770053613,280542.4451502569,5475619.506784372,212185.39253700234,352068.4427677325
2025-02-06,275091.4529178804,281279.2111225082,229895.8002063631,272602.7828504102,274498.708018476,233041.46931657539,281382.7480660076,5637840.741192351,212785.8563941457,353292.06594680966
2025-02-07,273870.82189966843,279568.82927455177,228792.68483875133,270945.4084960881,273298.0000896727,231778.7894899786,279921.1486392144,5682874.00542465,212180.46876579107,350058.20210403623
2025-02-10,274556.788314947,281039.7989485727,229356.89664886653,272186.8697201038,273716.69192111125,232504.80886569852,280192.19591230346,5838438.698854652,212514.16135015246,352435.5261041583
2025-02-11,275615.907267127,281809.56276829855,230016.49730556674,273178.7979318976,274908.474476545,233184.4030968396,281451.2729897484,5808944.499170602,212929.24261091906,352703.56783877744
2025-02-12,275456.23122271465,281256.27180592704,229975.93939657923,272767.41959924786,274885.85813729663,233141.83105270233,281643.36798507924,5740157.274267215,212928.50072098375,351567.3385639972
2025-02-13,276879.780383759,282332.3058534454,231251.66735929003,274144.09081412654,276413.7967465564,234431.67463744036,283403.4229609706,5913389.205252258,213493.67597294145,355279.01121548645
2025-02-14,276421.0505446028,282236.9051651335,231166.1489400544,273748.6111992868,275794.8065068432,234236.8856339503,282726.9187904183,6059210.26468907,213296.3953753577,355261.5396692218
2025-02-18,277350.29838397744,283112.2413430373,231668.11249687633,274446.2623607815,276570.8699635468,234761.47924000252,283560.7223032046,6083628.408273923,213621.57889818883,356304.55119095027
2025-02-19,277941.9414122656,283768.39242916025,232099.47744575533,274988.75819053914,277178.5964258084,235168.3981636359,284249.9958885062,6077761.630401646,213915.65774939963,357143.5833143634
2025-02-20,272614.6260107846,279892.5149487763,230001.16888672207,270835.3284198445,271660.4573636663,231399.68470312812,278394.8480396125,6104618.651685433,211883.0778784928,355657.7784223956
2025-02-21,271329.870039778,278840.7620246402,229510.7975071844,269785.479898741,270202.25671473076,230352.24751090817,277068.410955578,5868394.059671734,211436.35000568852,349574.5694465655
2025-02-24,271008.2902001942,278438.95535490144,228929.1402457306,269521.3795734082,269982.5900224629,229669.78231472507,276767.3298002263,5694036.7275257455,211181.11961121706,347983.8629310626
2025-02-25,272728.56758691504,280086.4434602942,230056.4362315014,271459.23013937345,271830.9994337735,230730.46003855136,278698.8409978395,5545761.893671881,211663.94413752627,346253.27552652155
2025-02-26,271470.1899655435,278886.6042580368,229424.58051496177,270106.5271211284,270487.4536383617,230136.31196309516,277282.4081852345,5736543.590380662,211268.60765150332,346428.09950808896
2025-02-27,270443.7434254506,277817.98374035454,228565.65357201034,269269.238836285,269481.8043186312,229200.1066156074,276494.946812439,5275009.885852028,210914.5615661243,340898.40937478817
2025-02-28,272667.6041418767,280134.82235899044,230280.35189987998,271406.0578613958,271634.2575488429,230952.89945299542,278691.19981390366,5478048.649658158,211842.1054050876,346218.3324339923
2025-03-03,273278.0840626248,279438.67709865124,230244.7945038416,271893.12705895037,271940.5012359341,230929.0857795359,279273.686310426,5027904.555603472,211789.93452747737,340152.5588314532
2025-03-04,270087.19470105047,276526.0427688611,228008.87291991548,268768.4235053501,268985.0540866365,228403.02799050446,276072.24385395006,5099938.441708417,210351.849136432,336126.2536553058
2025-03-05,270189.3610723151,276826.11901548295,228169.21188661928,268892.9352277854,269138.9421931738,228614.4743748246,276185.4118782255,5155133.512666252,210473.86535922863,339738.84853201476
2025-03-06,269054.04858808307,274931.3082742532,227252.23203767784,267652.29995848594,267979.8006614954,227637.72312102234,275014.3529729713,4873002.338329253,209670.92256156245,333708.1265409259
2025-03-07,269940.59829868894,275633.1752376255,227557.33821845456,268523.7812380988,268673.1668361874,227663.64631224112,275876.42231855076,4959437.961716324,209997.20545624552,335578.52248855773
2025-03-10,268679.2418690447,275012.1561191541,226094.1791072092,267155.08228742995,267332.71819373954,226210.41601832397,274682.9738162848,4718985.292600865,209734.40474232135,326640.18070388975
2025-03-11,267411.6000818483,272810.5095820084,225348.75772932457,265813.12087592075,266133.4353433747,225437.6970067617,273291.98316647083,4788489.2652398385,208931.17037173803,323924.85643814265
2025-03-12,266988.16383479943,270991.7569082702,225161.0963035103,265062.5184608094,265817.28998441406,225358.18079264136,272553.2833461399,5073584.641089251,208319.92293252295,325643.8323181475
2025-03-13,266495.12714511546,270643.87621500355,224760.63986712476,264589.81056399504,265324.3034190154,224993.48035811362,272096.54512144567,5065063.635356948,208151.62111535907,321302.8222713946
2025-03-14,268860.1547852697,272343.39263360813,226618.23560017464,266726.30720893625,267727.1407011091,226853.9721823743,274261.3857598915,5321742.183173581,208849.28982846485,327939.5862627276
2025-03-17,267712.5334815262,271420.78025809966,225744.9018548433,265421.14423613116,266570.8301668619,225871.45629309962,272827.82370120543,5234179.89147916,208786.13050366924,330468.4388493975
2025-03-18,266158.4898338775,270030.47475505504,224989.97354747105,263807.2685375252,264865.9453437834,224730.70906008943,271241.68304563884,5062269.712558482,208399.1620505595,326896.5747409991
2025-03-19,266328.40121208667,270380.57379967713,224795.13063228084,263987.4245231204,265102.20553158404,224739.1712357893,271236.5474691509,5150666.202597248,208559.28657829235,330456.7911518878
2025-03-20,266917.606267115,270823.52244964434,225247.15084025954,264582.73528906476,265708.74534520187,225235.54239051923,271905.72479438706,5192635.951723313,208659.64527572124,329501.1373614825
2025-03-21,266907.61151165445,270937.55357940553,225319.34896965176,264501.81561667443,265673.2645220286,225203.89671515152,271816.5455070996,5159623.907616327,208804.51695268505,329609.9094931964
2025-03-24,267458.81648972776,271854.845844655,225118.27937657275,265076.5010924626,266217.51466912933,225311.5415435328,272016.33396006713,5316357.546314486,209245.33408380143,335512.687676546
2025-03-25,265484.8849556096,269823.2698357906,223294.87594128953,263247.01052267157,264122.31468834647,223525.00255072652,269899.9415257958,5283494.415681344,208460.61058334823,336319.20029666316
2025-03-26,265878.2707292953,269987.9443309343,224015.9016992051,263341.46993152925,264668.3356601975,223990.6557264317,270430.35530386504,4998231.053698114,208585.64796278244,332304.18108828913
2025-03-27,266164.2001850497,270312.87302426976,224509.82454042183,263550.28321525984,265010.7244154791,224400.17273939494,270840.00336232636,4901546.807096954,208707.18400425965,331421.6328775958
2025-03-28,265938.29827245284,270007.1722722454,224684.45469465977,263329.09929974703,264840.8314767729,224484.45701685123,270844.6694454648,4826595.283292329,208517.74762700745,324747.35751260555
2025-03-31,267337.86233802175,271723.06001962436,226033.83536977755,264549.30347583955,266013.31711314025,225745.90526485132,272165.28154943266,4777458.62123723,209182.12760599045,326927.321768587
2025-04-01,263960.5911927329,269162.53685161244,222793.41577313337,260606.583300569,262292.4151408222,222899.37350450136,268237.1278064087,4847757.318852885,207000.7960716383,327850.7092665118
2025-04-02,264556.4474972837,269864.04287406674,223336.49464875436,261256.35137822438,262755.67797910294,223411.4439051416,268777.0937350439,4860752.926869405,207473.44541951735,329925.482515169
2025-04-03,264978.7962938229,268737.22325183597,224045.3124710261,262203.14692149404,264286.72313125536,223970.89778168182,269982.35857417213,4497241.000879291,207495.3399391325,313666.4904996661
2025-04-04,255763.9880021004,259919.1864108894,216835.91647974792,253349.9232138046,254918.3247227124,217047.40439923355,260904.90974722817,4169633.6635678685,204279.42761095258,295303.53364578425
2025-04-07,255625.7080409504,260110.24931284264,216471.01593084223,252437.04124915105,254703.10683545243,216432.32655713958,260872.1471979905,4307342.561264814,203681.51058477705,294777.5062632159
2025-04-08,254802.80590326648,258974.5972848366,215944.24448307874,251572.53501872654,253896.51606115847,215618.38348153373,260015.82011121078,4250074.446196294,203454.30012422253,290160.4783411578
2025-04-09,262300.9876941099,267400.0081232645,221254.78384381993,258009.473145961,261045.76774976394,221046.09314699192,267648.7114171436,5014279.789128706,205086.0416581886,320632.9711456622
2025-04-10,260169.2760824302,265847.1019760651,219715.85571841028,256168.22244012402,259010.85179987294,219971.45086008272,265544.2758973112,4730776.759509262,204671.78428435896,306583.1349758624
2025-04-11,262103.8041094874,268052.07552513795,221172.8126656989,257360.1027210583,260796.0345307171,221187.4389441271,267443.0308250912,4875516.272908357,205137.18224131697,312053.4290864581
2025-04-14,263404.8279603651,269157.5490637985,221707.1568210987,258488.61963040786,262072.2201593813,221928.16362874355,268731.14652961236,4869932.759328871,205515.73252997242,315080.7814227618
2025-04-15,263099.8246555309,268983.99478454795,221481.90626148856,258261.69419363086,261756.24945862536,221650.72432320067,268411.9681496724,4930071.348219655,205412.0643088489,314198.3055580157
2025-04-16,261092.94076319406,266899.35096551036,219978.99198801554,256271.91236449764,259792.04129385334,220171.31246291907,266398.03973361745,4605102.248044856,204647.7934015697,307214.28101980773
2025-04-17,262061.4562471683,267632.8815135887,220529.7046216031,257044.97643484958,260772.53908679425,220903.23929642016,267364.45437026897,4485203.190923985,205042.81141519276,307652.58894131647
2025-04-21,260860.5570985084,266317.23078168556,219661.95663090778,255866.8774886544,259589.3321271001,220085.37466537123,266235.76335386647,4291901.090187471,204559.1072040546,300329.6598131427
2025-04-22,262381.4042134892,268050.2149613722,220983.18648133567,257300.74031422814,261256.5622861464,221398.76446664365,267903.1090061173,4380901.518275988,205118.76850377195,308143.56471243466
2025-04-23,262206.1527164883,268621.6523432601,221069.47708254665,257140.74998689297,261200.86680554078,221367.3325460598,267798.58849770227,4541412.98482432,205149.75918563842,312918.3610589923
2025-04-24,262684.58186881366,269050.75629712554,221506.45051087643,257586.93388977865,261787.9945828327,221791.29994109267,268280.042921545,4696762.46157778,205191.60457847823,319504.9893088702
2025-04-25,262536.40328464244,269173.1133179474,221229.28444120963,257436.17423106165,261610.29450025497,221498.05647871568,268052.16592594306,4884922.599389998,205092.0777187744,321813.51231314265
2025-04-28,262653.2721610488,269075.13069019315,221327.1554423853,257551.49467755025,261689.81826664897,221612.4094484285,268160.881244003,4790795.820779359,205137.62594283294,321936.21103970514
2025-04-29,263306.34817976994,269695.9230806917,221705.44643512584,258148.0260868241,262327.1103087545,221994.95405847402,268726.60776284157,4805278.495324199,205419.53238440666,323964.2488064288
2025-04-30,263549.14321647317,269928.35733113106,221995.41798569998,258360.31965867794,262584.2104157399,222229.6775362718,269034.5645704161,4801913.129865094,205505.05921937828,324092.8075547198
2025-05-01,263436.8117353052,269619.7052579442,221914.81943201367,258339.31616330286,262440.3427767049,222221.85433007506,269061.8113944255,4913102.133063913,205436.342476363,326389.5743425616
2025-05-02,264727.01597761654,270909.7189050643,222870.18460395024,259543.48941664273,263719.78911873593,223163.78494921318,270328.95814337616,5037730.117140789,205936.6984517376,331234.5824309405
2025-05-05,264411.6340842763,270481.70312282926,222736.02589717595,259248.8679807353,263404.7522105853,222989.6975859208,270130.53165556974,5008843.782191035,205803.33139546472,329335.1757584552
2025-05-06,264145.81857216964,270224.7758473346,222388.36092617534,258930.08508428675,263095.85488705436,222659.8324694959,269729.2171963178,4995467.009368209,205653.0280686947,326582.52098391904
2025-05-07,265589.68127191614,271840.67509726086,223695.67788192496,260475.93165035514,264640.7354140136,223937.51816615742,271163.19304804725,5143012.670591659,206151.17743124353,327955.9364468097
2025-05-08,265347.44835990196,271507.75429745065,223136.2678774604,260090.10472668117,264276.2887980451,223494.0429334747,270715.400786436,5156912.1533446405,206123.8667525799,330241.0555371417
2025-05-09,265574.3555776946,271758.15116210433,222798.5205660859,260099.9131686497,264383.4206639726,223342.01350078228,270573.976213043,5128109.196456165,206107.40705548745,329820.21916189755
2025-05-12,266186.6029085733,272163.6616911146,223394.6093817831,260709.1721809323,264915.06775743107,223835.4300436609,271374.4656705419,5393370.126500102,206497.39334861946,340719.96809585753
2025-05-13,266933.31685703277,272406.68833946815,222594.60078402096,261185.17889691176,265285.95894062734,223005.31019807718,271689.53947464295,5681700.930348515,206615.68064963032,342970.1079206866
2025-05-14,267956.93872947537,273497.4681753126,222735.76736395812,262094.6746002961,266157.3227418697,222899.2615271587,272536.9522161547,5907157.561070674,207046.74049796403,343408.4158421954
2025-05-15,269959.95349319646,275330.43995102437,224677.09222676442,264068.1591595463,268282.4710769105,225130.4113795772,274611.01527382707,5889555.635297808,207813.18240866123,345085.7204565753
2025-05-16,271568.2838836587,276994.1860398459,226008.96317375987,265530.118906283,269913.96386536007,226557.0843470857,276224.5595510617,5915679.6894028885,208462.71136099583,347271.50856131164
2025-05-19,270994.0883290408,276632.17619755736,225937.0738596074,265056.5346158615,269395.05837313045,226417.5617212186,275827.5240880599,5920651.313179364,208232.1435498401,347651.3609574298
2025-05-20,271369.41996652057,276955.53208456107,226150.4615629431,265503.4013032284,269847.9784221862,226776.70411067462,276128.33547815104,5872288.6347286925,208355.95025879703,346482.5036604327
2025-05-21,268309.9080727487,274037.76485698164,223903.1541442137,262787.16334244946,266889.1313417161,224706.46841591963,273057.02462409483,5759396.724730227,207119.7013321346,340644.0048512286
2025-05-22,265657.34886022937,271843.9823927232,221749.4105263277,260304.9264514782,264251.8336711167,222831.09021848734,270518.0355205502,5796811.304786187,206311.74815987813,340778.4959671954
2025-05-23,266070.06592432543,272027.36947889416,222126.7310730284,260653.8372092216,264692.23642487003,223192.44118534744,270895.3962662377,5734310.108805003,206436.86584128835,338452.35672476375
2025-05-27,268431.88076268864,274577.45389742055,223793.02860420075,262808.2859782865,266998.5498898309,224896.1145969298,273285.3108569631,5912305.901658878,207515.76480919606,345488.97676663386
2025-05-28,267342.84530435444,273518.2610980662,222941.11924511744,261774.75080210235,265887.0034205523,224052.42149274694,272216.1426219864,5881659.43753491,207000.77817657177,343490.2029355792
2025-05-29,269823.94939336274,275943.4731770845,224666.23457202013,264006.02791683277,268388.5186322497,225794.53632010962,274718.09359618387,6065278.67093222,207720.8257940858,344846.1106792315
2025-05-30,270149.20497287816,276526.3870667629,225289.1349545464,264498.4182192084,268609.246163532,226433.19042565097,274960.97148686065,5900458.826712698,208215.97958734754,344460.36208841123
2025-06-02,271344.93692708143,277708.0440768078,226074.3766615829,265576.85048091953,269817.83154131786,227241.07364002924,276107.6094313532,5994913.453096287,208770.35192867822,346400.7165670489
2025-06-03,272786.2999036576,279017.8032959906,226913.093794381,266741.60533055046,271299.482871518,228145.1936879675,277546.5106939773,6155290.428739836,209235.57919331675,348376.1226571368
2025-06-04,272046.1765814054,278198.0633453115,226215.64850218158,266010.9520858476,270592.3273210956,227469.7990465899,276892.70692398876,6181493.663013804,208679.23670846602,348282.57934732235
2025-06-05,272078.6730302906,278138.66848447605,226408.42690152675,265980.93614414264,270668.2248782181,227439.9592878955,276839.46235779155,6101140.514580495,208247.31293723185,346599.37853824033
2025-06-06,273040.0735001306,279021.4261086825,227089.82245757114,266805.8213248326,271627.3950727984,228055.7975944422,277779.5496021207,6174956.155374266,208807.7172759411,350158.65445181454
2025-06-09,273187.8238265665,279144.7860682876,227145.07225160938,266920.21316089365,271767.8241501708,228128.79249223275,277944.5290527999,6212839.835802185,208940.46916113095,350474.1913008136
2025-06-10,274253.7044018287,280182.9618636563,227944.87781231495,267883.87979031075,272832.9464933005,228877.10230001673,278979.6671951289,6269792.342708632,209412.1379404568,352461.31743435847
2025-06-11,273290.5358563718,279108.52026603464,227184.2205631764,266985.97099180584,272004.2268450345,227865.8982891334,278221.9067050852,6221808.447233808,208797.04157165054,351456.034324129
2025-06-12,274312.99158319377,280096.3832172173,227714.9441373956,267924.44554043974,273068.43013358593,228420.59112730654,279433.1057752088,6312044.764386435,209053.29038569622,352852.8898739337
2025-06-13,273553.18799499515,279396.0991337413,227330.67031161854,267266.38865801727,272276.61388340173,227751.42850243248,278706.60044533527,6185895.236802177,208576.28144490643,348907.90154251276
2025-06-16,273981.7359302479,279666.5770074823,227549.2943363642,267615.8317287575,272854.05652225966,228100.93430786656,279174.06223000947,6299223.813695255,208934.13820031338,352227.53150576964
2025-06-17,272133.016688607,277762.97345455457,226214.97446976058,265865.88116573193,271102.79303719965,226876.15354980528,277283.0878696946,6272611.240462668,208152.1948998068,349217.6868887042
2025-06-18,272971.4651776425,278404.57433726144,226756.99703013207,266879.4012025821,271729.9177122562,227560.83208789676,278134.011405015,6330825.362935863,208543.82545104364,349165.09138504206
2025-06-20,273874.26267822675,278506.2619945164,227539.20300124935,267631.18121979776,272551.70361588476,228362.5429549688,278988.3215646014,6264386.522376587,208624.02909023126,348345.0500727862
2025-06-23,276442.9350987133,280662.53766445036,229676.8927938855,269892.24812981137,275173.08763139107,230516.10547624007,281599.585668641,6280136.008037378,209457.26213651118,351785.7871517657
2025-06-24,277987.00934555515,282734.2924613496,230709.60152720584,271492.96227735165,276691.3560619917,231606.45104853896,283183.58841223625,6436836.029803675,210178.51438417583,355672.10291995417
2025-06-25,278428.1520100932,282719.9726989406,230740.73001521762,271712.5911472909,277272.00831760745,231639.72319829525,283731.35825586715,6701765.57617029,210694.42529600958,355871.3798316974
2025-06-26,278108.1428157056,282288.8619603816,230264.4202780795,271117.2025441727,277048.6910832754,231137.75705796722,283392.26499844436,6732670.950674545,210968.03115049412,358655.6136122149
2025-06-27,279859.7171027648,284064.60532009345,231657.71590505308,272934.9916650433,278767.5219943662,232556.19739808823,285181.1538542899,6846075.056610615,211472.69975283332,360437.60281228815
2025-06-30,279984.38991719607,284132.26085172896,231614.58522955235,273240.044648056,278943.3250529272,232703.05204879894,285371.83598364744,6856283.482039872,211620.42501863607,362160.8832761554
2025-07-01,282095.8219679083,286622.6204673253,233575.93074260786,275068.2332956262,280853.82890117087,234420.19106712798,287199.62114407483,6667113.300945085,212826.38143287407,362043.7190145587
2025-07-02,281844.8305961563,286197.0655862766,233077.28029641593,274693.7371585684,280709.1144167633,234070.8328247235,286952.9414634313,6830658.604342739,212963.46694503207,363684.9591742267
2025-07-03,284248.77517128165,288627.9533926869,234779.8728134699,276946.98302112473,283200.6166314539,235923.01462338882,289410.66645842476,6921111.127027124,214092.75625476486,366551.26943191706
2025-07-07,284574.63022987806,289079.3761135993,235108.14221285662,277325.7227489625,283377.7225088496,236200.2832606032,289600.93492250756,6875356.3274868755,213974.08390571852,363819.7396739825
2025-07-08,280243.1852895712,284530.87933329155,231942.52575123892,273093.2009294059,278929.43457734725,232730.34264604788,285213.025772535,6940221.770861723,212199.16344055894,363620.46276223933
2025-07-09,281574.79331425694,285666.08797391324,232585.90311681066,274353.2209454364,280549.91727942857,233667.0173281421,286668.6994987519,7060681.34195041,212879.05583404022,365800.9696128253
2025-07-10,282903.5320490787,285872.41033313796,233728.24349066854,275222.5412433822,282480.1202667032,233642.34345672614,288065.9067152441,7113015.206278325,213295.2885072061,366832.65899380675
2025-07-11,282362.2985457563,285129.9845584952,233196.27907439764,274623.7413800822,282040.5251038094,233117.67776589614,287567.1605581064,7145561.113201283,213026.43198208328,365543.05631082336
2025-07-14,283125.6301531539,286401.212758413,233810.98643822764,275440.94346504385,282455.1297097044,234068.89702362736,288194.85902392433,7112951.747347025,213381.94744891295,366240.57976138487
2025-07-15,283597.67797285743,286336.03883104323,233631.69105800815,275639.60546340543,283254.30332110415,234125.7780769202,288848.40050321555,7385433.53022,213417.8214506738,364675.55605716124
2025-07-16,285334.1942846413,289336.9519251764,236073.3244042793,278617.7517303033,285206.46136902546,235341.52031679134,290662.7381990285,7415187.924922259,214979.8519047207,365894.76613345515
2025-07-17,286843.54189356684,290078.2027434385,236584.4655868464,279442.9914160511,286785.6652207547,236233.99696290045,292204.7079349148,7484314.79697673,215153.2683012188,368133.9093742999
2025-07-18,287386.9178294106,290609.8700251962,237049.3865853281,280076.42610795447,287479.29572353465,236654.79144904707,292771.8914972755,7461383.842894863,215367.17393071635,367864.2760288409
2025-07-21,287482.5086544786,290925.4347595236,237413.15554315955,280309.65194268804,287570.0941942469,236959.53439122756,292863.9644826998,7419528.52675842,215480.7747159466,368561.7994794024
2025-07-22,287423.95469032484,291565.4569989246,238209.753748465,281105.3645827799,287884.56794762984,237318.16347419837,292869.23399666074,7242045.72343426,215809.85969125407,368614.5396749591
2025-07-23,288019.2531350228,292031.90852946497,238333.8525726709,281473.54481815186,288221.0151591665,237408.25842786272,293119.64376301586,7395094.69146481,215612.27133309416,371750.59179702937
2025-07-24,288400.60063470074,292537.4087451555,238789.7681091447,281871.62729093776,288535.48827207147,237854.97936518,293477.6863665553,7517624.912159142,215897.29171879284,371873.6160803546
2025-07-25,288939.9504430951,293066.22348024574,239268.04203982712,282407.3234682795,289027.847023181,238344.9536433965,294002.97021218104,7508880.577440357,216110.9995068963,373444.572152254
2025-07-28,288461.6507985178,292693.4403032291,238991.23247998543,281897.3980757797,288428.0743661843,238119.66567992457,293463.08932102966,7642375.792621057,216013.5735775308,373350.73945865047
2025-07-29,288972.81129752897,293251.6993382474,239496.80653931986,282512.9726248227,289034.05162970733,238567.8003729993,294093.01724819647,7592207.649191859,216341.63033295225,372366.03877041803
2025-07-30,288695.20924083295,293007.8949452972,239269.27050937928,282231.08386093413,289000.2931960343,238515.11021170122,294027.6315800986,7747193.990504524,216261.68135663052,371897.05616726866
2025-07-31,287435.7412574154,291837.48510771093,238336.7032766405,281087.1118196401,287593.6205490359,237598.1017335332,292670.9573678919,7687533.246312498,215872.1178062842,370502.0092661456
2025-08-01,286996.30591322365,290968.8840984525,237744.14632571413,280486.2211097573,286748.56353861594,236815.34462308735,291833.69573221554,7513218.730333869,215529.03716513427,364429.32662564266
2025-08-04,290352.4298341841,294279.9535246849,240177.28608466816,283639.34787322424,290188.0056090351,239396.2924032497,295195.39436031686,7777345.18645634,216887.26428402163,369968.5664239825
2025-08-05,289635.533536815,293487.10430938913,239624.467270008,282897.06674846896,289372.0728312793,238728.57044996266,294388.4617274377,7704388.272016744,216604.7095927771,368092.8530492266
2025-08-06,290452.5699690444,295916.5851994621,239996.9928695687,284862.4289269196,289865.32343175827,239624.70815823888,295221.91200767027,7755209.486165037,217487.13752249564,370912.3193060626
2025-08-07,290324.3753460447,295145.5412277506,239046.07879706976,285251.03646035347,289999.9594437681,239064.59228430985,294904.2857441633,7811256.372437277,217706.1418711773,370601.665808504
2025-08-08,291702.4797446191,296535.8737502432,240142.60438100126,286577.07060922007,291315.846878956,240173.77870999026,296279.3123514767,7892760.355974686,218161.28073120996,373491.41615310847
2025-08-11,292104.4602175882,297030.06867829815,240491.04969731453,286900.0074353439,291713.68776360597,240478.66897841552,296681.3300617268,7866941.480722536,218264.840874876,372752.8363774737
2025-08-12,292452.06857185304,297682.6967306561,241351.99445800125,286819.9563987785,291906.51451579196,241036.61824459807,297168.30460383184,7912782.368249842,218260.19478661002,376721.2286228351
2025-08-13,290544.93323613494,295252.31233632646,240149.78058350683,284607.3624555938,289992.7528369407,239426.80109430282,295137.8614866379,7845384.907676408,217490.29696970744,378010.7589598712
2025-08-14,292046.2910014168,296719.60274585045,241196.43722334722,286073.2814854275,291582.2625491846,240648.18329275175,296633.9068963426,7864642.183613457,217820.65968967968,378045.9190902423
2025-08-15,291252.8630385114,296240.31012993277,240816.38375391564,285378.07422742865,290725.9066073926,239884.06544234641,295653.8846231965,7801153.391169221,217956.00924920576,377160.802598421
2025-08-18,292189.1399340765,297200.09965067066,241511.9096410779,286234.3564247278,291651.8821279458,240552.50629890416,296633.1086838773,7866993.066635742,218356.5802315559,377078.72612124815
2025-08-19,291727.82712941495,296589.38529149664,240987.2174350478,285569.43412731413,291334.2507330318,240306.63784465846,296171.93302833545,7604570.915401918,218090.65939623333,375033.0359433917
2025-08-20,292760.1731509069,297697.3868624234,241819.49946441996,286532.60395790316,292298.3582774789,241058.70184955565,297052.7206362847,7596353.428126343,218470.27247042023,374036.542865755
2025-08-21,289290.69215534104,294158.7646786359,239119.6909423421,283287.7211977533,288910.54945926345,238445.28922871297,293780.2243309142,7574597.2923659505,217406.95462863785,372535.979400545
2025-08-22,289483.66559599707,294597.5315522765,239443.1109207213,283531.0106501871,288959.74065626314,238745.5088269658,293842.2733854074,7700623.232108189,217740.78350216232,378256.91604544246
2025-08-25,288211.32283400546,293397.5887058042,238672.05045271423,282339.5871538506,287592.5320649989,237955.6203030563,292520.6644519684,7773536.225282849,217294.6910655084,376592.23579886043
2025-08-26,288325.0939906873,293781.6759685675,238998.680404321,282498.61645977804,287517.84078810585,238236.78013211506,292434.2374318758,7855608.89469407,217452.4724034555,378169.01571951475
2025-08-27,288099.0666542576,293349.09135016904,238487.35373203162,282375.9198460468,287558.6760652793,237717.444530631,292390.0987003924,7848042.711543873,217329.9210059985,379030.69212442194
2025-08-28,287112.3949401051,292368.64977758034,237541.2456499207,281632.82077121065,286826.6169133564,236811.90592988837,291532.6235393607,7788060.873414303,216895.7044477847,380372.99882998836
2025-08-29,287434.5839456644,292447.8853583557,237699.34505787486,281690.5324659619,287287.66246234457,237024.94969698467,291881.9915451163,7541362.778004133,216674.56381612728,378104.5554805011
2025-09-02,287330.1825065389,292476.30021854735,237785.0024890644,281371.15227670496,287115.8196022847,237181.5746970986,291720.03148572403,7401431.045098957,216561.2880006503,375302.6692888507
2025-09-03,287135.2302936021,292347.21927929524,237406.28052446572,281312.58987836627,287059.8052980953,236849.80639129985,291553.5721663905,7395063.884170263,216571.53511318268,377336.67559622374
2025-09-04,287809.086907683,293303.92064424575,237679.1617506557,282041.6402450274,287767.8141885964,237253.86121336865,292260.93768534565,7440693.368279341,217220.001256407,380490.1992645587
2025-09-05,286638.4127066497,291409.36705732986,236921.3219104112,280791.42180661566,286721.35213370144,236397.6512879679,290963.06071560085,7244121.5925723035,216011.28294274048,379388.1896228351
2025-09-08,285807.78599065926,290936.76879277016,236177.89085002858,280065.89864691603,285961.3533358295,235749.9295662002,290183.18872069835,7297220.321647762,215893.11027097917,380320.25863443175
2025-09-09,285481.62580330065,291246.5180827929,236042.09574159066,279805.8601707362,285441.42422810016,235538.89052498774,289943.5053340825,7400778.618340506,216211.71337728333,381199.5151045245
2025-09-10,284792.9629039682,291250.505403873,236011.8538723941,279390.41624430986,284682.07775393466,235372.43219902174,289543.7553445445,7672991.2539105825,216571.19027315982,382301.4524003009
2025-09-11,287987.8490503359,293916.2840187679,238119.7055297979,282079.2809009748,287989.5314881515,237523.37341620363,292519.95021730446,7671837.280866768,217909.90557182312,385478.48850149714
2025-09-12,288509.59282365406,294478.6820376624,238455.7425399477,282650.6685240482,288485.36114454083,237895.79500269014,293080.0292554169,7700254.382496845,218205.50306347047,385349.4595045489
2025-09-15,288041.6997468987,294074.57338469115,238041.20265746754,282268.7511292164,287998.53123265307,237529.54845832003,292646.9932671261,7698072.462688568,218226.2537210167,387401.04587710754
2025-09-16,285388.0427878097,291324.21227178286,235700.22973202248,279670.1457069772,285383.0035717769,235372.71314261976,289951.75222849735,7577232.944016472,217342.88893097916,386867.6753808917
2025-09-17,286187.4860053402,291228.2170489883,236169.75308613005,280208.7189968609,286310.1028751819,235789.77867263267,290734.91234265623,7389681.436765861,217551.52490892145,386387.00890725886
2025-09-18,284450.386021515,290692.1298604158,234868.9442151838,278994.4815388862,284198.77354187414,234510.3245842739,289053.83808903437,7635789.948543115,217480.01330312004,388192.4020212726
2025-09-19,286433.5559303749,292606.0919639964,236375.11440693765,280638.86757324415,286278.5043341177,236074.24901434948,291028.94800762937,7653978.844341328,217924.78414105493,390115.0679158038
2025-09-22,285908.2638725947,293558.2884058809,236364.51376040178,280429.39742361987,285272.08549491066,235901.2626265012,290507.36719508324,7941493.430526104,218163.36193686942,391960.7577224444
2025-09-23,287475.6879675298,294180.34255710687,237503.1857752419,281491.57449989615,287123.123530467,237038.06127431072,292053.49056568753,7727471.117685179,218272.83991786308,389827.094872713
2025-09-24,287980.64417075797,294980.7814142322,237544.64098294132,282362.01051833306,287638.96138307947,237092.44237777832,292453.6014943245,7669019.736200335,218639.11231293343,388586.7959527911
2025-09-25,289221.97022242984,296343.0213205597,238465.1987651269,283618.98787866905,288880.2890597662,237953.37127956175,293641.55755945726,7700202.284066201,219137.93374361887,386794.0633795489
2025-09-26,291594.49156342156,298756.1673425188,240085.69870633018,286018.2918627834,291272.5196058508,239596.76955922646,295945.20117737097,7723821.228900129,220054.5617986596,389010.0559172686
2025-09-29,293359.3046497542,300452.8368105056,241525.88750945442,287594.01611164206,292979.00054305524,240917.80222951566,297662.2882785266,7875985.855431009,220651.3014521546,390103.3116993731
2025-09-30,295384.9068321717,302221.03345572075,243359.46123141982,289336.8108787901,294910.60853417247,242638.00088012713,299718.104051522,8071966.927989976,221426.27025298087,391572.76640725887
2025-10-01,296118.95283039554,303795.4359577925,244217.82361415174,290558.63438697933,295480.62420835736,243140.1210929978,300723.9613968668,8099643.766447981,221784.35711811477,392907.0427126788
2025-10-02,296044.8655130452,303518.926080785,243984.15770273315,290273.77456956415,295506.7187568901,243122.56008015753,300725.3571542845,8165878.150741314,221524.35605248748,393359.6027857989
2025-10-03,297266.09206534305,305635.30953120365,245452.63684019525,291914.8022999965,296493.89794363733,244006.1007932797,301891.30035666586,8117229.322338885,222485.81874938076,393353.77893704403
2025-10-06,296817.4421086477,306003.6689553251,245665.69578189,292083.3530986339,295794.5703694899,243701.48897660797,301603.9113207213,8033839.745497177,222901.0587852046,394764.45256277645
2025-10-07,296799.7776782698,306518.6018135858,245963.48641537916,292333.4809013094,295659.0357005979,243718.69939656876,301684.55859164236,8014239.9054819,223238.99586669874,393300.8578766192
2025-10-08,296640.5703131598,306476.9144762981,245956.1125089196,292374.8441445609,295641.4688300876,243983.9983886034,301869.6250281357,8181917.5690742945,223333.69675405146,395646.1326221026
2025-10-09,298239.994716735,308365.436926145,247410.22497638687,293999.6697747562,297297.77577100025,245418.58743598493,303539.66600001615,8324884.729604349,223465.1216489024,394499.95577957336
2025-10-10,293939.0117552418,303596.0967313539,243618.4783836649,289581.9785456968,292532.3871256141,241570.3297086517,299031.186800521,7932877.493876896,222349.97038795648,383837.465379671
2025-10-13,298485.32044468133,308314.4125348085,247192.50262296255,293970.92885281716,297268.80661476834,244998.45183530246,303475.89461093966,8150807.042729036,223652.47301800258,389727.1127735919
2025-10-14,294345.0853719312,303671.4926852788,243503.54609386605,289739.0712997889,292721.66002959525,241347.74681937168,299211.1820211883,7809721.378197245,224237.35770464657,389251.0040946368
2025-10-15,296766.9489506572,306405.6798480643,244977.14475649185,292857.6152337484,295873.2544970314,243047.82688426893,301936.11684345454,7805785.542084655,225389.28483893024,390979.09556399717
2025-10-16,294957.67433038785,304653.62454972096,243764.85684073865,290026.73748333124,293488.18167047406,241608.2249682441,299898.61419904564,7881995.869066449,224372.20138851978,388316.40297488583
2025-10-17,294564.84520235413,304215.6785005165,243691.1972349476,289251.84613115183,292816.80616800534,241407.71800888656,299374.22225378826,7940804.539037984,224626.05630236407,390520.6392961749
2025-10-20,295702.7048779634,305282.797065792,244573.64549279184,290920.2157325406,294214.57615505485,242382.0620271428,300601.6686295851,7918641.616672848,224923.0289050145,394582.249294588
2025-10-21,293434.67523036513,303015.9962537736,242895.41271779718,288245.9128489237,291704.85465135414,240623.99605401844,298258.0919064031,7853128.282592409,223900.80553672457,394576.35309988586
2025-10-22,293331.2226648816,302182.5267478187,242350.5923847026,288442.02507885464,292017.29587659205,240207.8066696915,298382.77009764744,7815330.688755754,223822.88794014137,392524.98376516905
2025-10-23,293874.1111021401,303221.4617446273,243158.50122922676,288901.28947178146,292199.40811421414,240815.26376151427,298656.7335805664,7893401.80995774,223909.83913823863,394852.6422724933
2025-10-24,294517.8561010577,305365.036023751,244818.89418658605,289288.8836122517,291773.6067111086,241915.9056928826,298531.77583498677,8065726.710265194,224234.72998674097,398079.5970773028
2025-10-27,296941.98009329947,308901.5826116972,247432.68298976318,291407.978669183,293479.54628145066,244172.17281265426,300440.21161788946,8283994.258657746,224733.58047344218,402776.00658999814
2025-10-28,297423.1374653256,310981.43468156556,249920.27795909886,292355.49312458315,292114.62739764655,245170.9010550854,299251.5977737328,8675086.50790451,224264.69944449014,403845.78611221496
2025-10-29,298414.4634553084,312905.106296588,251555.54890095713,293499.8013290484,292286.40311045735,246176.9590262604,299532.23984639253,8921500.267192055,224198.48767920228,404039.7817698077
2025-10-30,297966.63263518584,312603.2757807296,251390.57496536616,292992.665020387,291517.40534295526,246169.81629959983,298915.58047134476,8751681.404646624,224549.2219675026,399596.1128238849
2025-10-31,297666.306651996,312289.16349648417,251067.9479632944,292746.8633384194,291241.2259360255,245904.8248094778,298593.3811330337,8734656.756842531,224431.57046578827,400906.8043504962
2025-11-03,298445.1306679993,312984.1157343512,251448.41822506106,293592.66494907107,292332.50691178656,246129.49582032487,299513.65991427586,8915714.809452014,224276.18764306945,401659.2383750323
2025-11-04,296329.690496666,311011.48507585644,250105.17407662835,291473.16264286626,289900.8156513412,244882.85924911196,297285.79701311287,8577218.193910675,223990.70999453124,396898.15158548154
2025-11-05,295578.25345179567,310297.0795041771,249827.11663133377,290958.39441613114,289648.0356630172,244638.21329576586,296760.3054522111,8433715.268029528,223821.18758010876,398273.55656192196
2025-11-06,295189.7726910714,310444.9542290978,249538.94147784106,290721.81667161465,289441.60583321244,244165.2350604413,296566.87466109236,8139542.330789966,223863.5036649606,394000.3346677569
2025-11-07,296293.6771251288,311629.1013776348,251149.5121970963,292212.52674498013,291360.6452532721,245749.42895778368,297916.4118411837,8145375.783417498,224381.78246315318,394388.2536369952
2025-11-10,299530.5222866958,314762.5746197755,253263.49289290808,295022.088866705,294039.72466438793,247987.46086473978,300877.8993338274,8599004.426258478,225398.96821986476,400542.39781411923
2025-11-11,302198.1083979915,318936.02897048404,255211.9188787046,298013.60591084335,296813.21116470586,249448.12374220355,303775.44814931304,8357843.030132861,226582.16675369046,401459.3465227374
2025-11-12,303034.63927847904,319690.4422473995,255496.72274995333,298705.6136622042,297486.4814553791,250008.72659239508,304537.6741408618,8386680.594025946,226975.50343855022,401682.75080789364
2025-11-13,299424.2669327356,315960.3051410194,252974.61835331414,295406.1319123613,293966.08486816764,247215.74899583953,301131.6848743445,8092183.356327367,225500.1479707676,395017.22930252255
2025-11-14,299128.186588568,315522.84856635646,252903.72124139508,295120.13606374105,293596.68288908683,246924.81084489083,300785.8975371545,8226717.337936588,225317.4203211735,394952.5520256671
2025-11-17,301267.02476217574,317792.36303949705,254384.69232709944,297294.34543464036,295582.29753200395,248407.50886561483,303032.31143867725,8080709.832637243,226096.77917100108,391273.00097476377
2025-11-18,299088.842057964,315697.6703470315,252559.13990090258,295240.8965444729,293434.65587246296,246783.34597037983,300966.2609817238,7861002.347657295,225225.8281649113,387987.26508780086
2025-11-19,300607.9059729715,317459.62834495143,253326.40796421422,296335.65297901153,294860.7315396224,247900.40813823338,302508.17354642926,8075924.763018004,225702.72322873864,389486.1284232501
2025-11-20,303068.352220483,318788.4463309028,257258.25852072635,300045.75488518085,297529.42073884537,250363.70266364998,304767.3937911364,7836117.537383607,226903.4751837008,383549.4923365802
2025-11-21,302237.47631948435,318055.40857319767,255917.69790357273,298844.6030877006,296779.197556086,249540.89480906335,304005.9079619117,7761514.063664218,226472.87648979438,387370.1179846515
2025-11-24,303025.3287121641,319164.54639235354,255761.871980044,299345.46251732885,297733.0586823118,249907.04876133232,304889.9421562461,7913682.784203569,226698.38732826943,393071.5935697345
2025-11-25,306375.62147020793,321802.72139853553,259086.40101105068,302638.5900316823,300883.6317502633,252613.8446156006,307936.3606873746,7723618.948934494,227904.10632040125,396768.8332047442
2025-11-26,308788.02417614893,324356.01409323077,260984.51857061265,305054.4144632027,303122.2687924333,254364.44333399748,310309.708526925,7829391.465788502,228880.68784595066,399507.92311416805
2025-11-28,310785.530094952,325990.0930847194,262694.4570553984,307111.0065311482,305115.55641525524,256021.4386064202,312353.2908686009,7698552.199319334,229515.04584220465,401688.61082962214
2025-12-01,308684.7968649712,324398.344281914,261041.5354705301,305194.0905215772,302967.8029188602,254262.38889862463,310194.1510453465,7816487.529865171,228767.61484624134,399854.6772394122
2025-12-02,308684.9157090617,324566.3723442202,260969.26293494226,305217.8842991958,302952.6488956457,254160.2299261237,310162.905929973,7880508.74707965,228859.54061141086,400595.3550475177
2025-12-03,310111.8941747774,325652.7828744697,262241.2044977863,306379.05526171665,304365.220252449,255087.3193429437,311477.8660597165,7806979.115623171,229329.69113116508,401982.51624038874
2025-12-04,310107.81390021706,325852.9751050205,262351.3257083987,306684.1085623618,304410.6262317112,255202.37596270995,311681.43510853883,7964106.324013739,229000.227316567,402276.3854781817
2025-12-05,309578.24394642585,325338.5552924104,261976.15837460928,306202.81906746246,303874.6796758437,254780.4326337344,311166.92915650306,7923313.5641408935,228797.89458612876,403040.50337320124
2025-12-08,308203.94204373885,324366.90956123424,260618.5743865027,305273.9836464352,302523.33916906884,253909.33487641887,310021.15471593756,8049414.021895832,228109.32377674614,401829.68542679015
2025-12-09,304387.3262179602,321444.87346759014,257400.4064242282,302126.92917775916,298603.0739269613,250836.12295769335,306394.36679031467,8019009.359293732,227051.9870813497,401482.8589555987
2025-12-10,306032.8072167871,323475.64295729814,259115.1317759362,302728.1306792215,298691.40085867577,252208.86335755736,307619.5708424677,7975597.346922961,228095.57865251251,404145.5877176837
2025-12-11,307666.80579360254,324986.0901974605,260058.48271653993,303541.5028797287,299814.018246482,253350.6753543415,308997.1064881327,7863573.640107915,228845.26972656115,405086.01268618956
2025-12-12,307544.2008808808,324480.1698025484,260053.8640289397,302687.4350957846,299516.28722945496,253341.9430524733,308573.9233408866,7621417.125990326,228994.70563962878,400730.5334499835
2025-12-15,308449.7497964742,325476.8782934656,260784.61207549926,303412.3697564128,300212.0111427909,254076.2699809364,309396.5476243035,7675401.097161619,229395.30151724414,400125.0702173175
2025-12-16,306785.3408458821,323879.9416491023,259466.73529596865,302501.1192071975,299022.2519929168,252733.54424115788,308038.0460608726,7729911.10552468,228575.53350972687,399031.814435213
2025-12-17,304688.96309615986,321454.04754864244,257543.25617624642,299841.42656620994,296701.856038348,251143.1033096263,306075.50379242667,7448371.630475686,227983.0658288456,394641.0303767413
2025-12-18,304977.208533971,322111.0811686799,257937.56435799104,300568.5415133115,296897.5027431755,251342.4050125752,306248.50376984203,7579339.602436438,228017.63256306804,397621.0684635333
2025-12-19,306514.9921090596,323182.9537133619,258630.81063560344,302157.12833115703,298264.41412737715,251888.72253982857,307559.40483915264,7862573.394656542,228180.32579915354,401224.90948062314
2025-12-22,307920.6520183702,324827.1295675378,259759.55577582182,303699.3358996094,299566.5973915801,252830.05453246256,308824.806178186,7976138.051096605,228619.56524339944,403724.49813162413
2025-12-23,309095.2397119299,326028.1630460624,260533.31696683337,305159.8016792681,300567.01048880466,253353.60124994192,309770.52457566175,8203814.280058692,228788.61345434154,405569.6815166339
2025-12-24,309742.9358680019,326948.5461995169,261198.08485564752,305858.3391673193,301264.3948846705,254032.0513766525,310503.85672410316,8182157.4244714845,229287.03117169577,406996.343596712
2025-12-26,310094.539002597,327289.88973599824,261468.19920230942,306194.33690849855,301624.25117956114,254304.22836107732,310836.6637206309,8261148.626921635,229356.0674164315,406955.07023379696
2025-12-29,308947.39130537084,326539.095660308,260975.01720479055,305274.65834538866,300528.5149096752,253810.8311761749,309868.8922481086,8164227.4695137255,229074.97724073188,405504.8233749102
2025-12-30,308778.4372158993,326250.3109559141,260665.68682741473,305022.8373632647,300324.2728936419,253499.92632613675,309638.7845728974,8135494.30531996,228929.63040539023,405009.6515388507
